[2026-03-15 03:04:06] local.INFO: Leaderboard request: {"mode":"challenge","limit":"20"} 
[2026-03-18 03:22:36] local.INFO: Fetching questions WITHOUT year level filter {"category":"Science","difficulty":"Easy"} 
[2026-03-18 03:22:45] local.INFO: Questions found (all year levels) {"count":192} 
[2026-03-18 03:22:45] local.INFO: Difficulty setting applied {"difficulty":"Easy","num_questions":10} 
[2026-03-18 03:26:58] local.INFO: Fetching questions WITHOUT year level filter {"category":"Science","difficulty":"Easy"} 
[2026-03-18 03:26:58] local.INFO: Questions found (all year levels) {"count":192} 
[2026-03-18 03:26:58] local.INFO: Difficulty setting applied {"difficulty":"Easy","num_questions":10} 
[2026-03-18 03:27:06] local.INFO: Fetching questions WITHOUT year level filter {"category":"Science","difficulty":"Easy"} 
[2026-03-18 03:27:06] local.INFO: Questions found (all year levels) {"count":192} 
[2026-03-18 03:27:06] local.INFO: Difficulty setting applied {"difficulty":"Easy","num_questions":10} 
[2026-03-18 04:19:38] local.INFO: Fetching questions {"category":"Science","difficulty":"Difficult","year_level":"ALL"} 
[2026-03-18 04:19:38] local.INFO: Questions found {"count":1498} 
[2026-03-18 04:19:38] local.INFO: Difficulty setting applied {"difficulty":"Difficult","num_questions":10} 
[2026-03-18 04:20:23] local.INFO: Fetching questions {"category":"Science","difficulty":"Easy","year_level":"ALL"} 
[2026-03-18 04:20:24] local.INFO: Questions found {"count":192} 
[2026-03-18 04:20:24] local.INFO: Difficulty setting applied {"difficulty":"Easy","num_questions":10} 
[2026-03-18 04:20:28] local.INFO: Fetching questions {"category":"Science","difficulty":"Easy","year_level":"ALL"} 
[2026-03-18 04:20:28] local.INFO: Questions found {"count":192} 
[2026-03-18 04:20:28] local.INFO: Difficulty setting applied {"difficulty":"Easy","num_questions":10} 
[2026-03-19 03:00:29] local.INFO: Fetching questions {"category":"Math","difficulty":"Easy","year_level":"ALL"} 
[2026-03-19 03:00:31] local.INFO: Questions found {"count":1208} 
[2026-03-19 03:00:31] local.INFO: Difficulty setting applied {"difficulty":"Easy","num_questions":10} 
[2026-03-19 03:00:34] local.INFO: Fetching questions {"category":"Math","difficulty":"Easy","year_level":"ALL"} 
[2026-03-19 03:00:34] local.INFO: Questions found {"count":1208} 
[2026-03-19 03:00:34] local.INFO: Difficulty setting applied {"difficulty":"Easy","num_questions":10} 
[2026-03-19 03:13:28] local.INFO: Fetching questions {"category":"Science","difficulty":"Easy","year_level":"ALL"} 
[2026-03-19 03:13:28] local.INFO: Questions found {"count":192} 
[2026-03-19 03:13:28] local.INFO: Difficulty setting applied {"difficulty":"Easy","num_questions":10} 
[2026-03-19 03:13:34] local.INFO: Fetching questions {"category":"Science","difficulty":"Easy","year_level":"ALL"} 
[2026-03-19 03:13:34] local.INFO: Questions found {"count":192} 
[2026-03-19 03:13:34] local.INFO: Difficulty setting applied {"difficulty":"Easy","num_questions":10} 
[2026-03-21 09:44:47] local.INFO: Fetching questions {"category":"Science","difficulty":"Easy","year_level":"ALL"} 
[2026-03-21 09:44:48] local.INFO: Questions found {"count":192} 
[2026-03-21 09:44:48] local.INFO: Difficulty setting applied {"difficulty":"Easy","num_questions":10} 
[2026-03-21 09:56:17] local.INFO: Fetching questions {"category":"Science","difficulty":"Easy","year_level":"ALL"} 
[2026-03-21 09:56:17] local.INFO: Questions found {"count":192} 
[2026-03-21 09:56:17] local.INFO: Difficulty setting applied {"difficulty":"Easy","num_questions":10} 
[2026-03-21 09:56:45] local.INFO: Fetching questions {"category":"Science","difficulty":"Easy","year_level":"ALL"} 
[2026-03-21 09:56:45] local.INFO: Questions found {"count":192} 
[2026-03-21 09:56:45] local.INFO: Difficulty setting applied {"difficulty":"Easy","num_questions":10} 
[2026-03-21 11:28:29] local.INFO: Fetching questions {"category":"Math","difficulty":"Easy","year_level":"ALL"} 
[2026-03-21 11:28:32] local.INFO: Questions found {"count":1208} 
[2026-03-21 11:28:32] local.INFO: Difficulty setting applied {"difficulty":"Easy","num_questions":10} 
[2026-03-21 11:30:24] local.INFO: Fetching questions {"category":"Math","difficulty":"Easy","year_level":"ALL"} 
[2026-03-21 11:30:24] local.INFO: Questions found {"count":1208} 
[2026-03-21 11:30:24] local.INFO: Difficulty setting applied {"difficulty":"Easy","num_questions":10} 
[2026-03-21 12:23:57] local.INFO: Fetching questions {"category":"Science","difficulty":"Easy","year_level":"ALL"} 
[2026-03-21 12:23:58] local.INFO: Questions found {"count":192} 
[2026-03-21 12:23:58] local.INFO: Difficulty setting applied {"difficulty":"Easy","num_questions":10} 
[2026-03-21 12:44:01] local.INFO: Fetching questions {"category":"Science","difficulty":"Easy","year_level":"ALL"} 
[2026-03-21 12:44:02] local.INFO: Questions found {"count":192} 
[2026-03-21 12:44:02] local.INFO: Difficulty setting applied {"difficulty":"Easy","num_questions":10} 
[2026-03-21 12:45:48] local.INFO: Fetching questions {"category":"Science","difficulty":"Average","year_level":"ALL"} 
[2026-03-21 12:45:49] local.INFO: Questions found {"count":1818} 
[2026-03-21 12:45:49] local.INFO: Difficulty setting applied {"difficulty":"Average","num_questions":10} 
[2026-03-24 14:34:28] local.INFO: Fetching questions {"category":"Science","difficulty":"Easy","year_level":"ALL"} 
[2026-03-24 14:34:28] local.INFO: Questions found {"count":192} 
[2026-03-24 14:34:28] local.INFO: Difficulty setting applied {"difficulty":"Easy","num_questions":10} 
[2026-03-24 14:36:45] local.INFO: Fetching questions {"category":"Science","difficulty":"Easy","year_level":"ALL"} 
[2026-03-24 14:36:46] local.INFO: Questions found {"count":192} 
[2026-03-24 14:36:46] local.INFO: Difficulty setting applied {"difficulty":"Easy","num_questions":10} 
[2026-03-24 15:02:42] local.INFO: Fetching questions {"category":"Science","difficulty":"Easy","year_level":"ALL"} 
[2026-03-24 15:02:42] local.INFO: Questions found {"count":192} 
[2026-03-24 15:02:42] local.INFO: Difficulty setting applied {"difficulty":"Easy","num_questions":10} 
[2026-03-24 15:03:11] local.INFO: Fetching questions {"category":"Science","difficulty":"Easy","year_level":"ALL"} 
[2026-03-24 15:03:11] local.INFO: Questions found {"count":192} 
[2026-03-24 15:03:11] local.INFO: Difficulty setting applied {"difficulty":"Easy","num_questions":10} 
[2026-03-24 15:14:44] local.INFO: Fetching questions {"category":"Science","difficulty":"Easy","year_level":"ALL"} 
[2026-03-24 15:14:44] local.INFO: Questions found {"count":192} 
[2026-03-24 15:14:44] local.INFO: Difficulty setting applied {"difficulty":"Easy","num_questions":10} 
[2026-03-24 15:33:23] local.INFO: Fetching questions {"category":"Science","difficulty":"Easy","year_level":"ALL"} 
[2026-03-24 15:33:23] local.INFO: Questions found {"count":192} 
[2026-03-24 15:33:23] local.INFO: Difficulty setting applied {"difficulty":"Easy","num_questions":10} 
[2026-03-24 15:46:21] local.INFO: Fetching questions {"category":"Science","difficulty":"Easy","year_level":"ALL"} 
[2026-03-24 15:46:21] local.INFO: Questions found {"count":192} 
[2026-03-24 15:46:21] local.INFO: Difficulty setting applied {"difficulty":"Easy","num_questions":10} 
[2026-03-28 05:03:43] local.INFO: Fetching questions {"category":"Science","difficulty":"Easy","year_level":"ALL"} 
[2026-03-28 05:03:43] local.INFO: Questions found {"count":192} 
[2026-03-28 05:03:43] local.INFO: Difficulty setting applied {"difficulty":"Easy","num_questions":10} 
[2026-03-28 05:10:59] local.INFO: Fetching questions {"category":"Science","difficulty":"Easy","year_level":"ALL"} 
[2026-03-28 05:10:59] local.INFO: Questions found {"count":192} 
[2026-03-28 05:10:59] local.INFO: Difficulty setting applied {"difficulty":"Easy","num_questions":10} 
[2026-03-28 05:12:30] local.INFO: Fetching questions {"category":"Science","difficulty":"Easy","year_level":"ALL"} 
[2026-03-28 05:12:30] local.INFO: Questions found {"count":192} 
[2026-03-28 05:12:30] local.INFO: Difficulty setting applied {"difficulty":"Easy","num_questions":10} 
[2026-03-28 05:37:58] local.INFO: Fetching questions {"category":"Science","difficulty":"Easy","year_level":"ALL"} 
[2026-03-28 05:37:58] local.INFO: Questions found {"count":192} 
[2026-03-28 05:37:58] local.INFO: Difficulty setting applied {"difficulty":"Easy","num_questions":10} 
[2026-03-28 06:33:15] local.INFO: Fetching questions {"category":"Science","difficulty":"Easy","year_level":"ALL"} 
[2026-03-28 06:33:15] local.INFO: Questions found {"count":192} 
[2026-03-28 06:33:15] local.INFO: Difficulty setting applied {"difficulty":"Easy","num_questions":10} 
[2026-03-28 16:23:24] local.INFO: Fetching questions {"category":"Science","difficulty":"Easy","year_level":"ALL"} 
[2026-03-28 16:23:24] local.INFO: Questions found {"count":192} 
[2026-03-28 16:23:24] local.INFO: Difficulty setting applied {"difficulty":"Easy","num_questions":10} 
[2026-03-28 16:23:40] local.INFO: Fetching questions {"category":"Science","difficulty":"Easy","year_level":"ALL"} 
[2026-03-28 16:23:41] local.INFO: Questions found {"count":192} 
[2026-03-28 16:23:41] local.INFO: Difficulty setting applied {"difficulty":"Easy","num_questions":10} 
[2026-03-29 08:38:20] local.INFO: Fetching questions {"category":"Science","difficulty":"Easy","year_level":"ALL"} 
[2026-03-29 08:38:21] local.INFO: Questions found {"count":192} 
[2026-03-29 08:38:21] local.INFO: Difficulty setting applied {"difficulty":"Easy","num_questions":10} 
[2026-03-29 09:02:46] local.INFO: Fetching questions {"category":"Science","difficulty":"Easy","year_level":"ALL"} 
[2026-03-29 09:02:46] local.INFO: Questions found {"count":192} 
[2026-03-29 09:02:46] local.INFO: Difficulty setting applied {"difficulty":"Easy","num_questions":10} 
[2026-03-29 09:04:19] local.INFO: Fetching questions {"category":"Science","difficulty":"Average","year_level":"ALL"} 
[2026-03-29 09:04:19] local.INFO: Questions found {"count":1818} 
[2026-03-29 09:04:19] local.INFO: Difficulty setting applied {"difficulty":"Average","num_questions":10} 
[2026-03-29 09:30:01] local.INFO: Fetching questions {"category":"Science","difficulty":"Easy","year_level":"ALL"} 
[2026-03-29 09:30:01] local.INFO: Questions found {"count":192} 
[2026-03-29 09:30:01] local.INFO: Difficulty setting applied {"difficulty":"Easy","num_questions":10} 
[2026-03-29 09:30:51] local.INFO: Fetching questions {"category":"Science","difficulty":"Easy","year_level":"ALL"} 
[2026-03-29 09:30:51] local.INFO: Questions found {"count":192} 
[2026-03-29 09:30:51] local.INFO: Difficulty setting applied {"difficulty":"Easy","num_questions":10} 
[2026-03-29 09:40:41] local.INFO: Fetching questions {"category":"Science","difficulty":"Easy","year_level":"ALL"} 
[2026-03-29 09:40:41] local.INFO: Questions found {"count":192} 
[2026-03-29 09:40:41] local.INFO: Difficulty setting applied {"difficulty":"Easy","num_questions":10} 
[2026-03-29 09:43:06] local.INFO: Fetching questions {"category":"Science","difficulty":"Easy","year_level":"ALL"} 
[2026-03-29 09:43:06] local.INFO: Questions found {"count":192} 
[2026-03-29 09:43:06] local.INFO: Difficulty setting applied {"difficulty":"Easy","num_questions":10} 
[2026-03-29 09:43:48] local.INFO: Fetching questions {"category":"Science","difficulty":"Easy","year_level":"ALL"} 
[2026-03-29 09:43:48] local.INFO: Questions found {"count":192} 
[2026-03-29 09:43:48] local.INFO: Difficulty setting applied {"difficulty":"Easy","num_questions":10} 
[2026-03-29 09:47:34] local.INFO: Fetching questions {"category":"Science","difficulty":"Easy","year_level":"ALL"} 
[2026-03-29 09:47:35] local.INFO: Questions found {"count":192} 
[2026-03-29 09:47:35] local.INFO: Difficulty setting applied {"difficulty":"Easy","num_questions":10} 
[2026-03-29 09:49:19] local.INFO: Fetching questions {"category":"Science","difficulty":"Easy","year_level":"ALL"} 
[2026-03-29 09:49:20] local.INFO: Questions found {"count":192} 
[2026-03-29 09:49:21] local.INFO: Difficulty setting applied {"difficulty":"Easy","num_questions":10} 
[2026-03-29 09:57:36] local.INFO: Fetching questions {"category":"Science","difficulty":"Easy","year_level":"ALL"} 
[2026-03-29 09:57:36] local.INFO: Questions found {"count":192} 
[2026-03-29 09:57:36] local.INFO: Difficulty setting applied {"difficulty":"Easy","num_questions":10} 
[2026-03-29 09:58:02] local.INFO: Fetching questions {"category":"Science","difficulty":"Easy","year_level":"ALL"} 
[2026-03-29 09:58:02] local.INFO: Questions found {"count":192} 
[2026-03-29 09:58:02] local.INFO: Difficulty setting applied {"difficulty":"Easy","num_questions":10} 
[2026-03-29 09:58:18] local.INFO: Fetching questions {"category":"Science","difficulty":"Easy","year_level":"ALL"} 
[2026-03-29 09:58:18] local.INFO: Questions found {"count":192} 
[2026-03-29 09:58:18] local.INFO: Difficulty setting applied {"difficulty":"Easy","num_questions":10} 
[2026-03-29 09:59:35] local.INFO: Fetching questions {"category":"Science","difficulty":"Easy","year_level":"ALL"} 
[2026-03-29 09:59:36] local.INFO: Questions found {"count":192} 
[2026-03-29 09:59:36] local.INFO: Difficulty setting applied {"difficulty":"Easy","num_questions":10} 
[2026-03-29 09:59:42] local.INFO: Fetching questions {"category":"Science","difficulty":"Easy","year_level":"ALL"} 
[2026-03-29 09:59:42] local.INFO: Questions found {"count":192} 
[2026-03-29 09:59:42] local.INFO: Difficulty setting applied {"difficulty":"Easy","num_questions":10} 
[2026-03-29 10:00:01] local.INFO: Fetching questions {"category":"Science","difficulty":"Easy","year_level":"ALL"} 
[2026-03-29 10:00:01] local.INFO: Questions found {"count":192} 
[2026-03-29 10:00:01] local.INFO: Difficulty setting applied {"difficulty":"Easy","num_questions":10} 
[2026-03-29 10:20:12] local.INFO: Fetching questions {"category":"Science","difficulty":"Easy","year_level":"ALL"} 
[2026-03-29 10:20:13] local.INFO: Questions found {"count":192} 
[2026-03-29 10:20:13] local.INFO: Difficulty setting applied {"difficulty":"Easy","num_questions":10} 
[2026-03-29 10:20:26] local.INFO: Fetching questions {"category":"Science","difficulty":"Easy","year_level":"ALL"} 
[2026-03-29 10:20:26] local.INFO: Questions found {"count":192} 
[2026-03-29 10:20:26] local.INFO: Difficulty setting applied {"difficulty":"Easy","num_questions":10} 
[2026-03-29 10:21:10] local.INFO: Fetching questions {"category":"Science","difficulty":"Easy","year_level":"ALL"} 
[2026-03-29 10:21:10] local.INFO: Questions found {"count":192} 
[2026-03-29 10:21:10] local.INFO: Difficulty setting applied {"difficulty":"Easy","num_questions":10} 
[2026-03-29 10:22:03] local.INFO: Challenge result saved {"player_id":"69c76014fbca0028cd02c952","correct_answers":4,"total_questions":10,"is_perfect":false} 
[2026-03-29 10:22:03] local.INFO: Not a perfect score — no badge awarded {"correct":4,"total":10} 
[2026-03-29 10:23:16] local.INFO: Fetching questions {"category":"Science","difficulty":"Easy","year_level":"ALL"} 
[2026-03-29 10:23:16] local.INFO: Questions found {"count":192} 
[2026-03-29 10:23:16] local.INFO: Difficulty setting applied {"difficulty":"Easy","num_questions":10} 
[2026-03-29 10:23:47] local.INFO: Challenge result saved {"player_id":"69c76014fbca0028cd02c952","correct_answers":3,"total_questions":10,"is_perfect":false} 
[2026-03-29 10:23:47] local.INFO: Not a perfect score — no badge awarded {"correct":3,"total":10} 
[2026-03-29 10:24:01] local.INFO: Fetching questions {"category":"Science","difficulty":"Easy","year_level":"ALL"} 
[2026-03-29 10:24:01] local.INFO: Questions found {"count":192} 
[2026-03-29 10:24:01] local.INFO: Difficulty setting applied {"difficulty":"Easy","num_questions":10} 
[2026-03-29 10:27:02] local.INFO: Fetching questions {"category":"Science","difficulty":"Easy","year_level":"ALL"} 
[2026-03-29 10:27:03] local.INFO: Questions found {"count":192} 
[2026-03-29 10:27:03] local.INFO: Difficulty setting applied {"difficulty":"Easy","num_questions":10} 
[2026-03-29 10:28:22] local.INFO: Challenge result saved {"player_id":"69c76014fbca0028cd02c952","correct_answers":10,"total_questions":10,"is_perfect":true} 
[2026-03-29 10:28:22] local.INFO: Perfect score detected {"player_id":"69c76014fbca0028cd02c952","difficulty":"Easy"} 
[2026-03-29 10:28:24] local.INFO: Created new player_stats record {"player_id":"69c76014fbca0028cd02c952","game_type":"challenge"} 
[2026-03-29 10:28:24] local.INFO: Player stats updated  
[2026-03-29 10:28:24] local.INFO: 🎯 Recording badge progress from challenge {"player_id":"69c76014fbca0028cd02c952","difficulty":"easy"} 
[2026-03-29 10:28:24] local.INFO: 📊 Badge progress updated {"total_count":1,"current_in_set":1,"milestone_reached":false} 
[2026-03-29 10:28:24] local.INFO: Badge progress recorded {"badge_awarded":{"difficulty":"Easy","progress":1,"remaining":2,"badge_unlocked":false,"message":"2 more perfect scores needed for next badge"}} 
[2026-03-29 10:29:25] local.INFO: Challenge result saved {"player_id":"69c76014fbca0028cd02c952","correct_answers":10,"total_questions":10,"is_perfect":true} 
[2026-03-29 10:29:26] local.INFO: Perfect score detected {"player_id":"69c76014fbca0028cd02c952","difficulty":"Easy"} 
[2026-03-29 10:29:28] local.INFO: ✅ Incremented stats {"player_id":"69c76014fbca0028cd02c952","game_type":"challenge","category":"science","difficulty":"easy","new_count":2} 
[2026-03-29 10:29:28] local.INFO: Player stats updated  
[2026-03-29 10:29:28] local.INFO: 🎯 Recording badge progress from challenge {"player_id":"69c76014fbca0028cd02c952","difficulty":"easy"} 
[2026-03-29 10:29:28] local.INFO: 📊 Badge progress updated {"total_count":2,"current_in_set":2,"milestone_reached":false} 
[2026-03-29 10:29:28] local.INFO: Badge progress recorded {"badge_awarded":{"difficulty":"Easy","progress":2,"remaining":1,"badge_unlocked":false,"message":"1 more perfect score needed for next badge"}} 
[2026-03-29 10:29:45] local.INFO: Challenge result saved {"player_id":"69c76014fbca0028cd02c952","correct_answers":10,"total_questions":10,"is_perfect":true} 
[2026-03-29 10:29:45] local.INFO: Perfect score detected {"player_id":"69c76014fbca0028cd02c952","difficulty":"Easy"} 
[2026-03-29 10:29:45] local.INFO: ✅ Incremented stats {"player_id":"69c76014fbca0028cd02c952","game_type":"challenge","category":"science","difficulty":"easy","new_count":3} 
[2026-03-29 10:29:45] local.INFO: Player stats updated  
[2026-03-29 10:29:45] local.INFO: 🎯 Recording badge progress from challenge {"player_id":"69c76014fbca0028cd02c952","difficulty":"easy"} 
[2026-03-29 10:29:45] local.INFO: 📊 Badge progress updated {"total_count":3,"current_in_set":0,"milestone_reached":true} 
[2026-03-29 10:29:45] local.INFO: 🎊 MILESTONE REACHED! {"difficulty":"easy","badge_number":1,"total_badges_earned":3} 
[2026-03-29 10:29:45] local.INFO: Claimable reward created — awaiting player claim {"difficulty":"easy","badge_number":1} 
[2026-03-29 10:29:45] local.INFO: Badge progress recorded {"badge_awarded":{"difficulty":"Easy","badge_unlocked":true,"badge_number":1,"can_claim":true,"message":"Congratulations! You've earned badge #1 for Easy difficulty! Visit the badge screen to claim it."}} 
[2026-03-29 10:32:09] local.INFO: Reward requested by player 69c76014fbca0028cd02c952, difficulty: easy  
[2026-03-29 10:32:35] local.INFO: Fetching questions {"category":"Science","difficulty":"Easy","year_level":"ALL"} 
[2026-03-29 10:32:35] local.INFO: Questions found {"count":192} 
[2026-03-29 10:32:35] local.INFO: Difficulty setting applied {"difficulty":"Easy","num_questions":10} 
[2026-03-29 10:33:47] local.INFO: Challenge result saved {"player_id":"69c76014fbca0028cd02c952","correct_answers":10,"total_questions":10,"is_perfect":true} 
[2026-03-29 10:33:47] local.INFO: Perfect score detected {"player_id":"69c76014fbca0028cd02c952","difficulty":"Easy"} 
[2026-03-29 10:33:47] local.INFO: ✅ Incremented stats {"player_id":"69c76014fbca0028cd02c952","game_type":"challenge","category":"science","difficulty":"easy","new_count":4} 
[2026-03-29 10:33:47] local.INFO: Player stats updated  
[2026-03-29 10:33:47] local.INFO: 🎯 Recording badge progress from challenge {"player_id":"69c76014fbca0028cd02c952","difficulty":"easy"} 
[2026-03-29 10:33:47] local.INFO: 📊 Badge progress updated {"total_count":4,"current_in_set":1,"milestone_reached":false} 
[2026-03-29 10:33:47] local.INFO: Badge progress recorded {"badge_awarded":{"difficulty":"Easy","progress":1,"remaining":2,"badge_unlocked":false,"message":"2 more perfect scores needed for next badge"}} 
[2026-03-29 12:20:30] local.INFO: Fetching questions {"category":"Science","difficulty":"Easy","year_level":"ALL"} 
[2026-03-29 12:20:30] local.INFO: Questions found {"count":192} 
[2026-03-29 12:20:30] local.INFO: Difficulty setting applied {"difficulty":"Easy","num_questions":10} 
[2026-03-29 12:20:56] local.INFO: Challenge result saved {"player_id":"69c76014fbca0028cd02c952","correct_answers":3,"total_questions":10,"is_perfect":false} 
[2026-03-29 12:20:56] local.INFO: Not a perfect score — no badge awarded {"correct":3,"total":10} 
[2026-03-29 12:21:03] local.INFO: Fetching questions {"category":"Science","difficulty":"Easy","year_level":"ALL"} 
[2026-03-29 12:21:03] local.INFO: Questions found {"count":192} 
[2026-03-29 12:21:03] local.INFO: Difficulty setting applied {"difficulty":"Easy","num_questions":10} 
[2026-03-29 12:21:26] local.INFO: Challenge result saved {"player_id":"69c76014fbca0028cd02c952","correct_answers":3,"total_questions":10,"is_perfect":false} 
[2026-03-29 12:21:26] local.INFO: Not a perfect score — no badge awarded {"correct":3,"total":10} 
[2026-03-29 12:21:38] local.INFO: Fetching questions {"category":"Science","difficulty":"Easy","year_level":"ALL"} 
[2026-03-29 12:21:40] local.INFO: Questions found {"count":192} 
[2026-03-29 12:21:40] local.INFO: Difficulty setting applied {"difficulty":"Easy","num_questions":10} 
[2026-03-29 13:01:31] local.INFO: Fetching questions {"category":"Science","difficulty":"Easy","year_level":"ALL"} 
[2026-03-29 13:01:32] local.INFO: Questions found {"count":192} 
[2026-03-29 13:01:32] local.INFO: Difficulty setting applied {"difficulty":"Easy","num_questions":10} 
[2026-03-29 13:02:40] local.INFO: Challenge result saved {"player_id":"69c76014fbca0028cd02c952","correct_answers":4,"total_questions":10,"is_perfect":false} 
[2026-03-29 13:02:40] local.INFO: Not a perfect score — no badge awarded {"correct":4,"total":10} 
[2026-03-29 13:02:45] local.INFO: Challenge result saved {"player_id":"69c76014fbca0028cd02c952","correct_answers":4,"total_questions":10,"is_perfect":false} 
[2026-03-29 13:02:45] local.INFO: Not a perfect score — no badge awarded {"correct":4,"total":10} 
[2026-03-29 13:02:54] local.INFO: Challenge result saved {"player_id":"69c76014fbca0028cd02c952","correct_answers":4,"total_questions":10,"is_perfect":false} 
[2026-03-29 13:02:54] local.INFO: Not a perfect score — no badge awarded {"correct":4,"total":10} 
[2026-03-29 13:03:00] local.INFO: Fetching questions {"category":"Science","difficulty":"Easy","year_level":"ALL"} 
[2026-03-29 13:03:00] local.INFO: Questions found {"count":192} 
[2026-03-29 13:03:00] local.INFO: Difficulty setting applied {"difficulty":"Easy","num_questions":10} 
[2026-03-29 13:03:33] local.INFO: Fetching questions {"category":"Science","difficulty":"Easy","year_level":"ALL"} 
[2026-03-29 13:03:33] local.INFO: Questions found {"count":192} 
[2026-03-29 13:03:33] local.INFO: Difficulty setting applied {"difficulty":"Easy","num_questions":10} 
[2026-03-29 13:04:06] local.INFO: Fetching questions {"category":"Science","difficulty":"Easy","year_level":"ALL"} 
[2026-03-29 13:04:06] local.INFO: Questions found {"count":192} 
[2026-03-29 13:04:06] local.INFO: Difficulty setting applied {"difficulty":"Easy","num_questions":10} 
[2026-03-29 13:06:11] local.INFO: Fetching questions {"category":"Science","difficulty":"Easy","year_level":"ALL"} 
[2026-03-29 13:06:11] local.INFO: Questions found {"count":192} 
[2026-03-29 13:06:11] local.INFO: Difficulty setting applied {"difficulty":"Easy","num_questions":10} 
[2026-03-29 13:07:34] local.INFO: Challenge result saved {"player_id":"69c76014fbca0028cd02c952","correct_answers":10,"total_questions":10,"is_perfect":true} 
[2026-03-29 13:07:34] local.INFO: Perfect score detected {"player_id":"69c76014fbca0028cd02c952","difficulty":"Easy"} 
[2026-03-29 13:07:34] local.INFO: ✅ Incremented stats {"player_id":"69c76014fbca0028cd02c952","game_type":"challenge","category":"science","difficulty":"easy","new_count":5} 
[2026-03-29 13:07:34] local.INFO: Player stats updated  
[2026-03-29 13:07:34] local.INFO: 🎯 Recording badge progress from challenge {"player_id":"69c76014fbca0028cd02c952","difficulty":"easy"} 
[2026-03-29 13:07:34] local.INFO: 📊 Badge progress updated {"total_count":5,"current_in_set":2,"milestone_reached":false} 
[2026-03-29 13:07:34] local.INFO: Badge progress recorded {"badge_awarded":{"difficulty":"Easy","progress":2,"remaining":1,"badge_unlocked":false,"message":"1 more perfect score needed for next badge"}} 
[2026-03-29 13:40:17] local.INFO: ✅ Incremented stats {"player_id":"69c76014fbca0028cd02c952","game_type":"puzzle","category":"solar system","difficulty":"easy","new_count":1} 
[2026-03-29 13:42:35] local.INFO: ✅ Incremented stats {"player_id":"69c76014fbca0028cd02c952","game_type":"memory_match","category":"general","difficulty":"easy","new_count":1} 
[2026-03-29 15:57:43] local.INFO: Fetching questions {"category":"Science","difficulty":"Easy","year_level":"ALL"} 
[2026-03-29 15:57:43] local.INFO: Questions found {"count":192} 
[2026-03-29 15:57:43] local.INFO: Difficulty setting applied {"difficulty":"Easy","num_questions":10} 
[2026-03-29 16:01:48] local.INFO: === BATTLE RESULT REQUEST RECEIVED ===  
[2026-03-29 16:01:49] local.INFO: Request Data: {"player_id":"69c76014fbca0028cd02c952","category":"Science","difficulty_level":"Easy","player_score":7,"result":"lost","battle_id":"battle_1774800046.254538","questions_answered":10,"correct_answers":1,"opponent_id":"69c93ad6b5dabc0e07028094"} 
[2026-03-29 16:01:51] local.INFO: ✅ Validation passed {"player_id":"69c76014fbca0028cd02c952","opponent_id":"69c93ad6b5dabc0e07028094","category":"Science","difficulty_level":"Easy","player_score":7,"result":"lost","battle_id":"battle_1774800046.254538","questions_answered":10,"correct_answers":1} 
[2026-03-29 16:01:52] local.INFO: ✅ Battle result saved to battle collection  
[2026-03-29 16:01:52] local.INFO: Skipping stats increment - loss recorded {"player_id":"69c76014fbca0028cd02c952","result":"lost"} 
[2026-03-29 16:01:52] local.INFO: ℹ️ Player LOST - no badges awarded  
[2026-03-29 16:01:52] local.INFO: === BATTLE RESULT SAVED SUCCESSFULLY ===  
[2026-03-29 16:02:14] local.INFO: === BATTLE RESULT REQUEST RECEIVED ===  
[2026-03-29 16:02:14] local.INFO: Request Data: {"player_id":"69c93ad6b5dabc0e07028094","category":"Science","difficulty_level":"Easy","player_score":8,"result":"won","battle_id":"battle_1774800109.337635","questions_answered":10,"correct_answers":1,"opponent_id":"69c76014fbca0028cd02c952"} 
[2026-03-29 16:02:15] local.INFO: ✅ Validation passed {"player_id":"69c93ad6b5dabc0e07028094","opponent_id":"69c76014fbca0028cd02c952","category":"Science","difficulty_level":"Easy","player_score":8,"result":"won","battle_id":"battle_1774800109.337635","questions_answered":10,"correct_answers":1} 
[2026-03-29 16:02:15] local.INFO: ✅ Battle result saved to battle collection  
[2026-03-29 16:02:16] local.INFO: Created new player_stats record {"player_id":"69c93ad6b5dabc0e07028094","game_type":"battle"} 
[2026-03-29 16:02:16] local.INFO: 🏆 Player WON - awarding badge progress  
[2026-03-29 16:02:16] local.INFO: 🎯 Recording badge progress from battle {"player_id":"69c93ad6b5dabc0e07028094","difficulty":"easy"} 
[2026-03-29 16:02:17] local.INFO: 📊 Badge progress updated {"total_count":1,"current_in_set":1,"milestone_reached":false} 
[2026-03-29 16:02:17] local.INFO: Badge awarded result {"badge_awarded":{"difficulty":"Easy","progress":1,"remaining":2,"badge_unlocked":false,"message":"2 more battle wins needed for next badge"}} 
[2026-03-29 16:02:17] local.INFO: === BATTLE RESULT SAVED SUCCESSFULLY ===  
[2026-03-29 16:23:17] local.INFO: Fetching questions {"category":"Science","difficulty":"Easy","year_level":"ALL"} 
[2026-03-29 16:23:20] local.INFO: Questions found {"count":192} 
[2026-03-29 16:23:20] local.INFO: Difficulty setting applied {"difficulty":"Easy","num_questions":10} 
[2026-03-29 16:28:39] local.INFO: === BATTLE RESULT REQUEST RECEIVED ===  
[2026-03-29 16:28:39] local.INFO: Request Data: {"player_id":"69c76014fbca0028cd02c952","category":"Science","difficulty_level":"Easy","player_score":11,"result":"lost","battle_id":"battle_1774801710.982407","questions_answered":10,"correct_answers":1,"opponent_id":"69c93ad6b5dabc0e07028094"} 
[2026-03-29 16:28:40] local.INFO: ✅ Validation passed {"player_id":"69c76014fbca0028cd02c952","opponent_id":"69c93ad6b5dabc0e07028094","category":"Science","difficulty_level":"Easy","player_score":11,"result":"lost","battle_id":"battle_1774801710.982407","questions_answered":10,"correct_answers":1} 
[2026-03-29 16:28:40] local.INFO: ✅ Battle result saved to battle collection  
[2026-03-29 16:28:40] local.INFO: Skipping stats increment - loss recorded {"player_id":"69c76014fbca0028cd02c952","result":"lost"} 
[2026-03-29 16:28:40] local.INFO: ℹ️ Player LOST - no badges awarded  
[2026-03-29 16:28:40] local.INFO: === BATTLE RESULT SAVED SUCCESSFULLY ===  
[2026-03-29 16:28:57] local.INFO: === BATTLE RESULT REQUEST RECEIVED ===  
[2026-03-29 16:28:57] local.INFO: Request Data: {"player_id":"69c93ad6b5dabc0e07028094","category":"Science","difficulty_level":"Easy","player_score":23,"result":"won","battle_id":"battle_1774801721.618514","questions_answered":10,"correct_answers":2,"opponent_id":"69c76014fbca0028cd02c952"} 
[2026-03-29 16:28:57] local.INFO: ✅ Validation passed {"player_id":"69c93ad6b5dabc0e07028094","opponent_id":"69c76014fbca0028cd02c952","category":"Science","difficulty_level":"Easy","player_score":23,"result":"won","battle_id":"battle_1774801721.618514","questions_answered":10,"correct_answers":2} 
[2026-03-29 16:28:58] local.INFO: ✅ Battle result saved to battle collection  
[2026-03-29 16:28:58] local.INFO: ✅ Incremented stats {"player_id":"69c93ad6b5dabc0e07028094","game_type":"battle","category":"science","difficulty":"easy","new_count":2} 
[2026-03-29 16:28:58] local.INFO: 🏆 Player WON - awarding badge progress  
[2026-03-29 16:28:58] local.INFO: 🎯 Recording badge progress from battle {"player_id":"69c93ad6b5dabc0e07028094","difficulty":"easy"} 
[2026-03-29 16:28:58] local.INFO: 📊 Badge progress updated {"total_count":2,"current_in_set":2,"milestone_reached":false} 
[2026-03-29 16:28:58] local.INFO: Badge awarded result {"badge_awarded":{"difficulty":"Easy","progress":2,"remaining":1,"badge_unlocked":false,"message":"1 more battle win needed for next badge"}} 
[2026-03-29 16:28:58] local.INFO: === BATTLE RESULT SAVED SUCCESSFULLY ===  
[2026-03-29 16:29:28] local.INFO: === BATTLE RESULT REQUEST RECEIVED ===  
[2026-03-29 16:29:28] local.INFO: Request Data: {"player_id":"69c76014fbca0028cd02c952","category":"Science","difficulty_level":"Easy","player_score":11,"result":"lost","battle_id":"RL1VBB","questions_answered":10,"correct_answers":1} 
[2026-03-29 16:29:28] local.INFO: ✅ Validation passed {"player_id":"69c76014fbca0028cd02c952","category":"Science","difficulty_level":"Easy","player_score":11,"result":"lost","battle_id":"RL1VBB","questions_answered":10,"correct_answers":1} 
[2026-03-29 16:29:29] local.INFO: ✅ Battle result saved to battle collection  
[2026-03-29 16:29:29] local.INFO: Skipping stats increment - loss recorded {"player_id":"69c76014fbca0028cd02c952","result":"lost"} 
[2026-03-29 16:29:29] local.INFO: ℹ️ Player LOST - no badges awarded  
[2026-03-29 16:29:29] local.INFO: === BATTLE RESULT SAVED SUCCESSFULLY ===  
[2026-03-29 16:29:46] local.INFO: === BATTLE RESULT REQUEST RECEIVED ===  
[2026-03-29 16:29:47] local.INFO: Request Data: {"player_id":"69c93ad6b5dabc0e07028094","category":"Science","difficulty_level":"Easy","player_score":23,"result":"won","battle_id":"RL1VBB","questions_answered":10,"correct_answers":2} 
[2026-03-29 16:29:47] local.INFO: ✅ Validation passed {"player_id":"69c93ad6b5dabc0e07028094","category":"Science","difficulty_level":"Easy","player_score":23,"result":"won","battle_id":"RL1VBB","questions_answered":10,"correct_answers":2} 
[2026-03-29 16:29:47] local.INFO: ✅ Battle result saved to battle collection  
[2026-03-29 16:29:47] local.INFO: ✅ Incremented stats {"player_id":"69c93ad6b5dabc0e07028094","game_type":"battle","category":"science","difficulty":"easy","new_count":3} 
[2026-03-29 16:29:47] local.INFO: 🏆 Player WON - awarding badge progress  
[2026-03-29 16:29:47] local.INFO: 🎯 Recording badge progress from battle {"player_id":"69c93ad6b5dabc0e07028094","difficulty":"easy"} 
[2026-03-29 16:29:47] local.INFO: 📊 Badge progress updated {"total_count":3,"current_in_set":0,"milestone_reached":true} 
[2026-03-29 16:29:47] local.INFO: 🎊 MILESTONE REACHED! {"difficulty":"easy","badge_number":1,"total_badges_earned":3} 
[2026-03-29 16:29:47] local.INFO: Claimable reward created — awaiting player claim {"difficulty":"easy","badge_number":1} 
[2026-03-29 16:29:47] local.INFO: Badge awarded result {"badge_awarded":{"difficulty":"Easy","badge_unlocked":true,"badge_number":1,"can_claim":true,"message":"Congratulations! You've earned badge #1 for Easy difficulty! Visit the badge screen to claim it."}} 
[2026-03-29 16:29:47] local.INFO: === BATTLE RESULT SAVED SUCCESSFULLY ===  
[2026-03-29 18:16:54] local.INFO: Fetching questions {"category":"Science","difficulty":"Easy","year_level":"ALL"} 
[2026-03-29 18:16:55] local.INFO: Questions found {"count":192} 
[2026-03-29 18:16:55] local.INFO: Difficulty setting applied {"difficulty":"Easy","num_questions":10} 
[2026-03-29 18:22:44] local.INFO: === BATTLE RESULT REQUEST RECEIVED ===  
[2026-03-29 18:22:44] local.INFO: Request Data: {"player_id":"69c93ad6b5dabc0e07028094","category":"Science","difficulty_level":"Easy","player_score":36,"result":"lost","battle_id":"battle_1774808393.750191","questions_answered":10,"correct_answers":3,"opponent_id":"69c76014fbca0028cd02c952"} 
[2026-03-29 18:22:46] local.INFO: ✅ Validation passed {"player_id":"69c93ad6b5dabc0e07028094","opponent_id":"69c76014fbca0028cd02c952","category":"Science","difficulty_level":"Easy","player_score":36,"result":"lost","battle_id":"battle_1774808393.750191","questions_answered":10,"correct_answers":3} 
[2026-03-29 18:22:48] local.INFO: ✅ Battle result saved to battle collection  
[2026-03-29 18:22:49] local.INFO: Skipping stats increment - loss recorded {"player_id":"69c93ad6b5dabc0e07028094","result":"lost"} 
[2026-03-29 18:22:49] local.INFO: ℹ️ Player LOST - no badges awarded  
[2026-03-29 18:22:49] local.INFO: === BATTLE RESULT SAVED SUCCESSFULLY ===  
[2026-03-29 18:23:30] local.INFO: === BATTLE RESULT REQUEST RECEIVED ===  
[2026-03-29 18:23:30] local.INFO: Request Data: {"player_id":"69c76014fbca0028cd02c952","category":"Science","difficulty_level":"Easy","player_score":58,"result":"won","battle_id":"battle_1774808523.782191","questions_answered":10,"correct_answers":5,"opponent_id":"69c93ad6b5dabc0e07028094"} 
[2026-03-29 18:23:31] local.INFO: ✅ Validation passed {"player_id":"69c76014fbca0028cd02c952","opponent_id":"69c93ad6b5dabc0e07028094","category":"Science","difficulty_level":"Easy","player_score":58,"result":"won","battle_id":"battle_1774808523.782191","questions_answered":10,"correct_answers":5} 
[2026-03-29 18:23:31] local.INFO: ✅ Battle result saved to battle collection  
[2026-03-29 18:23:34] local.INFO: ✅ Incremented stats {"player_id":"69c76014fbca0028cd02c952","game_type":"battle","category":"science","difficulty":"easy","new_count":1} 
[2026-03-29 18:23:34] local.INFO: 🏆 Player WON - awarding badge progress  
[2026-03-29 18:23:34] local.INFO: 🎯 Recording badge progress from battle {"player_id":"69c76014fbca0028cd02c952","difficulty":"easy"} 
[2026-03-29 18:23:35] local.INFO: 📊 Badge progress updated {"total_count":6,"current_in_set":0,"milestone_reached":true} 
[2026-03-29 18:23:35] local.INFO: 🎊 MILESTONE REACHED! {"difficulty":"easy","badge_number":2,"total_badges_earned":6} 
[2026-03-29 18:23:36] local.INFO: Claimable reward created — awaiting player claim {"difficulty":"easy","badge_number":2} 
[2026-03-29 18:23:36] local.INFO: Badge awarded result {"badge_awarded":{"difficulty":"Easy","badge_unlocked":true,"badge_number":2,"can_claim":true,"message":"Congratulations! You've earned badge #2 for Easy difficulty! Visit the badge screen to claim it."}} 
[2026-03-29 18:23:36] local.INFO: === BATTLE RESULT SAVED SUCCESSFULLY ===  
[2026-03-29 18:24:22] local.INFO: === BATTLE RESULT REQUEST RECEIVED ===  
[2026-03-29 18:24:22] local.INFO: Request Data: {"player_id":"69c76014fbca0028cd02c952","category":"Science","difficulty_level":"Easy","player_score":58,"result":"won","battle_id":"CCV8R7","questions_answered":10,"correct_answers":5} 
[2026-03-29 18:24:23] local.INFO: ✅ Validation passed {"player_id":"69c76014fbca0028cd02c952","category":"Science","difficulty_level":"Easy","player_score":58,"result":"won","battle_id":"CCV8R7","questions_answered":10,"correct_answers":5} 
[2026-03-29 18:24:24] local.INFO: ✅ Battle result saved to battle collection  
[2026-03-29 18:24:24] local.INFO: ✅ Incremented stats {"player_id":"69c76014fbca0028cd02c952","game_type":"battle","category":"science","difficulty":"easy","new_count":2} 
[2026-03-29 18:24:24] local.INFO: 🏆 Player WON - awarding badge progress  
[2026-03-29 18:24:24] local.INFO: 🎯 Recording badge progress from battle {"player_id":"69c76014fbca0028cd02c952","difficulty":"easy"} 
[2026-03-29 18:24:24] local.INFO: 📊 Badge progress updated {"total_count":7,"current_in_set":1,"milestone_reached":false} 
[2026-03-29 18:24:24] local.INFO: Badge awarded result {"badge_awarded":{"difficulty":"Easy","progress":1,"remaining":2,"badge_unlocked":false,"message":"2 more battle wins needed for next badge"}} 
[2026-03-29 18:24:24] local.INFO: === BATTLE RESULT SAVED SUCCESSFULLY ===  
[2026-03-29 18:24:37] local.INFO: === BATTLE RESULT REQUEST RECEIVED ===  
[2026-03-29 18:24:37] local.INFO: Request Data: {"player_id":"69c93ad6b5dabc0e07028094","category":"Science","difficulty_level":"Easy","player_score":36,"result":"lost","battle_id":"CCV8R7","questions_answered":10,"correct_answers":3} 
[2026-03-29 18:24:38] local.INFO: ✅ Validation passed {"player_id":"69c93ad6b5dabc0e07028094","category":"Science","difficulty_level":"Easy","player_score":36,"result":"lost","battle_id":"CCV8R7","questions_answered":10,"correct_answers":3} 
[2026-03-29 18:24:41] local.INFO: ✅ Battle result saved to battle collection  
[2026-03-29 18:24:42] local.INFO: Skipping stats increment - loss recorded {"player_id":"69c93ad6b5dabc0e07028094","result":"lost"} 
[2026-03-29 18:24:42] local.INFO: ℹ️ Player LOST - no badges awarded  
[2026-03-29 18:24:42] local.INFO: === BATTLE RESULT SAVED SUCCESSFULLY ===  
[2026-03-29 22:14:43] local.INFO: Leaderboard request: {"mode":"challenge","limit":"20"} 
[2026-03-29 22:16:15] local.INFO: Leaderboard request: {"mode":"challenge","limit":"20"} 
[2026-03-29 22:24:26] local.INFO: Leaderboard request: {"mode":"challenge","limit":"20"} 
[2026-03-29 22:37:39] local.INFO: Leaderboard request: {"mode":"challenge","limit":"20"} 
[2026-03-29 22:38:24] local.INFO: Leaderboard request: {"mode":"challenge","limit":"20"} 
[2026-03-30 01:02:58] local.INFO: Leaderboard request: {"mode":"challenge","limit":"20"} 
[2026-03-30 01:05:52] local.INFO: Leaderboard request: {"mode":"challenge","limit":"20"} 
[2026-03-30 01:19:21] local.INFO: Leaderboard request: {"mode":"challenge","limit":"20"} 
[2026-03-30 01:19:42] local.INFO: Leaderboard request: {"mode":"challenge","limit":"20"} 
[2026-03-30 01:22:19] local.INFO: Leaderboard request: {"mode":"challenge","limit":"20"} 
[2026-03-30 01:52:36] local.INFO: Leaderboard request: {"mode":"challenge","limit":"20"} 
[2026-03-30 02:08:57] local.INFO: Leaderboard request: {"mode":"challenge","limit":"20"} 
[2026-03-30 02:10:21] local.INFO: Leaderboard request: {"mode":"challenge","limit":"20"} 
[2026-03-30 02:12:06] local.INFO: Leaderboard request: {"mode":"challenge","limit":"20"} 
[2026-03-30 02:29:16] local.INFO: Leaderboard request: {"mode":"challenge","limit":"20"} 
[2026-03-30 02:32:53] local.INFO: Leaderboard request: {"mode":"challenge","limit":"20"} 
[2026-03-30 02:35:11] local.INFO: Leaderboard request: {"mode":"challenge","limit":"20"} 
[2026-03-30 02:36:10] local.INFO: Leaderboard request: {"mode":"challenge","limit":"20"} 
[2026-03-30 02:44:19] local.INFO: Leaderboard request: {"mode":"challenge","limit":"20"} 
[2026-03-30 03:01:32] local.INFO: Leaderboard request: {"mode":"challenge","limit":"20"} 
[2026-03-30 03:31:47] local.INFO: Leaderboard request: {"mode":"challenge","limit":"20"} 
[2026-03-30 03:32:03] local.INFO: Leaderboard request: {"mode":"challenge","limit":"20"} 
[2026-03-30 03:32:07] local.INFO: Leaderboard request: {"mode":"challenge","limit":"20"} 
[2026-03-30 03:54:54] local.INFO: Leaderboard request: {"mode":"challenge","limit":"20"} 
[2026-03-30 04:06:43] local.INFO: Leaderboard request: {"mode":"challenge","limit":"20"} 
[2026-03-30 04:18:51] local.INFO: Leaderboard request: {"mode":"challenge","limit":"20"} 
[2026-03-31 16:38:09] local.INFO: Leaderboard request: {"mode":"challenge","limit":"20"} 
[2026-04-01 16:15:51] local.INFO: Leaderboard request: {"mode":"challenge","limit":"20"} 
[2026-04-01 16:16:00] local.INFO: Leaderboard request: {"mode":"challenge","limit":"20"} 
[2026-04-01 16:16:21] local.INFO: Leaderboard request: {"mode":"challenge","limit":"20"} 
[2026-04-01 16:16:35] local.INFO: Leaderboard request: {"mode":"challenge","limit":"20"} 
[2026-04-01 16:18:17] local.INFO: Leaderboard request: {"mode":"challenge","limit":"20"} 
[2026-04-01 16:19:22] local.INFO: Leaderboard request: {"mode":"challenge","limit":"20"} 
[2026-04-02 22:54:54] local.INFO: Leaderboard request: {"mode":"challenge","limit":"20"} 
[2026-04-02 23:09:46] local.INFO: Leaderboard request: {"mode":"challenge","limit":"20"} 
[2026-04-02 23:10:19] local.INFO: Leaderboard request: {"mode":"challenge","limit":"20"} 
[2026-04-03 01:07:41] local.INFO: Leaderboard request: {"mode":"challenge","limit":"20"} 
[2026-04-03 01:26:25] local.INFO: Leaderboard request: {"mode":"challenge","limit":"20"} 
[2026-04-03 01:38:32] local.INFO: Leaderboard request: {"mode":"challenge","limit":"20"} 
[2026-04-03 01:38:49] local.INFO: Leaderboard request: {"mode":"challenge","limit":"20"} 
[2026-04-03 01:44:22] local.INFO: Leaderboard request: {"mode":"challenge","limit":"20"} 
[2026-04-03 01:45:20] local.INFO: Leaderboard request: {"mode":"challenge","limit":"20"} 
[2026-04-03 02:09:37] local.INFO: Leaderboard request: {"mode":"challenge","limit":"20"} 
[2026-04-03 05:39:52] local.INFO: Leaderboard request: {"mode":"challenge","limit":"20"} 
[2026-04-03 07:00:35] local.INFO: Leaderboard request: {"mode":"challenge","limit":"20"} 
[2026-04-03 07:27:43] local.INFO: Leaderboard request: {"mode":"challenge","limit":"20"} 
[2026-04-03 08:35:34] local.INFO: Leaderboard request: {"mode":"challenge","limit":"20"} 
[2026-04-03 17:34:40] local.INFO: Leaderboard request: {"mode":"challenge","limit":"20"} 
[2026-04-04 02:25:45] local.INFO: Leaderboard request: {"mode":"challenge","limit":"20"} 
[2026-04-04 02:27:30] local.INFO: Leaderboard request: {"mode":"challenge","limit":"20"} 
[2026-04-04 02:42:18] local.INFO: Leaderboard request: {"mode":"challenge","limit":"20"} 
[2026-04-04 02:42:43] local.INFO: Leaderboard request: {"mode":"challenge","limit":"20"} 
[2026-04-04 03:25:41] local.INFO: Leaderboard request: {"mode":"challenge","limit":"20"} 
[2026-04-04 05:21:06] local.INFO: Leaderboard request: {"mode":"challenge","limit":"20"} 
[2026-04-04 05:21:44] local.INFO: Leaderboard request: {"mode":"challenge","limit":"20"} 
[2026-04-04 05:48:03] local.INFO: Leaderboard request: {"mode":"challenge","limit":"20"} 
[2026-04-04 05:48:37] local.INFO: Leaderboard request: {"mode":"challenge","limit":"20"} 
[2026-04-04 06:03:51] local.INFO: Leaderboard request: {"mode":"challenge","limit":"20"} 
[2026-04-04 06:28:41] local.INFO: Leaderboard request: {"mode":"challenge","limit":"20"} 
[2026-04-04 06:29:03] local.INFO: Leaderboard request: {"mode":"challenge","limit":"20"} 
[2026-04-04 07:42:01] local.INFO: Leaderboard request: {"mode":"challenge","limit":"20"} 
[2026-04-04 07:42:09] local.INFO: Leaderboard request: {"mode":"challenge","limit":"20"} 
[2026-04-05 14:35:45] local.ERROR: No suitable servers found (`serverSelectionTryOnce` set): [connection refused calling hello on 'localhost:27017']. Topology type: Single {"exception":"[object] (MongoDB\\Driver\\Exception\\ConnectionTimeoutException(code: 13053): No suitable servers found (`serverSelectionTryOnce` set): [connection refused calling hello on 'localhost:27017']. Topology type: Single at C:\\laragon\\www\\api\\vendor\\mongodb\\mongodb\\src\\functions.php:600)
[stacktrace]
#0 C:\\laragon\\www\\api\\vendor\\mongodb\\mongodb\\src\\functions.php(600): MongoDB\\Driver\\Manager->selectServer(NULL)
#1 C:\\laragon\\www\\api\\vendor\\mongodb\\mongodb\\src\\Database.php(497): MongoDB\\select_server(Object(MongoDB\\Driver\\Manager), Array)
#2 C:\\laragon\\www\\api\\vendor\\mongodb\\laravel-mongodb\\src\\Schema\\Builder.php(94): MongoDB\\Database->listCollections(Array)
#3 C:\\laragon\\www\\api\\vendor\\mongodb\\laravel-mongodb\\src\\Schema\\Builder.php(105): MongoDB\\Laravel\\Schema\\Builder->hasCollection('migrations')
#4 C:\\laragon\\www\\api\\vendor\\laravel\\framework\\src\\Illuminate\\Database\\Migrations\\DatabaseMigrationRepository.php(185): MongoDB\\Laravel\\Schema\\Builder->hasTable('migrations')
#5 C:\\laragon\\www\\api\\vendor\\laravel\\framework\\src\\Illuminate\\Database\\Migrations\\Migrator.php(753): Illuminate\\Database\\Migrations\\DatabaseMigrationRepository->repositoryExists()
#6 C:\\laragon\\www\\api\\vendor\\laravel\\framework\\src\\Illuminate\\Database\\Console\\Migrations\\MigrateCommand.php(164): Illuminate\\Database\\Migrations\\Migrator->repositoryExists()
#7 C:\\laragon\\www\\api\\vendor\\laravel\\framework\\src\\Illuminate\\Support\\helpers.php(329): Illuminate\\Database\\Console\\Migrations\\MigrateCommand->Illuminate\\Database\\Console\\Migrations\\{closure}(1)
#8 C:\\laragon\\www\\api\\vendor\\laravel\\framework\\src\\Illuminate\\Database\\Console\\Migrations\\MigrateCommand.php(164): retry(1, Object(Closure), 0, Object(Closure))
#9 C:\\laragon\\www\\api\\vendor\\laravel\\framework\\src\\Illuminate\\Database\\Console\\Migrations\\MigrateCommand.php(140): Illuminate\\Database\\Console\\Migrations\\MigrateCommand->repositoryExists()
#10 C:\\laragon\\www\\api\\vendor\\laravel\\framework\\src\\Illuminate\\Database\\Console\\Migrations\\MigrateCommand.php(110): Illuminate\\Database\\Console\\Migrations\\MigrateCommand->prepareDatabase()
#11 C:\\laragon\\www\\api\\vendor\\laravel\\framework\\src\\Illuminate\\Database\\Migrations\\Migrator.php(666): Illuminate\\Database\\Console\\Migrations\\MigrateCommand->Illuminate\\Database\\Console\\Migrations\\{closure}()
#12 C:\\laragon\\www\\api\\vendor\\laravel\\framework\\src\\Illuminate\\Database\\Console\\Migrations\\MigrateCommand.php(109): Illuminate\\Database\\Migrations\\Migrator->usingConnection(NULL, Object(Closure))
#13 C:\\laragon\\www\\api\\vendor\\laravel\\framework\\src\\Illuminate\\Database\\Console\\Migrations\\MigrateCommand.php(88): Illuminate\\Database\\Console\\Migrations\\MigrateCommand->runMigrations()
#14 C:\\laragon\\www\\api\\vendor\\laravel\\framework\\src\\Illuminate\\Container\\BoundMethod.php(36): Illuminate\\Database\\Console\\Migrations\\MigrateCommand->handle()
#15 C:\\laragon\\www\\api\\vendor\\laravel\\framework\\src\\Illuminate\\Container\\Util.php(43): Illuminate\\Container\\BoundMethod::Illuminate\\Container\\{closure}()
#16 C:\\laragon\\www\\api\\vendor\\laravel\\framework\\src\\Illuminate\\Container\\BoundMethod.php(96): Illuminate\\Container\\Util::unwrapIfClosure(Object(Closure))
#17 C:\\laragon\\www\\api\\vendor\\laravel\\framework\\src\\Illuminate\\Container\\BoundMethod.php(35): Illuminate\\Container\\BoundMethod::callBoundMethod(Object(Illuminate\\Foundation\\Application), Array, Object(Closure))
#18 C:\\laragon\\www\\api\\vendor\\laravel\\framework\\src\\Illuminate\\Container\\Container.php(836): Illuminate\\Container\\BoundMethod::call(Object(Illuminate\\Foundation\\Application), Array, Array, NULL)
#19 C:\\laragon\\www\\api\\vendor\\laravel\\framework\\src\\Illuminate\\Console\\Command.php(211): Illuminate\\Container\\Container->call(Array)
#20 C:\\laragon\\www\\api\\vendor\\symfony\\console\\Command\\Command.php(318): Illuminate\\Console\\Command->execute(Object(Symfony\\Component\\Console\\Input\\ArgvInput), Object(Illuminate\\Console\\OutputStyle))
#21 C:\\laragon\\www\\api\\vendor\\laravel\\framework\\src\\Illuminate\\Console\\Command.php(180): Symfony\\Component\\Console\\Command\\Command->run(Object(Symfony\\Component\\Console\\Input\\ArgvInput), Object(Illuminate\\Console\\OutputStyle))
#22 C:\\laragon\\www\\api\\vendor\\symfony\\console\\Application.php(1073): Illuminate\\Console\\Command->run(Object(Symfony\\Component\\Console\\Input\\ArgvInput), Object(Symfony\\Component\\Console\\Output\\ConsoleOutput))
#23 C:\\laragon\\www\\api\\vendor\\symfony\\console\\Application.php(356): Symfony\\Component\\Console\\Application->doRunCommand(Object(Illuminate\\Database\\Console\\Migrations\\MigrateCommand), Object(Symfony\\Component\\Console\\Input\\ArgvInput), Object(Symfony\\Component\\Console\\Output\\ConsoleOutput))
#24 C:\\laragon\\www\\api\\vendor\\symfony\\console\\Application.php(195): Symfony\\Component\\Console\\Application->doRun(Object(Symfony\\Component\\Console\\Input\\ArgvInput), Object(Symfony\\Component\\Console\\Output\\ConsoleOutput))
#25 C:\\laragon\\www\\api\\vendor\\laravel\\framework\\src\\Illuminate\\Foundation\\Console\\Kernel.php(197): Symfony\\Component\\Console\\Application->run(Object(Symfony\\Component\\Console\\Input\\ArgvInput), Object(Symfony\\Component\\Console\\Output\\ConsoleOutput))
#26 C:\\laragon\\www\\api\\vendor\\laravel\\framework\\src\\Illuminate\\Foundation\\Application.php(1235): Illuminate\\Foundation\\Console\\Kernel->handle(Object(Symfony\\Component\\Console\\Input\\ArgvInput), Object(Symfony\\Component\\Console\\Output\\ConsoleOutput))
#27 C:\\laragon\\www\\api\\artisan(16): Illuminate\\Foundation\\Application->handleCommand(Object(Symfony\\Component\\Console\\Input\\ArgvInput))
#28 {main}
"} 
[2026-04-05 15:26:28] local.INFO: Admin image saved on update: C:\laragon\www\api\public\uploads/admins/admin_69d27e41cd296ab1900b2282_1775402788.jpg (5884 bytes)  
[2026-04-05 15:54:01] local.INFO: Admin image saved on update: C:\laragon\www\api\public\uploads/admins/admin_69d27e41cd296ab1900b2282_1775404441.jpg (27351 bytes)  
[2026-04-05 15:56:48] local.INFO: Admin image saved on update: C:\laragon\www\api\public\uploads/admins/admin_69d27e41cd296ab1900b2282_1775404608.jpg (5884 bytes)  
[2026-04-06 06:50:59] local.INFO: Created new player_stats record {"player_id":"69d356c7d54a2ba0810ac2a2","game_type":"memory_match"} 
[2026-04-06 07:00:19] local.INFO: Leaderboard request: {"mode":"challenge","limit":"20"} 
[2026-04-06 07:01:17] local.INFO: Leaderboard request: {"mode":"challenge","limit":"20"} 
[2026-04-06 07:01:33] local.INFO: Leaderboard request: {"mode":"challenge","limit":"20"} 
[2026-04-06 07:01:36] local.INFO: Leaderboard request: {"mode":"challenge","limit":"20"} 
[2026-04-06 08:06:37] local.INFO: ✅ Incremented stats {"player_id":"69d356c7d54a2ba0810ac2a2","game_type":"memory_match","category":"general","difficulty":"easy","new_count":1} 
[2026-04-06 08:11:18] local.INFO: Leaderboard request: {"mode":"challenge","limit":"20"} 
[2026-04-07 20:17:06] local.ERROR: Cannot declare class App\Http\Controllers\StarsController, because the name is already in use {"exception":"[object] (Symfony\\Component\\ErrorHandler\\Error\\FatalError(code: 0): Cannot declare class App\\Http\\Controllers\\StarsController, because the name is already in use at C:\\laragon\\www\\api\\app\\Http\\Controllers\\UserController.php:11)
[stacktrace]
#0 {main}
"} 
[2026-04-07 20:21:14] local.INFO: ✅ Incremented stats {"player_id":"69d356c7d54a2ba0810ac2a2","game_type":"memory_match","category":"general","difficulty":"easy","new_count":2} 
[2026-04-07 20:21:35] local.ERROR: Cannot declare class App\Http\Controllers\StarsController, because the name is already in use {"exception":"[object] (Symfony\\Component\\ErrorHandler\\Error\\FatalError(code: 0): Cannot declare class App\\Http\\Controllers\\StarsController, because the name is already in use at C:\\laragon\\www\\api\\app\\Http\\Controllers\\UserController.php:11)
[stacktrace]
#0 {main}
"} 
[2026-04-07 20:24:09] local.INFO: Leaderboard request: {"mode":"challenge","limit":"20"} 
[2026-04-07 20:24:12] local.INFO: Leaderboard request: {"mode":"challenge","limit":"20"} 
[2026-04-08 00:52:54] local.ERROR: syntax error, unexpected token "<<", expecting end of file {"exception":"[object] (ParseError(code: 0): syntax error, unexpected token \"<<\", expecting end of file at C:\\laragon\\www\\api\\routes\\api.php:170)
[stacktrace]
#0 C:\\laragon\\www\\api\\vendor\\laravel\\framework\\src\\Illuminate\\Routing\\Router.php(526): Illuminate\\Routing\\RouteFileRegistrar->register('C:\\\\laragon\\\\www\\\\...')
#1 C:\\laragon\\www\\api\\vendor\\laravel\\framework\\src\\Illuminate\\Routing\\Router.php(480): Illuminate\\Routing\\Router->loadRoutes('C:\\\\laragon\\\\www\\\\...')
#2 C:\\laragon\\www\\api\\vendor\\laravel\\framework\\src\\Illuminate\\Routing\\RouteRegistrar.php(212): Illuminate\\Routing\\Router->group(Array, 'C:\\\\laragon\\\\www\\\\...')
#3 C:\\laragon\\www\\api\\vendor\\laravel\\framework\\src\\Illuminate\\Foundation\\Configuration\\ApplicationBuilder.php(214): Illuminate\\Routing\\RouteRegistrar->group('C:\\\\laragon\\\\www\\\\...')
#4 C:\\laragon\\www\\api\\vendor\\laravel\\framework\\src\\Illuminate\\Container\\BoundMethod.php(36): Illuminate\\Foundation\\Configuration\\ApplicationBuilder->Illuminate\\Foundation\\Configuration\\{closure}()
#5 C:\\laragon\\www\\api\\vendor\\laravel\\framework\\src\\Illuminate\\Container\\Util.php(43): Illuminate\\Container\\BoundMethod::Illuminate\\Container\\{closure}()
#6 C:\\laragon\\www\\api\\vendor\\laravel\\framework\\src\\Illuminate\\Container\\BoundMethod.php(84): Illuminate\\Container\\Util::unwrapIfClosure(Object(Closure))
#7 C:\\laragon\\www\\api\\vendor\\laravel\\framework\\src\\Illuminate\\Container\\BoundMethod.php(35): Illuminate\\Container\\BoundMethod::callBoundMethod(Object(Illuminate\\Foundation\\Application), Object(Closure), Object(Closure))
#8 C:\\laragon\\www\\api\\vendor\\laravel\\framework\\src\\Illuminate\\Container\\Container.php(836): Illuminate\\Container\\BoundMethod::call(Object(Illuminate\\Foundation\\Application), Object(Closure), Array, NULL)
#9 C:\\laragon\\www\\api\\vendor\\laravel\\framework\\src\\Illuminate\\Foundation\\Support\\Providers\\RouteServiceProvider.php(162): Illuminate\\Container\\Container->call(Object(Closure))
#10 C:\\laragon\\www\\api\\vendor\\laravel\\framework\\src\\Illuminate\\Foundation\\Support\\Providers\\RouteServiceProvider.php(59): Illuminate\\Foundation\\Support\\Providers\\RouteServiceProvider->loadRoutes()
#11 C:\\laragon\\www\\api\\vendor\\laravel\\framework\\src\\Illuminate\\Container\\BoundMethod.php(36): Illuminate\\Foundation\\Support\\Providers\\RouteServiceProvider->Illuminate\\Foundation\\Support\\Providers\\{closure}()
#12 C:\\laragon\\www\\api\\vendor\\laravel\\framework\\src\\Illuminate\\Container\\Util.php(43): Illuminate\\Container\\BoundMethod::Illuminate\\Container\\{closure}()
#13 C:\\laragon\\www\\api\\vendor\\laravel\\framework\\src\\Illuminate\\Container\\BoundMethod.php(84): Illuminate\\Container\\Util::unwrapIfClosure(Object(Closure))
#14 C:\\laragon\\www\\api\\vendor\\laravel\\framework\\src\\Illuminate\\Container\\BoundMethod.php(35): Illuminate\\Container\\BoundMethod::callBoundMethod(Object(Illuminate\\Foundation\\Application), Object(Closure), Object(Closure))
#15 C:\\laragon\\www\\api\\vendor\\laravel\\framework\\src\\Illuminate\\Container\\Container.php(836): Illuminate\\Container\\BoundMethod::call(Object(Illuminate\\Foundation\\Application), Object(Closure), Array, NULL)
#16 C:\\laragon\\www\\api\\vendor\\laravel\\framework\\src\\Illuminate\\Support\\ServiceProvider.php(143): Illuminate\\Container\\Container->call(Object(Closure))
#17 C:\\laragon\\www\\api\\vendor\\laravel\\framework\\src\\Illuminate\\Foundation\\Application.php(1154): Illuminate\\Support\\ServiceProvider->callBootedCallbacks()
#18 C:\\laragon\\www\\api\\vendor\\laravel\\framework\\src\\Illuminate\\Foundation\\Application.php(1132): Illuminate\\Foundation\\Application->bootProvider(Object(Illuminate\\Foundation\\Support\\Providers\\RouteServiceProvider))
#19 [internal function]: Illuminate\\Foundation\\Application->Illuminate\\Foundation\\{closure}(Object(Illuminate\\Foundation\\Support\\Providers\\RouteServiceProvider), 'Illuminate\\\\Foun...')
#20 C:\\laragon\\www\\api\\vendor\\laravel\\framework\\src\\Illuminate\\Foundation\\Application.php(1131): array_walk(Array, Object(Closure))
#21 C:\\laragon\\www\\api\\vendor\\laravel\\framework\\src\\Illuminate\\Foundation\\Bootstrap\\BootProviders.php(17): Illuminate\\Foundation\\Application->boot()
#22 C:\\laragon\\www\\api\\vendor\\laravel\\framework\\src\\Illuminate\\Foundation\\Application.php(342): Illuminate\\Foundation\\Bootstrap\\BootProviders->bootstrap(Object(Illuminate\\Foundation\\Application))
#23 C:\\laragon\\www\\api\\vendor\\laravel\\framework\\src\\Illuminate\\Foundation\\Console\\Kernel.php(473): Illuminate\\Foundation\\Application->bootstrapWith(Array)
#24 C:\\laragon\\www\\api\\vendor\\laravel\\framework\\src\\Illuminate\\Foundation\\Console\\Kernel.php(195): Illuminate\\Foundation\\Console\\Kernel->bootstrap()
#25 C:\\laragon\\www\\api\\vendor\\laravel\\framework\\src\\Illuminate\\Foundation\\Application.php(1235): Illuminate\\Foundation\\Console\\Kernel->handle(Object(Symfony\\Component\\Console\\Input\\ArgvInput), Object(Symfony\\Component\\Console\\Output\\ConsoleOutput))
#26 C:\\laragon\\www\\api\\artisan(16): Illuminate\\Foundation\\Application->handleCommand(Object(Symfony\\Component\\Console\\Input\\ArgvInput))
#27 {main}
"} 
[2026-04-08 00:54:20] local.ERROR: syntax error, unexpected token "<<", expecting end of file {"exception":"[object] (ParseError(code: 0): syntax error, unexpected token \"<<\", expecting end of file at C:\\laragon\\www\\api\\routes\\api.php:170)
[stacktrace]
#0 C:\\laragon\\www\\api\\vendor\\laravel\\framework\\src\\Illuminate\\Routing\\Router.php(526): Illuminate\\Routing\\RouteFileRegistrar->register('C:\\\\laragon\\\\www\\\\...')
#1 C:\\laragon\\www\\api\\vendor\\laravel\\framework\\src\\Illuminate\\Routing\\Router.php(480): Illuminate\\Routing\\Router->loadRoutes('C:\\\\laragon\\\\www\\\\...')
#2 C:\\laragon\\www\\api\\vendor\\laravel\\framework\\src\\Illuminate\\Routing\\RouteRegistrar.php(212): Illuminate\\Routing\\Router->group(Array, 'C:\\\\laragon\\\\www\\\\...')
#3 C:\\laragon\\www\\api\\vendor\\laravel\\framework\\src\\Illuminate\\Foundation\\Configuration\\ApplicationBuilder.php(214): Illuminate\\Routing\\RouteRegistrar->group('C:\\\\laragon\\\\www\\\\...')
#4 C:\\laragon\\www\\api\\vendor\\laravel\\framework\\src\\Illuminate\\Container\\BoundMethod.php(36): Illuminate\\Foundation\\Configuration\\ApplicationBuilder->Illuminate\\Foundation\\Configuration\\{closure}()
#5 C:\\laragon\\www\\api\\vendor\\laravel\\framework\\src\\Illuminate\\Container\\Util.php(43): Illuminate\\Container\\BoundMethod::Illuminate\\Container\\{closure}()
#6 C:\\laragon\\www\\api\\vendor\\laravel\\framework\\src\\Illuminate\\Container\\BoundMethod.php(84): Illuminate\\Container\\Util::unwrapIfClosure(Object(Closure))
#7 C:\\laragon\\www\\api\\vendor\\laravel\\framework\\src\\Illuminate\\Container\\BoundMethod.php(35): Illuminate\\Container\\BoundMethod::callBoundMethod(Object(Illuminate\\Foundation\\Application), Object(Closure), Object(Closure))
#8 C:\\laragon\\www\\api\\vendor\\laravel\\framework\\src\\Illuminate\\Container\\Container.php(836): Illuminate\\Container\\BoundMethod::call(Object(Illuminate\\Foundation\\Application), Object(Closure), Array, NULL)
#9 C:\\laragon\\www\\api\\vendor\\laravel\\framework\\src\\Illuminate\\Foundation\\Support\\Providers\\RouteServiceProvider.php(162): Illuminate\\Container\\Container->call(Object(Closure))
#10 C:\\laragon\\www\\api\\vendor\\laravel\\framework\\src\\Illuminate\\Foundation\\Support\\Providers\\RouteServiceProvider.php(59): Illuminate\\Foundation\\Support\\Providers\\RouteServiceProvider->loadRoutes()
#11 C:\\laragon\\www\\api\\vendor\\laravel\\framework\\src\\Illuminate\\Container\\BoundMethod.php(36): Illuminate\\Foundation\\Support\\Providers\\RouteServiceProvider->Illuminate\\Foundation\\Support\\Providers\\{closure}()
#12 C:\\laragon\\www\\api\\vendor\\laravel\\framework\\src\\Illuminate\\Container\\Util.php(43): Illuminate\\Container\\BoundMethod::Illuminate\\Container\\{closure}()
#13 C:\\laragon\\www\\api\\vendor\\laravel\\framework\\src\\Illuminate\\Container\\BoundMethod.php(84): Illuminate\\Container\\Util::unwrapIfClosure(Object(Closure))
#14 C:\\laragon\\www\\api\\vendor\\laravel\\framework\\src\\Illuminate\\Container\\BoundMethod.php(35): Illuminate\\Container\\BoundMethod::callBoundMethod(Object(Illuminate\\Foundation\\Application), Object(Closure), Object(Closure))
#15 C:\\laragon\\www\\api\\vendor\\laravel\\framework\\src\\Illuminate\\Container\\Container.php(836): Illuminate\\Container\\BoundMethod::call(Object(Illuminate\\Foundation\\Application), Object(Closure), Array, NULL)
#16 C:\\laragon\\www\\api\\vendor\\laravel\\framework\\src\\Illuminate\\Support\\ServiceProvider.php(143): Illuminate\\Container\\Container->call(Object(Closure))
#17 C:\\laragon\\www\\api\\vendor\\laravel\\framework\\src\\Illuminate\\Foundation\\Application.php(1154): Illuminate\\Support\\ServiceProvider->callBootedCallbacks()
#18 C:\\laragon\\www\\api\\vendor\\laravel\\framework\\src\\Illuminate\\Foundation\\Application.php(1132): Illuminate\\Foundation\\Application->bootProvider(Object(Illuminate\\Foundation\\Support\\Providers\\RouteServiceProvider))
#19 [internal function]: Illuminate\\Foundation\\Application->Illuminate\\Foundation\\{closure}(Object(Illuminate\\Foundation\\Support\\Providers\\RouteServiceProvider), 'Illuminate\\\\Foun...')
#20 C:\\laragon\\www\\api\\vendor\\laravel\\framework\\src\\Illuminate\\Foundation\\Application.php(1131): array_walk(Array, Object(Closure))
#21 C:\\laragon\\www\\api\\vendor\\laravel\\framework\\src\\Illuminate\\Foundation\\Bootstrap\\BootProviders.php(17): Illuminate\\Foundation\\Application->boot()
#22 C:\\laragon\\www\\api\\vendor\\laravel\\framework\\src\\Illuminate\\Foundation\\Application.php(342): Illuminate\\Foundation\\Bootstrap\\BootProviders->bootstrap(Object(Illuminate\\Foundation\\Application))
#23 C:\\laragon\\www\\api\\vendor\\laravel\\framework\\src\\Illuminate\\Foundation\\Console\\Kernel.php(473): Illuminate\\Foundation\\Application->bootstrapWith(Array)
#24 C:\\laragon\\www\\api\\vendor\\laravel\\framework\\src\\Illuminate\\Foundation\\Console\\Kernel.php(195): Illuminate\\Foundation\\Console\\Kernel->bootstrap()
#25 C:\\laragon\\www\\api\\vendor\\laravel\\framework\\src\\Illuminate\\Foundation\\Application.php(1235): Illuminate\\Foundation\\Console\\Kernel->handle(Object(Symfony\\Component\\Console\\Input\\ArgvInput), Object(Symfony\\Component\\Console\\Output\\ConsoleOutput))
#26 C:\\laragon\\www\\api\\artisan(16): Illuminate\\Foundation\\Application->handleCommand(Object(Symfony\\Component\\Console\\Input\\ArgvInput))
#27 {main}
"} 
[2026-04-08 02:42:11] local.INFO: Leaderboard request: {"mode":"challenge","limit":"20"} 
[2026-04-08 02:42:34] local.INFO: Leaderboard request: {"mode":"challenge","limit":"20"} 
[2026-04-08 02:57:27] local.INFO: Leaderboard request: {"mode":"challenge","limit":"20"} 
[2026-04-08 03:00:24] local.INFO: Leaderboard request: {"mode":"challenge","limit":"20"} 
[2026-04-08 03:06:39] local.ERROR: syntax error, unexpected token "<<" {"exception":"[object] (ParseError(code: 0): syntax error, unexpected token \"<<\" at C:\\laragon\\www\\api\\app\\Http\\Controllers\\AdminController.php:1098)
[stacktrace]
#0 C:\\laragon\\www\\api\\vendor\\composer\\ClassLoader.php(427): Composer\\Autoload\\{closure}('C:\\\\laragon\\\\www\\\\...')
#1 [internal function]: Composer\\Autoload\\ClassLoader->loadClass('App\\\\Http\\\\Contro...')
#2 C:\\laragon\\www\\api\\vendor\\laravel\\framework\\src\\Illuminate\\Routing\\Route.php(1125): is_a('App\\\\Http\\\\Contro...', 'Illuminate\\\\Rout...', true)
#3 C:\\laragon\\www\\api\\vendor\\laravel\\framework\\src\\Illuminate\\Routing\\Route.php(1062): Illuminate\\Routing\\Route->controllerMiddleware()
#4 C:\\laragon\\www\\api\\vendor\\laravel\\framework\\src\\Illuminate\\Routing\\Router.php(834): Illuminate\\Routing\\Route->gatherMiddleware()
#5 C:\\laragon\\www\\api\\vendor\\laravel\\framework\\src\\Illuminate\\Routing\\Router.php(816): Illuminate\\Routing\\Router->gatherRouteMiddleware(Object(Illuminate\\Routing\\Route))
#6 C:\\laragon\\www\\api\\vendor\\laravel\\framework\\src\\Illuminate\\Routing\\Router.php(800): Illuminate\\Routing\\Router->runRouteWithinStack(Object(Illuminate\\Routing\\Route), Object(Illuminate\\Http\\Request))
#7 C:\\laragon\\www\\api\\vendor\\laravel\\framework\\src\\Illuminate\\Routing\\Router.php(764): Illuminate\\Routing\\Router->runRoute(Object(Illuminate\\Http\\Request), Object(Illuminate\\Routing\\Route))
#8 C:\\laragon\\www\\api\\vendor\\laravel\\framework\\src\\Illuminate\\Routing\\Router.php(753): Illuminate\\Routing\\Router->dispatchToRoute(Object(Illuminate\\Http\\Request))
#9 C:\\laragon\\www\\api\\vendor\\laravel\\framework\\src\\Illuminate\\Foundation\\Http\\Kernel.php(200): Illuminate\\Routing\\Router->dispatch(Object(Illuminate\\Http\\Request))
#10 C:\\laragon\\www\\api\\vendor\\laravel\\framework\\src\\Illuminate\\Pipeline\\Pipeline.php(180): Illuminate\\Foundation\\Http\\Kernel->Illuminate\\Foundation\\Http\\{closure}(Object(Illuminate\\Http\\Request))
#11 C:\\laragon\\www\\api\\app\\Http\\Middleware\\HandleCors.php(20): Illuminate\\Pipeline\\Pipeline->Illuminate\\Pipeline\\{closure}(Object(Illuminate\\Http\\Request))
#12 C:\\laragon\\www\\api\\vendor\\laravel\\framework\\src\\Illuminate\\Pipeline\\Pipeline.php(219): App\\Http\\Middleware\\HandleCors->handle(Object(Illuminate\\Http\\Request), Object(Closure))
#13 C:\\laragon\\www\\api\\vendor\\laravel\\framework\\src\\Illuminate\\Foundation\\Http\\Middleware\\TransformsRequest.php(21): Illuminate\\Pipeline\\Pipeline->Illuminate\\Pipeline\\{closure}(Object(Illuminate\\Http\\Request))
#14 C:\\laragon\\www\\api\\vendor\\laravel\\framework\\src\\Illuminate\\Foundation\\Http\\Middleware\\ConvertEmptyStringsToNull.php(31): Illuminate\\Foundation\\Http\\Middleware\\TransformsRequest->handle(Object(Illuminate\\Http\\Request), Object(Closure))
#15 C:\\laragon\\www\\api\\vendor\\laravel\\framework\\src\\Illuminate\\Pipeline\\Pipeline.php(219): Illuminate\\Foundation\\Http\\Middleware\\ConvertEmptyStringsToNull->handle(Object(Illuminate\\Http\\Request), Object(Closure))
#16 C:\\laragon\\www\\api\\vendor\\laravel\\framework\\src\\Illuminate\\Foundation\\Http\\Middleware\\TransformsRequest.php(21): Illuminate\\Pipeline\\Pipeline->Illuminate\\Pipeline\\{closure}(Object(Illuminate\\Http\\Request))
#17 C:\\laragon\\www\\api\\vendor\\laravel\\framework\\src\\Illuminate\\Foundation\\Http\\Middleware\\TrimStrings.php(51): Illuminate\\Foundation\\Http\\Middleware\\TransformsRequest->handle(Object(Illuminate\\Http\\Request), Object(Closure))
#18 C:\\laragon\\www\\api\\vendor\\laravel\\framework\\src\\Illuminate\\Pipeline\\Pipeline.php(219): Illuminate\\Foundation\\Http\\Middleware\\TrimStrings->handle(Object(Illuminate\\Http\\Request), Object(Closure))
#19 C:\\laragon\\www\\api\\vendor\\laravel\\framework\\src\\Illuminate\\Http\\Middleware\\ValidatePostSize.php(27): Illuminate\\Pipeline\\Pipeline->Illuminate\\Pipeline\\{closure}(Object(Illuminate\\Http\\Request))
#20 C:\\laragon\\www\\api\\vendor\\laravel\\framework\\src\\Illuminate\\Pipeline\\Pipeline.php(219): Illuminate\\Http\\Middleware\\ValidatePostSize->handle(Object(Illuminate\\Http\\Request), Object(Closure))
#21 C:\\laragon\\www\\api\\vendor\\laravel\\framework\\src\\Illuminate\\Foundation\\Http\\Middleware\\PreventRequestsDuringMaintenance.php(109): Illuminate\\Pipeline\\Pipeline->Illuminate\\Pipeline\\{closure}(Object(Illuminate\\Http\\Request))
#22 C:\\laragon\\www\\api\\vendor\\laravel\\framework\\src\\Illuminate\\Pipeline\\Pipeline.php(219): Illuminate\\Foundation\\Http\\Middleware\\PreventRequestsDuringMaintenance->handle(Object(Illuminate\\Http\\Request), Object(Closure))
#23 C:\\laragon\\www\\api\\vendor\\laravel\\framework\\src\\Illuminate\\Http\\Middleware\\HandleCors.php(61): Illuminate\\Pipeline\\Pipeline->Illuminate\\Pipeline\\{closure}(Object(Illuminate\\Http\\Request))
#24 C:\\laragon\\www\\api\\vendor\\laravel\\framework\\src\\Illuminate\\Pipeline\\Pipeline.php(219): Illuminate\\Http\\Middleware\\HandleCors->handle(Object(Illuminate\\Http\\Request), Object(Closure))
#25 C:\\laragon\\www\\api\\vendor\\laravel\\framework\\src\\Illuminate\\Http\\Middleware\\TrustProxies.php(58): Illuminate\\Pipeline\\Pipeline->Illuminate\\Pipeline\\{closure}(Object(Illuminate\\Http\\Request))
#26 C:\\laragon\\www\\api\\vendor\\laravel\\framework\\src\\Illuminate\\Pipeline\\Pipeline.php(219): Illuminate\\Http\\Middleware\\TrustProxies->handle(Object(Illuminate\\Http\\Request), Object(Closure))
#27 C:\\laragon\\www\\api\\vendor\\laravel\\framework\\src\\Illuminate\\Foundation\\Http\\Middleware\\InvokeDeferredCallbacks.php(22): Illuminate\\Pipeline\\Pipeline->Illuminate\\Pipeline\\{closure}(Object(Illuminate\\Http\\Request))
#28 C:\\laragon\\www\\api\\vendor\\laravel\\framework\\src\\Illuminate\\Pipeline\\Pipeline.php(219): Illuminate\\Foundation\\Http\\Middleware\\InvokeDeferredCallbacks->handle(Object(Illuminate\\Http\\Request), Object(Closure))
#29 C:\\laragon\\www\\api\\vendor\\laravel\\framework\\src\\Illuminate\\Http\\Middleware\\ValidatePathEncoding.php(26): Illuminate\\Pipeline\\Pipeline->Illuminate\\Pipeline\\{closure}(Object(Illuminate\\Http\\Request))
#30 C:\\laragon\\www\\api\\vendor\\laravel\\framework\\src\\Illuminate\\Pipeline\\Pipeline.php(219): Illuminate\\Http\\Middleware\\ValidatePathEncoding->handle(Object(Illuminate\\Http\\Request), Object(Closure))
#31 C:\\laragon\\www\\api\\vendor\\laravel\\framework\\src\\Illuminate\\Pipeline\\Pipeline.php(137): Illuminate\\Pipeline\\Pipeline->Illuminate\\Pipeline\\{closure}(Object(Illuminate\\Http\\Request))
#32 C:\\laragon\\www\\api\\vendor\\laravel\\framework\\src\\Illuminate\\Foundation\\Http\\Kernel.php(175): Illuminate\\Pipeline\\Pipeline->then(Object(Closure))
#33 C:\\laragon\\www\\api\\vendor\\laravel\\framework\\src\\Illuminate\\Foundation\\Http\\Kernel.php(144): Illuminate\\Foundation\\Http\\Kernel->sendRequestThroughRouter(Object(Illuminate\\Http\\Request))
#34 C:\\laragon\\www\\api\\vendor\\laravel\\framework\\src\\Illuminate\\Foundation\\Application.php(1220): Illuminate\\Foundation\\Http\\Kernel->handle(Object(Illuminate\\Http\\Request))
#35 C:\\laragon\\www\\api\\public\\index.php(20): Illuminate\\Foundation\\Application->handleRequest(Object(Illuminate\\Http\\Request))
#36 C:\\laragon\\www\\api\\vendor\\laravel\\framework\\src\\Illuminate\\Foundation\\resources\\server.php(23): require_once('C:\\\\laragon\\\\www\\\\...')
#37 {main}
"} 
[2026-04-08 03:30:15] local.INFO: Leaderboard request: {"mode":"challenge","limit":"20"} 
[2026-04-08 03:30:38] local.INFO: Leaderboard request: {"mode":"challenge","limit":"20"} 
[2026-04-08 03:31:24] local.INFO: Leaderboard request: {"mode":"challenge","limit":"20"} 
[2026-04-08 03:32:03] local.INFO: Leaderboard request: {"mode":"challenge","limit":"20"} 
[2026-04-08 05:59:50] local.INFO: Leaderboard request: {"mode":"challenge","limit":"20"} 
[2026-04-08 06:00:40] local.ERROR: syntax error, unexpected token "<<" {"exception":"[object] (ParseError(code: 0): syntax error, unexpected token \"<<\" at C:\\laragon\\www\\api\\app\\Http\\Controllers\\AdminController.php:1098)
[stacktrace]
#0 C:\\laragon\\www\\api\\vendor\\composer\\ClassLoader.php(427): Composer\\Autoload\\{closure}('C:\\\\laragon\\\\www\\\\...')
#1 [internal function]: Composer\\Autoload\\ClassLoader->loadClass('App\\\\Http\\\\Contro...')
#2 C:\\laragon\\www\\api\\vendor\\laravel\\framework\\src\\Illuminate\\Routing\\Route.php(1125): is_a('App\\\\Http\\\\Contro...', 'Illuminate\\\\Rout...', true)
#3 C:\\laragon\\www\\api\\vendor\\laravel\\framework\\src\\Illuminate\\Routing\\Route.php(1062): Illuminate\\Routing\\Route->controllerMiddleware()
#4 C:\\laragon\\www\\api\\vendor\\laravel\\framework\\src\\Illuminate\\Routing\\Router.php(834): Illuminate\\Routing\\Route->gatherMiddleware()
#5 C:\\laragon\\www\\api\\vendor\\laravel\\framework\\src\\Illuminate\\Routing\\Router.php(816): Illuminate\\Routing\\Router->gatherRouteMiddleware(Object(Illuminate\\Routing\\Route))
#6 C:\\laragon\\www\\api\\vendor\\laravel\\framework\\src\\Illuminate\\Routing\\Router.php(800): Illuminate\\Routing\\Router->runRouteWithinStack(Object(Illuminate\\Routing\\Route), Object(Illuminate\\Http\\Request))
#7 C:\\laragon\\www\\api\\vendor\\laravel\\framework\\src\\Illuminate\\Routing\\Router.php(764): Illuminate\\Routing\\Router->runRoute(Object(Illuminate\\Http\\Request), Object(Illuminate\\Routing\\Route))
#8 C:\\laragon\\www\\api\\vendor\\laravel\\framework\\src\\Illuminate\\Routing\\Router.php(753): Illuminate\\Routing\\Router->dispatchToRoute(Object(Illuminate\\Http\\Request))
#9 C:\\laragon\\www\\api\\vendor\\laravel\\framework\\src\\Illuminate\\Foundation\\Http\\Kernel.php(200): Illuminate\\Routing\\Router->dispatch(Object(Illuminate\\Http\\Request))
#10 C:\\laragon\\www\\api\\vendor\\laravel\\framework\\src\\Illuminate\\Pipeline\\Pipeline.php(180): Illuminate\\Foundation\\Http\\Kernel->Illuminate\\Foundation\\Http\\{closure}(Object(Illuminate\\Http\\Request))
#11 C:\\laragon\\www\\api\\app\\Http\\Middleware\\HandleCors.php(20): Illuminate\\Pipeline\\Pipeline->Illuminate\\Pipeline\\{closure}(Object(Illuminate\\Http\\Request))
#12 C:\\laragon\\www\\api\\vendor\\laravel\\framework\\src\\Illuminate\\Pipeline\\Pipeline.php(219): App\\Http\\Middleware\\HandleCors->handle(Object(Illuminate\\Http\\Request), Object(Closure))
#13 C:\\laragon\\www\\api\\vendor\\laravel\\framework\\src\\Illuminate\\Foundation\\Http\\Middleware\\TransformsRequest.php(21): Illuminate\\Pipeline\\Pipeline->Illuminate\\Pipeline\\{closure}(Object(Illuminate\\Http\\Request))
#14 C:\\laragon\\www\\api\\vendor\\laravel\\framework\\src\\Illuminate\\Foundation\\Http\\Middleware\\ConvertEmptyStringsToNull.php(31): Illuminate\\Foundation\\Http\\Middleware\\TransformsRequest->handle(Object(Illuminate\\Http\\Request), Object(Closure))
#15 C:\\laragon\\www\\api\\vendor\\laravel\\framework\\src\\Illuminate\\Pipeline\\Pipeline.php(219): Illuminate\\Foundation\\Http\\Middleware\\ConvertEmptyStringsToNull->handle(Object(Illuminate\\Http\\Request), Object(Closure))
#16 C:\\laragon\\www\\api\\vendor\\laravel\\framework\\src\\Illuminate\\Foundation\\Http\\Middleware\\TransformsRequest.php(21): Illuminate\\Pipeline\\Pipeline->Illuminate\\Pipeline\\{closure}(Object(Illuminate\\Http\\Request))
#17 C:\\laragon\\www\\api\\vendor\\laravel\\framework\\src\\Illuminate\\Foundation\\Http\\Middleware\\TrimStrings.php(51): Illuminate\\Foundation\\Http\\Middleware\\TransformsRequest->handle(Object(Illuminate\\Http\\Request), Object(Closure))
#18 C:\\laragon\\www\\api\\vendor\\laravel\\framework\\src\\Illuminate\\Pipeline\\Pipeline.php(219): Illuminate\\Foundation\\Http\\Middleware\\TrimStrings->handle(Object(Illuminate\\Http\\Request), Object(Closure))
#19 C:\\laragon\\www\\api\\vendor\\laravel\\framework\\src\\Illuminate\\Http\\Middleware\\ValidatePostSize.php(27): Illuminate\\Pipeline\\Pipeline->Illuminate\\Pipeline\\{closure}(Object(Illuminate\\Http\\Request))
#20 C:\\laragon\\www\\api\\vendor\\laravel\\framework\\src\\Illuminate\\Pipeline\\Pipeline.php(219): Illuminate\\Http\\Middleware\\ValidatePostSize->handle(Object(Illuminate\\Http\\Request), Object(Closure))
#21 C:\\laragon\\www\\api\\vendor\\laravel\\framework\\src\\Illuminate\\Foundation\\Http\\Middleware\\PreventRequestsDuringMaintenance.php(109): Illuminate\\Pipeline\\Pipeline->Illuminate\\Pipeline\\{closure}(Object(Illuminate\\Http\\Request))
#22 C:\\laragon\\www\\api\\vendor\\laravel\\framework\\src\\Illuminate\\Pipeline\\Pipeline.php(219): Illuminate\\Foundation\\Http\\Middleware\\PreventRequestsDuringMaintenance->handle(Object(Illuminate\\Http\\Request), Object(Closure))
#23 C:\\laragon\\www\\api\\vendor\\laravel\\framework\\src\\Illuminate\\Http\\Middleware\\HandleCors.php(61): Illuminate\\Pipeline\\Pipeline->Illuminate\\Pipeline\\{closure}(Object(Illuminate\\Http\\Request))
#24 C:\\laragon\\www\\api\\vendor\\laravel\\framework\\src\\Illuminate\\Pipeline\\Pipeline.php(219): Illuminate\\Http\\Middleware\\HandleCors->handle(Object(Illuminate\\Http\\Request), Object(Closure))
#25 C:\\laragon\\www\\api\\vendor\\laravel\\framework\\src\\Illuminate\\Http\\Middleware\\TrustProxies.php(58): Illuminate\\Pipeline\\Pipeline->Illuminate\\Pipeline\\{closure}(Object(Illuminate\\Http\\Request))
#26 C:\\laragon\\www\\api\\vendor\\laravel\\framework\\src\\Illuminate\\Pipeline\\Pipeline.php(219): Illuminate\\Http\\Middleware\\TrustProxies->handle(Object(Illuminate\\Http\\Request), Object(Closure))
#27 C:\\laragon\\www\\api\\vendor\\laravel\\framework\\src\\Illuminate\\Foundation\\Http\\Middleware\\InvokeDeferredCallbacks.php(22): Illuminate\\Pipeline\\Pipeline->Illuminate\\Pipeline\\{closure}(Object(Illuminate\\Http\\Request))
#28 C:\\laragon\\www\\api\\vendor\\laravel\\framework\\src\\Illuminate\\Pipeline\\Pipeline.php(219): Illuminate\\Foundation\\Http\\Middleware\\InvokeDeferredCallbacks->handle(Object(Illuminate\\Http\\Request), Object(Closure))
#29 C:\\laragon\\www\\api\\vendor\\laravel\\framework\\src\\Illuminate\\Http\\Middleware\\ValidatePathEncoding.php(26): Illuminate\\Pipeline\\Pipeline->Illuminate\\Pipeline\\{closure}(Object(Illuminate\\Http\\Request))
#30 C:\\laragon\\www\\api\\vendor\\laravel\\framework\\src\\Illuminate\\Pipeline\\Pipeline.php(219): Illuminate\\Http\\Middleware\\ValidatePathEncoding->handle(Object(Illuminate\\Http\\Request), Object(Closure))
#31 C:\\laragon\\www\\api\\vendor\\laravel\\framework\\src\\Illuminate\\Pipeline\\Pipeline.php(137): Illuminate\\Pipeline\\Pipeline->Illuminate\\Pipeline\\{closure}(Object(Illuminate\\Http\\Request))
#32 C:\\laragon\\www\\api\\vendor\\laravel\\framework\\src\\Illuminate\\Foundation\\Http\\Kernel.php(175): Illuminate\\Pipeline\\Pipeline->then(Object(Closure))
#33 C:\\laragon\\www\\api\\vendor\\laravel\\framework\\src\\Illuminate\\Foundation\\Http\\Kernel.php(144): Illuminate\\Foundation\\Http\\Kernel->sendRequestThroughRouter(Object(Illuminate\\Http\\Request))
#34 C:\\laragon\\www\\api\\vendor\\laravel\\framework\\src\\Illuminate\\Foundation\\Application.php(1220): Illuminate\\Foundation\\Http\\Kernel->handle(Object(Illuminate\\Http\\Request))
#35 C:\\laragon\\www\\api\\public\\index.php(20): Illuminate\\Foundation\\Application->handleRequest(Object(Illuminate\\Http\\Request))
#36 C:\\laragon\\www\\api\\vendor\\laravel\\framework\\src\\Illuminate\\Foundation\\resources\\server.php(23): require_once('C:\\\\laragon\\\\www\\\\...')
#37 {main}
"} 
[2026-04-08 06:00:42] local.ERROR: syntax error, unexpected token "<<" {"exception":"[object] (ParseError(code: 0): syntax error, unexpected token \"<<\" at C:\\laragon\\www\\api\\app\\Http\\Controllers\\AdminController.php:1098)
[stacktrace]
#0 C:\\laragon\\www\\api\\vendor\\composer\\ClassLoader.php(427): Composer\\Autoload\\{closure}('C:\\\\laragon\\\\www\\\\...')
#1 [internal function]: Composer\\Autoload\\ClassLoader->loadClass('App\\\\Http\\\\Contro...')
#2 C:\\laragon\\www\\api\\vendor\\laravel\\framework\\src\\Illuminate\\Routing\\Route.php(1125): is_a('App\\\\Http\\\\Contro...', 'Illuminate\\\\Rout...', true)
#3 C:\\laragon\\www\\api\\vendor\\laravel\\framework\\src\\Illuminate\\Routing\\Route.php(1062): Illuminate\\Routing\\Route->controllerMiddleware()
#4 C:\\laragon\\www\\api\\vendor\\laravel\\framework\\src\\Illuminate\\Routing\\Router.php(834): Illuminate\\Routing\\Route->gatherMiddleware()
#5 C:\\laragon\\www\\api\\vendor\\laravel\\framework\\src\\Illuminate\\Routing\\Router.php(816): Illuminate\\Routing\\Router->gatherRouteMiddleware(Object(Illuminate\\Routing\\Route))
#6 C:\\laragon\\www\\api\\vendor\\laravel\\framework\\src\\Illuminate\\Routing\\Router.php(800): Illuminate\\Routing\\Router->runRouteWithinStack(Object(Illuminate\\Routing\\Route), Object(Illuminate\\Http\\Request))
#7 C:\\laragon\\www\\api\\vendor\\laravel\\framework\\src\\Illuminate\\Routing\\Router.php(764): Illuminate\\Routing\\Router->runRoute(Object(Illuminate\\Http\\Request), Object(Illuminate\\Routing\\Route))
#8 C:\\laragon\\www\\api\\vendor\\laravel\\framework\\src\\Illuminate\\Routing\\Router.php(753): Illuminate\\Routing\\Router->dispatchToRoute(Object(Illuminate\\Http\\Request))
#9 C:\\laragon\\www\\api\\vendor\\laravel\\framework\\src\\Illuminate\\Foundation\\Http\\Kernel.php(200): Illuminate\\Routing\\Router->dispatch(Object(Illuminate\\Http\\Request))
#10 C:\\laragon\\www\\api\\vendor\\laravel\\framework\\src\\Illuminate\\Pipeline\\Pipeline.php(180): Illuminate\\Foundation\\Http\\Kernel->Illuminate\\Foundation\\Http\\{closure}(Object(Illuminate\\Http\\Request))
#11 C:\\laragon\\www\\api\\app\\Http\\Middleware\\HandleCors.php(20): Illuminate\\Pipeline\\Pipeline->Illuminate\\Pipeline\\{closure}(Object(Illuminate\\Http\\Request))
#12 C:\\laragon\\www\\api\\vendor\\laravel\\framework\\src\\Illuminate\\Pipeline\\Pipeline.php(219): App\\Http\\Middleware\\HandleCors->handle(Object(Illuminate\\Http\\Request), Object(Closure))
#13 C:\\laragon\\www\\api\\vendor\\laravel\\framework\\src\\Illuminate\\Foundation\\Http\\Middleware\\TransformsRequest.php(21): Illuminate\\Pipeline\\Pipeline->Illuminate\\Pipeline\\{closure}(Object(Illuminate\\Http\\Request))
#14 C:\\laragon\\www\\api\\vendor\\laravel\\framework\\src\\Illuminate\\Foundation\\Http\\Middleware\\ConvertEmptyStringsToNull.php(31): Illuminate\\Foundation\\Http\\Middleware\\TransformsRequest->handle(Object(Illuminate\\Http\\Request), Object(Closure))
#15 C:\\laragon\\www\\api\\vendor\\laravel\\framework\\src\\Illuminate\\Pipeline\\Pipeline.php(219): Illuminate\\Foundation\\Http\\Middleware\\ConvertEmptyStringsToNull->handle(Object(Illuminate\\Http\\Request), Object(Closure))
#16 C:\\laragon\\www\\api\\vendor\\laravel\\framework\\src\\Illuminate\\Foundation\\Http\\Middleware\\TransformsRequest.php(21): Illuminate\\Pipeline\\Pipeline->Illuminate\\Pipeline\\{closure}(Object(Illuminate\\Http\\Request))
#17 C:\\laragon\\www\\api\\vendor\\laravel\\framework\\src\\Illuminate\\Foundation\\Http\\Middleware\\TrimStrings.php(51): Illuminate\\Foundation\\Http\\Middleware\\TransformsRequest->handle(Object(Illuminate\\Http\\Request), Object(Closure))
#18 C:\\laragon\\www\\api\\vendor\\laravel\\framework\\src\\Illuminate\\Pipeline\\Pipeline.php(219): Illuminate\\Foundation\\Http\\Middleware\\TrimStrings->handle(Object(Illuminate\\Http\\Request), Object(Closure))
#19 C:\\laragon\\www\\api\\vendor\\laravel\\framework\\src\\Illuminate\\Http\\Middleware\\ValidatePostSize.php(27): Illuminate\\Pipeline\\Pipeline->Illuminate\\Pipeline\\{closure}(Object(Illuminate\\Http\\Request))
#20 C:\\laragon\\www\\api\\vendor\\laravel\\framework\\src\\Illuminate\\Pipeline\\Pipeline.php(219): Illuminate\\Http\\Middleware\\ValidatePostSize->handle(Object(Illuminate\\Http\\Request), Object(Closure))
#21 C:\\laragon\\www\\api\\vendor\\laravel\\framework\\src\\Illuminate\\Foundation\\Http\\Middleware\\PreventRequestsDuringMaintenance.php(109): Illuminate\\Pipeline\\Pipeline->Illuminate\\Pipeline\\{closure}(Object(Illuminate\\Http\\Request))
#22 C:\\laragon\\www\\api\\vendor\\laravel\\framework\\src\\Illuminate\\Pipeline\\Pipeline.php(219): Illuminate\\Foundation\\Http\\Middleware\\PreventRequestsDuringMaintenance->handle(Object(Illuminate\\Http\\Request), Object(Closure))
#23 C:\\laragon\\www\\api\\vendor\\laravel\\framework\\src\\Illuminate\\Http\\Middleware\\HandleCors.php(61): Illuminate\\Pipeline\\Pipeline->Illuminate\\Pipeline\\{closure}(Object(Illuminate\\Http\\Request))
#24 C:\\laragon\\www\\api\\vendor\\laravel\\framework\\src\\Illuminate\\Pipeline\\Pipeline.php(219): Illuminate\\Http\\Middleware\\HandleCors->handle(Object(Illuminate\\Http\\Request), Object(Closure))
#25 C:\\laragon\\www\\api\\vendor\\laravel\\framework\\src\\Illuminate\\Http\\Middleware\\TrustProxies.php(58): Illuminate\\Pipeline\\Pipeline->Illuminate\\Pipeline\\{closure}(Object(Illuminate\\Http\\Request))
#26 C:\\laragon\\www\\api\\vendor\\laravel\\framework\\src\\Illuminate\\Pipeline\\Pipeline.php(219): Illuminate\\Http\\Middleware\\TrustProxies->handle(Object(Illuminate\\Http\\Request), Object(Closure))
#27 C:\\laragon\\www\\api\\vendor\\laravel\\framework\\src\\Illuminate\\Foundation\\Http\\Middleware\\InvokeDeferredCallbacks.php(22): Illuminate\\Pipeline\\Pipeline->Illuminate\\Pipeline\\{closure}(Object(Illuminate\\Http\\Request))
#28 C:\\laragon\\www\\api\\vendor\\laravel\\framework\\src\\Illuminate\\Pipeline\\Pipeline.php(219): Illuminate\\Foundation\\Http\\Middleware\\InvokeDeferredCallbacks->handle(Object(Illuminate\\Http\\Request), Object(Closure))
#29 C:\\laragon\\www\\api\\vendor\\laravel\\framework\\src\\Illuminate\\Http\\Middleware\\ValidatePathEncoding.php(26): Illuminate\\Pipeline\\Pipeline->Illuminate\\Pipeline\\{closure}(Object(Illuminate\\Http\\Request))
#30 C:\\laragon\\www\\api\\vendor\\laravel\\framework\\src\\Illuminate\\Pipeline\\Pipeline.php(219): Illuminate\\Http\\Middleware\\ValidatePathEncoding->handle(Object(Illuminate\\Http\\Request), Object(Closure))
#31 C:\\laragon\\www\\api\\vendor\\laravel\\framework\\src\\Illuminate\\Pipeline\\Pipeline.php(137): Illuminate\\Pipeline\\Pipeline->Illuminate\\Pipeline\\{closure}(Object(Illuminate\\Http\\Request))
#32 C:\\laragon\\www\\api\\vendor\\laravel\\framework\\src\\Illuminate\\Foundation\\Http\\Kernel.php(175): Illuminate\\Pipeline\\Pipeline->then(Object(Closure))
#33 C:\\laragon\\www\\api\\vendor\\laravel\\framework\\src\\Illuminate\\Foundation\\Http\\Kernel.php(144): Illuminate\\Foundation\\Http\\Kernel->sendRequestThroughRouter(Object(Illuminate\\Http\\Request))
#34 C:\\laragon\\www\\api\\vendor\\laravel\\framework\\src\\Illuminate\\Foundation\\Application.php(1220): Illuminate\\Foundation\\Http\\Kernel->handle(Object(Illuminate\\Http\\Request))
#35 C:\\laragon\\www\\api\\public\\index.php(20): Illuminate\\Foundation\\Application->handleRequest(Object(Illuminate\\Http\\Request))
#36 C:\\laragon\\www\\api\\vendor\\laravel\\framework\\src\\Illuminate\\Foundation\\resources\\server.php(23): require_once('C:\\\\laragon\\\\www\\\\...')
#37 {main}
"} 
[2026-04-08 06:00:44] local.ERROR: syntax error, unexpected token "===" {"exception":"[object] (ParseError(code: 0): syntax error, unexpected token \"===\" at C:\\laragon\\www\\api\\app\\Http\\Controllers\\QuizController.php:48)
[stacktrace]
#0 C:\\laragon\\www\\api\\vendor\\composer\\ClassLoader.php(427): Composer\\Autoload\\{closure}('C:\\\\laragon\\\\www\\\\...')
#1 [internal function]: Composer\\Autoload\\ClassLoader->loadClass('App\\\\Http\\\\Contro...')
#2 C:\\laragon\\www\\api\\vendor\\laravel\\framework\\src\\Illuminate\\Routing\\Route.php(1125): is_a('App\\\\Http\\\\Contro...', 'Illuminate\\\\Rout...', true)
#3 C:\\laragon\\www\\api\\vendor\\laravel\\framework\\src\\Illuminate\\Routing\\Route.php(1062): Illuminate\\Routing\\Route->controllerMiddleware()
#4 C:\\laragon\\www\\api\\vendor\\laravel\\framework\\src\\Illuminate\\Routing\\Router.php(834): Illuminate\\Routing\\Route->gatherMiddleware()
#5 C:\\laragon\\www\\api\\vendor\\laravel\\framework\\src\\Illuminate\\Routing\\Router.php(816): Illuminate\\Routing\\Router->gatherRouteMiddleware(Object(Illuminate\\Routing\\Route))
#6 C:\\laragon\\www\\api\\vendor\\laravel\\framework\\src\\Illuminate\\Routing\\Router.php(800): Illuminate\\Routing\\Router->runRouteWithinStack(Object(Illuminate\\Routing\\Route), Object(Illuminate\\Http\\Request))
#7 C:\\laragon\\www\\api\\vendor\\laravel\\framework\\src\\Illuminate\\Routing\\Router.php(764): Illuminate\\Routing\\Router->runRoute(Object(Illuminate\\Http\\Request), Object(Illuminate\\Routing\\Route))
#8 C:\\laragon\\www\\api\\vendor\\laravel\\framework\\src\\Illuminate\\Routing\\Router.php(753): Illuminate\\Routing\\Router->dispatchToRoute(Object(Illuminate\\Http\\Request))
#9 C:\\laragon\\www\\api\\vendor\\laravel\\framework\\src\\Illuminate\\Foundation\\Http\\Kernel.php(200): Illuminate\\Routing\\Router->dispatch(Object(Illuminate\\Http\\Request))
#10 C:\\laragon\\www\\api\\vendor\\laravel\\framework\\src\\Illuminate\\Pipeline\\Pipeline.php(180): Illuminate\\Foundation\\Http\\Kernel->Illuminate\\Foundation\\Http\\{closure}(Object(Illuminate\\Http\\Request))
#11 C:\\laragon\\www\\api\\app\\Http\\Middleware\\HandleCors.php(20): Illuminate\\Pipeline\\Pipeline->Illuminate\\Pipeline\\{closure}(Object(Illuminate\\Http\\Request))
#12 C:\\laragon\\www\\api\\vendor\\laravel\\framework\\src\\Illuminate\\Pipeline\\Pipeline.php(219): App\\Http\\Middleware\\HandleCors->handle(Object(Illuminate\\Http\\Request), Object(Closure))
#13 C:\\laragon\\www\\api\\vendor\\laravel\\framework\\src\\Illuminate\\Foundation\\Http\\Middleware\\TransformsRequest.php(21): Illuminate\\Pipeline\\Pipeline->Illuminate\\Pipeline\\{closure}(Object(Illuminate\\Http\\Request))
#14 C:\\laragon\\www\\api\\vendor\\laravel\\framework\\src\\Illuminate\\Foundation\\Http\\Middleware\\ConvertEmptyStringsToNull.php(31): Illuminate\\Foundation\\Http\\Middleware\\TransformsRequest->handle(Object(Illuminate\\Http\\Request), Object(Closure))
#15 C:\\laragon\\www\\api\\vendor\\laravel\\framework\\src\\Illuminate\\Pipeline\\Pipeline.php(219): Illuminate\\Foundation\\Http\\Middleware\\ConvertEmptyStringsToNull->handle(Object(Illuminate\\Http\\Request), Object(Closure))
#16 C:\\laragon\\www\\api\\vendor\\laravel\\framework\\src\\Illuminate\\Foundation\\Http\\Middleware\\TransformsRequest.php(21): Illuminate\\Pipeline\\Pipeline->Illuminate\\Pipeline\\{closure}(Object(Illuminate\\Http\\Request))
#17 C:\\laragon\\www\\api\\vendor\\laravel\\framework\\src\\Illuminate\\Foundation\\Http\\Middleware\\TrimStrings.php(51): Illuminate\\Foundation\\Http\\Middleware\\TransformsRequest->handle(Object(Illuminate\\Http\\Request), Object(Closure))
#18 C:\\laragon\\www\\api\\vendor\\laravel\\framework\\src\\Illuminate\\Pipeline\\Pipeline.php(219): Illuminate\\Foundation\\Http\\Middleware\\TrimStrings->handle(Object(Illuminate\\Http\\Request), Object(Closure))
#19 C:\\laragon\\www\\api\\vendor\\laravel\\framework\\src\\Illuminate\\Http\\Middleware\\ValidatePostSize.php(27): Illuminate\\Pipeline\\Pipeline->Illuminate\\Pipeline\\{closure}(Object(Illuminate\\Http\\Request))
#20 C:\\laragon\\www\\api\\vendor\\laravel\\framework\\src\\Illuminate\\Pipeline\\Pipeline.php(219): Illuminate\\Http\\Middleware\\ValidatePostSize->handle(Object(Illuminate\\Http\\Request), Object(Closure))
#21 C:\\laragon\\www\\api\\vendor\\laravel\\framework\\src\\Illuminate\\Foundation\\Http\\Middleware\\PreventRequestsDuringMaintenance.php(109): Illuminate\\Pipeline\\Pipeline->Illuminate\\Pipeline\\{closure}(Object(Illuminate\\Http\\Request))
#22 C:\\laragon\\www\\api\\vendor\\laravel\\framework\\src\\Illuminate\\Pipeline\\Pipeline.php(219): Illuminate\\Foundation\\Http\\Middleware\\PreventRequestsDuringMaintenance->handle(Object(Illuminate\\Http\\Request), Object(Closure))
#23 C:\\laragon\\www\\api\\vendor\\laravel\\framework\\src\\Illuminate\\Http\\Middleware\\HandleCors.php(61): Illuminate\\Pipeline\\Pipeline->Illuminate\\Pipeline\\{closure}(Object(Illuminate\\Http\\Request))
#24 C:\\laragon\\www\\api\\vendor\\laravel\\framework\\src\\Illuminate\\Pipeline\\Pipeline.php(219): Illuminate\\Http\\Middleware\\HandleCors->handle(Object(Illuminate\\Http\\Request), Object(Closure))
#25 C:\\laragon\\www\\api\\vendor\\laravel\\framework\\src\\Illuminate\\Http\\Middleware\\TrustProxies.php(58): Illuminate\\Pipeline\\Pipeline->Illuminate\\Pipeline\\{closure}(Object(Illuminate\\Http\\Request))
#26 C:\\laragon\\www\\api\\vendor\\laravel\\framework\\src\\Illuminate\\Pipeline\\Pipeline.php(219): Illuminate\\Http\\Middleware\\TrustProxies->handle(Object(Illuminate\\Http\\Request), Object(Closure))
#27 C:\\laragon\\www\\api\\vendor\\laravel\\framework\\src\\Illuminate\\Foundation\\Http\\Middleware\\InvokeDeferredCallbacks.php(22): Illuminate\\Pipeline\\Pipeline->Illuminate\\Pipeline\\{closure}(Object(Illuminate\\Http\\Request))
#28 C:\\laragon\\www\\api\\vendor\\laravel\\framework\\src\\Illuminate\\Pipeline\\Pipeline.php(219): Illuminate\\Foundation\\Http\\Middleware\\InvokeDeferredCallbacks->handle(Object(Illuminate\\Http\\Request), Object(Closure))
#29 C:\\laragon\\www\\api\\vendor\\laravel\\framework\\src\\Illuminate\\Http\\Middleware\\ValidatePathEncoding.php(26): Illuminate\\Pipeline\\Pipeline->Illuminate\\Pipeline\\{closure}(Object(Illuminate\\Http\\Request))
#30 C:\\laragon\\www\\api\\vendor\\laravel\\framework\\src\\Illuminate\\Pipeline\\Pipeline.php(219): Illuminate\\Http\\Middleware\\ValidatePathEncoding->handle(Object(Illuminate\\Http\\Request), Object(Closure))
#31 C:\\laragon\\www\\api\\vendor\\laravel\\framework\\src\\Illuminate\\Pipeline\\Pipeline.php(137): Illuminate\\Pipeline\\Pipeline->Illuminate\\Pipeline\\{closure}(Object(Illuminate\\Http\\Request))
#32 C:\\laragon\\www\\api\\vendor\\laravel\\framework\\src\\Illuminate\\Foundation\\Http\\Kernel.php(175): Illuminate\\Pipeline\\Pipeline->then(Object(Closure))
#33 C:\\laragon\\www\\api\\vendor\\laravel\\framework\\src\\Illuminate\\Foundation\\Http\\Kernel.php(144): Illuminate\\Foundation\\Http\\Kernel->sendRequestThroughRouter(Object(Illuminate\\Http\\Request))
#34 C:\\laragon\\www\\api\\vendor\\laravel\\framework\\src\\Illuminate\\Foundation\\Application.php(1220): Illuminate\\Foundation\\Http\\Kernel->handle(Object(Illuminate\\Http\\Request))
#35 C:\\laragon\\www\\api\\public\\index.php(20): Illuminate\\Foundation\\Application->handleRequest(Object(Illuminate\\Http\\Request))
#36 C:\\laragon\\www\\api\\vendor\\laravel\\framework\\src\\Illuminate\\Foundation\\resources\\server.php(23): require_once('C:\\\\laragon\\\\www\\\\...')
#37 {main}
"} 
[2026-04-08 06:00:57] local.ERROR: syntax error, unexpected token "<<" {"exception":"[object] (ParseError(code: 0): syntax error, unexpected token \"<<\" at C:\\laragon\\www\\api\\app\\Http\\Controllers\\AdminController.php:1098)
[stacktrace]
#0 C:\\laragon\\www\\api\\vendor\\composer\\ClassLoader.php(427): Composer\\Autoload\\{closure}('C:\\\\laragon\\\\www\\\\...')
#1 [internal function]: Composer\\Autoload\\ClassLoader->loadClass('App\\\\Http\\\\Contro...')
#2 C:\\laragon\\www\\api\\vendor\\laravel\\framework\\src\\Illuminate\\Routing\\Route.php(1125): is_a('App\\\\Http\\\\Contro...', 'Illuminate\\\\Rout...', true)
#3 C:\\laragon\\www\\api\\vendor\\laravel\\framework\\src\\Illuminate\\Routing\\Route.php(1062): Illuminate\\Routing\\Route->controllerMiddleware()
#4 C:\\laragon\\www\\api\\vendor\\laravel\\framework\\src\\Illuminate\\Routing\\Router.php(834): Illuminate\\Routing\\Route->gatherMiddleware()
#5 C:\\laragon\\www\\api\\vendor\\laravel\\framework\\src\\Illuminate\\Routing\\Router.php(816): Illuminate\\Routing\\Router->gatherRouteMiddleware(Object(Illuminate\\Routing\\Route))
#6 C:\\laragon\\www\\api\\vendor\\laravel\\framework\\src\\Illuminate\\Routing\\Router.php(800): Illuminate\\Routing\\Router->runRouteWithinStack(Object(Illuminate\\Routing\\Route), Object(Illuminate\\Http\\Request))
#7 C:\\laragon\\www\\api\\vendor\\laravel\\framework\\src\\Illuminate\\Routing\\Router.php(764): Illuminate\\Routing\\Router->runRoute(Object(Illuminate\\Http\\Request), Object(Illuminate\\Routing\\Route))
#8 C:\\laragon\\www\\api\\vendor\\laravel\\framework\\src\\Illuminate\\Routing\\Router.php(753): Illuminate\\Routing\\Router->dispatchToRoute(Object(Illuminate\\Http\\Request))
#9 C:\\laragon\\www\\api\\vendor\\laravel\\framework\\src\\Illuminate\\Foundation\\Http\\Kernel.php(200): Illuminate\\Routing\\Router->dispatch(Object(Illuminate\\Http\\Request))
#10 C:\\laragon\\www\\api\\vendor\\laravel\\framework\\src\\Illuminate\\Pipeline\\Pipeline.php(180): Illuminate\\Foundation\\Http\\Kernel->Illuminate\\Foundation\\Http\\{closure}(Object(Illuminate\\Http\\Request))
#11 C:\\laragon\\www\\api\\app\\Http\\Middleware\\HandleCors.php(20): Illuminate\\Pipeline\\Pipeline->Illuminate\\Pipeline\\{closure}(Object(Illuminate\\Http\\Request))
#12 C:\\laragon\\www\\api\\vendor\\laravel\\framework\\src\\Illuminate\\Pipeline\\Pipeline.php(219): App\\Http\\Middleware\\HandleCors->handle(Object(Illuminate\\Http\\Request), Object(Closure))
#13 C:\\laragon\\www\\api\\vendor\\laravel\\framework\\src\\Illuminate\\Foundation\\Http\\Middleware\\TransformsRequest.php(21): Illuminate\\Pipeline\\Pipeline->Illuminate\\Pipeline\\{closure}(Object(Illuminate\\Http\\Request))
#14 C:\\laragon\\www\\api\\vendor\\laravel\\framework\\src\\Illuminate\\Foundation\\Http\\Middleware\\ConvertEmptyStringsToNull.php(31): Illuminate\\Foundation\\Http\\Middleware\\TransformsRequest->handle(Object(Illuminate\\Http\\Request), Object(Closure))
#15 C:\\laragon\\www\\api\\vendor\\laravel\\framework\\src\\Illuminate\\Pipeline\\Pipeline.php(219): Illuminate\\Foundation\\Http\\Middleware\\ConvertEmptyStringsToNull->handle(Object(Illuminate\\Http\\Request), Object(Closure))
#16 C:\\laragon\\www\\api\\vendor\\laravel\\framework\\src\\Illuminate\\Foundation\\Http\\Middleware\\TransformsRequest.php(21): Illuminate\\Pipeline\\Pipeline->Illuminate\\Pipeline\\{closure}(Object(Illuminate\\Http\\Request))
#17 C:\\laragon\\www\\api\\vendor\\laravel\\framework\\src\\Illuminate\\Foundation\\Http\\Middleware\\TrimStrings.php(51): Illuminate\\Foundation\\Http\\Middleware\\TransformsRequest->handle(Object(Illuminate\\Http\\Request), Object(Closure))
#18 C:\\laragon\\www\\api\\vendor\\laravel\\framework\\src\\Illuminate\\Pipeline\\Pipeline.php(219): Illuminate\\Foundation\\Http\\Middleware\\TrimStrings->handle(Object(Illuminate\\Http\\Request), Object(Closure))
#19 C:\\laragon\\www\\api\\vendor\\laravel\\framework\\src\\Illuminate\\Http\\Middleware\\ValidatePostSize.php(27): Illuminate\\Pipeline\\Pipeline->Illuminate\\Pipeline\\{closure}(Object(Illuminate\\Http\\Request))
#20 C:\\laragon\\www\\api\\vendor\\laravel\\framework\\src\\Illuminate\\Pipeline\\Pipeline.php(219): Illuminate\\Http\\Middleware\\ValidatePostSize->handle(Object(Illuminate\\Http\\Request), Object(Closure))
#21 C:\\laragon\\www\\api\\vendor\\laravel\\framework\\src\\Illuminate\\Foundation\\Http\\Middleware\\PreventRequestsDuringMaintenance.php(109): Illuminate\\Pipeline\\Pipeline->Illuminate\\Pipeline\\{closure}(Object(Illuminate\\Http\\Request))
#22 C:\\laragon\\www\\api\\vendor\\laravel\\framework\\src\\Illuminate\\Pipeline\\Pipeline.php(219): Illuminate\\Foundation\\Http\\Middleware\\PreventRequestsDuringMaintenance->handle(Object(Illuminate\\Http\\Request), Object(Closure))
#23 C:\\laragon\\www\\api\\vendor\\laravel\\framework\\src\\Illuminate\\Http\\Middleware\\HandleCors.php(61): Illuminate\\Pipeline\\Pipeline->Illuminate\\Pipeline\\{closure}(Object(Illuminate\\Http\\Request))
#24 C:\\laragon\\www\\api\\vendor\\laravel\\framework\\src\\Illuminate\\Pipeline\\Pipeline.php(219): Illuminate\\Http\\Middleware\\HandleCors->handle(Object(Illuminate\\Http\\Request), Object(Closure))
#25 C:\\laragon\\www\\api\\vendor\\laravel\\framework\\src\\Illuminate\\Http\\Middleware\\TrustProxies.php(58): Illuminate\\Pipeline\\Pipeline->Illuminate\\Pipeline\\{closure}(Object(Illuminate\\Http\\Request))
#26 C:\\laragon\\www\\api\\vendor\\laravel\\framework\\src\\Illuminate\\Pipeline\\Pipeline.php(219): Illuminate\\Http\\Middleware\\TrustProxies->handle(Object(Illuminate\\Http\\Request), Object(Closure))
#27 C:\\laragon\\www\\api\\vendor\\laravel\\framework\\src\\Illuminate\\Foundation\\Http\\Middleware\\InvokeDeferredCallbacks.php(22): Illuminate\\Pipeline\\Pipeline->Illuminate\\Pipeline\\{closure}(Object(Illuminate\\Http\\Request))
#28 C:\\laragon\\www\\api\\vendor\\laravel\\framework\\src\\Illuminate\\Pipeline\\Pipeline.php(219): Illuminate\\Foundation\\Http\\Middleware\\InvokeDeferredCallbacks->handle(Object(Illuminate\\Http\\Request), Object(Closure))
#29 C:\\laragon\\www\\api\\vendor\\laravel\\framework\\src\\Illuminate\\Http\\Middleware\\ValidatePathEncoding.php(26): Illuminate\\Pipeline\\Pipeline->Illuminate\\Pipeline\\{closure}(Object(Illuminate\\Http\\Request))
#30 C:\\laragon\\www\\api\\vendor\\laravel\\framework\\src\\Illuminate\\Pipeline\\Pipeline.php(219): Illuminate\\Http\\Middleware\\ValidatePathEncoding->handle(Object(Illuminate\\Http\\Request), Object(Closure))
#31 C:\\laragon\\www\\api\\vendor\\laravel\\framework\\src\\Illuminate\\Pipeline\\Pipeline.php(137): Illuminate\\Pipeline\\Pipeline->Illuminate\\Pipeline\\{closure}(Object(Illuminate\\Http\\Request))
#32 C:\\laragon\\www\\api\\vendor\\laravel\\framework\\src\\Illuminate\\Foundation\\Http\\Kernel.php(175): Illuminate\\Pipeline\\Pipeline->then(Object(Closure))
#33 C:\\laragon\\www\\api\\vendor\\laravel\\framework\\src\\Illuminate\\Foundation\\Http\\Kernel.php(144): Illuminate\\Foundation\\Http\\Kernel->sendRequestThroughRouter(Object(Illuminate\\Http\\Request))
#34 C:\\laragon\\www\\api\\vendor\\laravel\\framework\\src\\Illuminate\\Foundation\\Application.php(1220): Illuminate\\Foundation\\Http\\Kernel->handle(Object(Illuminate\\Http\\Request))
#35 C:\\laragon\\www\\api\\public\\index.php(20): Illuminate\\Foundation\\Application->handleRequest(Object(Illuminate\\Http\\Request))
#36 C:\\laragon\\www\\api\\vendor\\laravel\\framework\\src\\Illuminate\\Foundation\\resources\\server.php(23): require_once('C:\\\\laragon\\\\www\\\\...')
#37 {main}
"} 
[2026-04-08 06:01:01] local.ERROR: syntax error, unexpected token "===" {"exception":"[object] (ParseError(code: 0): syntax error, unexpected token \"===\" at C:\\laragon\\www\\api\\app\\Http\\Controllers\\QuizController.php:48)
[stacktrace]
#0 C:\\laragon\\www\\api\\vendor\\composer\\ClassLoader.php(427): Composer\\Autoload\\{closure}('C:\\\\laragon\\\\www\\\\...')
#1 [internal function]: Composer\\Autoload\\ClassLoader->loadClass('App\\\\Http\\\\Contro...')
#2 C:\\laragon\\www\\api\\vendor\\laravel\\framework\\src\\Illuminate\\Routing\\Route.php(1125): is_a('App\\\\Http\\\\Contro...', 'Illuminate\\\\Rout...', true)
#3 C:\\laragon\\www\\api\\vendor\\laravel\\framework\\src\\Illuminate\\Routing\\Route.php(1062): Illuminate\\Routing\\Route->controllerMiddleware()
#4 C:\\laragon\\www\\api\\vendor\\laravel\\framework\\src\\Illuminate\\Routing\\Router.php(834): Illuminate\\Routing\\Route->gatherMiddleware()
#5 C:\\laragon\\www\\api\\vendor\\laravel\\framework\\src\\Illuminate\\Routing\\Router.php(816): Illuminate\\Routing\\Router->gatherRouteMiddleware(Object(Illuminate\\Routing\\Route))
#6 C:\\laragon\\www\\api\\vendor\\laravel\\framework\\src\\Illuminate\\Routing\\Router.php(800): Illuminate\\Routing\\Router->runRouteWithinStack(Object(Illuminate\\Routing\\Route), Object(Illuminate\\Http\\Request))
#7 C:\\laragon\\www\\api\\vendor\\laravel\\framework\\src\\Illuminate\\Routing\\Router.php(764): Illuminate\\Routing\\Router->runRoute(Object(Illuminate\\Http\\Request), Object(Illuminate\\Routing\\Route))
#8 C:\\laragon\\www\\api\\vendor\\laravel\\framework\\src\\Illuminate\\Routing\\Router.php(753): Illuminate\\Routing\\Router->dispatchToRoute(Object(Illuminate\\Http\\Request))
#9 C:\\laragon\\www\\api\\vendor\\laravel\\framework\\src\\Illuminate\\Foundation\\Http\\Kernel.php(200): Illuminate\\Routing\\Router->dispatch(Object(Illuminate\\Http\\Request))
#10 C:\\laragon\\www\\api\\vendor\\laravel\\framework\\src\\Illuminate\\Pipeline\\Pipeline.php(180): Illuminate\\Foundation\\Http\\Kernel->Illuminate\\Foundation\\Http\\{closure}(Object(Illuminate\\Http\\Request))
#11 C:\\laragon\\www\\api\\app\\Http\\Middleware\\HandleCors.php(20): Illuminate\\Pipeline\\Pipeline->Illuminate\\Pipeline\\{closure}(Object(Illuminate\\Http\\Request))
#12 C:\\laragon\\www\\api\\vendor\\laravel\\framework\\src\\Illuminate\\Pipeline\\Pipeline.php(219): App\\Http\\Middleware\\HandleCors->handle(Object(Illuminate\\Http\\Request), Object(Closure))
#13 C:\\laragon\\www\\api\\vendor\\laravel\\framework\\src\\Illuminate\\Foundation\\Http\\Middleware\\TransformsRequest.php(21): Illuminate\\Pipeline\\Pipeline->Illuminate\\Pipeline\\{closure}(Object(Illuminate\\Http\\Request))
#14 C:\\laragon\\www\\api\\vendor\\laravel\\framework\\src\\Illuminate\\Foundation\\Http\\Middleware\\ConvertEmptyStringsToNull.php(31): Illuminate\\Foundation\\Http\\Middleware\\TransformsRequest->handle(Object(Illuminate\\Http\\Request), Object(Closure))
#15 C:\\laragon\\www\\api\\vendor\\laravel\\framework\\src\\Illuminate\\Pipeline\\Pipeline.php(219): Illuminate\\Foundation\\Http\\Middleware\\ConvertEmptyStringsToNull->handle(Object(Illuminate\\Http\\Request), Object(Closure))
#16 C:\\laragon\\www\\api\\vendor\\laravel\\framework\\src\\Illuminate\\Foundation\\Http\\Middleware\\TransformsRequest.php(21): Illuminate\\Pipeline\\Pipeline->Illuminate\\Pipeline\\{closure}(Object(Illuminate\\Http\\Request))
#17 C:\\laragon\\www\\api\\vendor\\laravel\\framework\\src\\Illuminate\\Foundation\\Http\\Middleware\\TrimStrings.php(51): Illuminate\\Foundation\\Http\\Middleware\\TransformsRequest->handle(Object(Illuminate\\Http\\Request), Object(Closure))
#18 C:\\laragon\\www\\api\\vendor\\laravel\\framework\\src\\Illuminate\\Pipeline\\Pipeline.php(219): Illuminate\\Foundation\\Http\\Middleware\\TrimStrings->handle(Object(Illuminate\\Http\\Request), Object(Closure))
#19 C:\\laragon\\www\\api\\vendor\\laravel\\framework\\src\\Illuminate\\Http\\Middleware\\ValidatePostSize.php(27): Illuminate\\Pipeline\\Pipeline->Illuminate\\Pipeline\\{closure}(Object(Illuminate\\Http\\Request))
#20 C:\\laragon\\www\\api\\vendor\\laravel\\framework\\src\\Illuminate\\Pipeline\\Pipeline.php(219): Illuminate\\Http\\Middleware\\ValidatePostSize->handle(Object(Illuminate\\Http\\Request), Object(Closure))
#21 C:\\laragon\\www\\api\\vendor\\laravel\\framework\\src\\Illuminate\\Foundation\\Http\\Middleware\\PreventRequestsDuringMaintenance.php(109): Illuminate\\Pipeline\\Pipeline->Illuminate\\Pipeline\\{closure}(Object(Illuminate\\Http\\Request))
#22 C:\\laragon\\www\\api\\vendor\\laravel\\framework\\src\\Illuminate\\Pipeline\\Pipeline.php(219): Illuminate\\Foundation\\Http\\Middleware\\PreventRequestsDuringMaintenance->handle(Object(Illuminate\\Http\\Request), Object(Closure))
#23 C:\\laragon\\www\\api\\vendor\\laravel\\framework\\src\\Illuminate\\Http\\Middleware\\HandleCors.php(61): Illuminate\\Pipeline\\Pipeline->Illuminate\\Pipeline\\{closure}(Object(Illuminate\\Http\\Request))
#24 C:\\laragon\\www\\api\\vendor\\laravel\\framework\\src\\Illuminate\\Pipeline\\Pipeline.php(219): Illuminate\\Http\\Middleware\\HandleCors->handle(Object(Illuminate\\Http\\Request), Object(Closure))
#25 C:\\laragon\\www\\api\\vendor\\laravel\\framework\\src\\Illuminate\\Http\\Middleware\\TrustProxies.php(58): Illuminate\\Pipeline\\Pipeline->Illuminate\\Pipeline\\{closure}(Object(Illuminate\\Http\\Request))
#26 C:\\laragon\\www\\api\\vendor\\laravel\\framework\\src\\Illuminate\\Pipeline\\Pipeline.php(219): Illuminate\\Http\\Middleware\\TrustProxies->handle(Object(Illuminate\\Http\\Request), Object(Closure))
#27 C:\\laragon\\www\\api\\vendor\\laravel\\framework\\src\\Illuminate\\Foundation\\Http\\Middleware\\InvokeDeferredCallbacks.php(22): Illuminate\\Pipeline\\Pipeline->Illuminate\\Pipeline\\{closure}(Object(Illuminate\\Http\\Request))
#28 C:\\laragon\\www\\api\\vendor\\laravel\\framework\\src\\Illuminate\\Pipeline\\Pipeline.php(219): Illuminate\\Foundation\\Http\\Middleware\\InvokeDeferredCallbacks->handle(Object(Illuminate\\Http\\Request), Object(Closure))
#29 C:\\laragon\\www\\api\\vendor\\laravel\\framework\\src\\Illuminate\\Http\\Middleware\\ValidatePathEncoding.php(26): Illuminate\\Pipeline\\Pipeline->Illuminate\\Pipeline\\{closure}(Object(Illuminate\\Http\\Request))
#30 C:\\laragon\\www\\api\\vendor\\laravel\\framework\\src\\Illuminate\\Pipeline\\Pipeline.php(219): Illuminate\\Http\\Middleware\\ValidatePathEncoding->handle(Object(Illuminate\\Http\\Request), Object(Closure))
#31 C:\\laragon\\www\\api\\vendor\\laravel\\framework\\src\\Illuminate\\Pipeline\\Pipeline.php(137): Illuminate\\Pipeline\\Pipeline->Illuminate\\Pipeline\\{closure}(Object(Illuminate\\Http\\Request))
#32 C:\\laragon\\www\\api\\vendor\\laravel\\framework\\src\\Illuminate\\Foundation\\Http\\Kernel.php(175): Illuminate\\Pipeline\\Pipeline->then(Object(Closure))
#33 C:\\laragon\\www\\api\\vendor\\laravel\\framework\\src\\Illuminate\\Foundation\\Http\\Kernel.php(144): Illuminate\\Foundation\\Http\\Kernel->sendRequestThroughRouter(Object(Illuminate\\Http\\Request))
#34 C:\\laragon\\www\\api\\vendor\\laravel\\framework\\src\\Illuminate\\Foundation\\Application.php(1220): Illuminate\\Foundation\\Http\\Kernel->handle(Object(Illuminate\\Http\\Request))
#35 C:\\laragon\\www\\api\\public\\index.php(20): Illuminate\\Foundation\\Application->handleRequest(Object(Illuminate\\Http\\Request))
#36 C:\\laragon\\www\\api\\vendor\\laravel\\framework\\src\\Illuminate\\Foundation\\resources\\server.php(23): require_once('C:\\\\laragon\\\\www\\\\...')
#37 {main}
"} 
[2026-04-08 06:01:20] local.INFO: Leaderboard request: {"mode":"challenge","limit":"20"} 
[2026-04-08 06:01:32] local.ERROR: syntax error, unexpected token "<<" {"exception":"[object] (ParseError(code: 0): syntax error, unexpected token \"<<\" at C:\\laragon\\www\\api\\app\\Http\\Controllers\\BadgeController.php:80)
[stacktrace]
#0 C:\\laragon\\www\\api\\vendor\\composer\\ClassLoader.php(427): Composer\\Autoload\\{closure}('C:\\\\laragon\\\\www\\\\...')
#1 [internal function]: Composer\\Autoload\\ClassLoader->loadClass('App\\\\Http\\\\Contro...')
#2 C:\\laragon\\www\\api\\vendor\\laravel\\framework\\src\\Illuminate\\Routing\\Route.php(1125): is_a('App\\\\Http\\\\Contro...', 'Illuminate\\\\Rout...', true)
#3 C:\\laragon\\www\\api\\vendor\\laravel\\framework\\src\\Illuminate\\Routing\\Route.php(1062): Illuminate\\Routing\\Route->controllerMiddleware()
#4 C:\\laragon\\www\\api\\vendor\\laravel\\framework\\src\\Illuminate\\Routing\\Router.php(834): Illuminate\\Routing\\Route->gatherMiddleware()
#5 C:\\laragon\\www\\api\\vendor\\laravel\\framework\\src\\Illuminate\\Routing\\Router.php(816): Illuminate\\Routing\\Router->gatherRouteMiddleware(Object(Illuminate\\Routing\\Route))
#6 C:\\laragon\\www\\api\\vendor\\laravel\\framework\\src\\Illuminate\\Routing\\Router.php(800): Illuminate\\Routing\\Router->runRouteWithinStack(Object(Illuminate\\Routing\\Route), Object(Illuminate\\Http\\Request))
#7 C:\\laragon\\www\\api\\vendor\\laravel\\framework\\src\\Illuminate\\Routing\\Router.php(764): Illuminate\\Routing\\Router->runRoute(Object(Illuminate\\Http\\Request), Object(Illuminate\\Routing\\Route))
#8 C:\\laragon\\www\\api\\vendor\\laravel\\framework\\src\\Illuminate\\Routing\\Router.php(753): Illuminate\\Routing\\Router->dispatchToRoute(Object(Illuminate\\Http\\Request))
#9 C:\\laragon\\www\\api\\vendor\\laravel\\framework\\src\\Illuminate\\Foundation\\Http\\Kernel.php(200): Illuminate\\Routing\\Router->dispatch(Object(Illuminate\\Http\\Request))
#10 C:\\laragon\\www\\api\\vendor\\laravel\\framework\\src\\Illuminate\\Pipeline\\Pipeline.php(180): Illuminate\\Foundation\\Http\\Kernel->Illuminate\\Foundation\\Http\\{closure}(Object(Illuminate\\Http\\Request))
#11 C:\\laragon\\www\\api\\app\\Http\\Middleware\\HandleCors.php(20): Illuminate\\Pipeline\\Pipeline->Illuminate\\Pipeline\\{closure}(Object(Illuminate\\Http\\Request))
#12 C:\\laragon\\www\\api\\vendor\\laravel\\framework\\src\\Illuminate\\Pipeline\\Pipeline.php(219): App\\Http\\Middleware\\HandleCors->handle(Object(Illuminate\\Http\\Request), Object(Closure))
#13 C:\\laragon\\www\\api\\vendor\\laravel\\framework\\src\\Illuminate\\Foundation\\Http\\Middleware\\TransformsRequest.php(21): Illuminate\\Pipeline\\Pipeline->Illuminate\\Pipeline\\{closure}(Object(Illuminate\\Http\\Request))
#14 C:\\laragon\\www\\api\\vendor\\laravel\\framework\\src\\Illuminate\\Foundation\\Http\\Middleware\\ConvertEmptyStringsToNull.php(31): Illuminate\\Foundation\\Http\\Middleware\\TransformsRequest->handle(Object(Illuminate\\Http\\Request), Object(Closure))
#15 C:\\laragon\\www\\api\\vendor\\laravel\\framework\\src\\Illuminate\\Pipeline\\Pipeline.php(219): Illuminate\\Foundation\\Http\\Middleware\\ConvertEmptyStringsToNull->handle(Object(Illuminate\\Http\\Request), Object(Closure))
#16 C:\\laragon\\www\\api\\vendor\\laravel\\framework\\src\\Illuminate\\Foundation\\Http\\Middleware\\TransformsRequest.php(21): Illuminate\\Pipeline\\Pipeline->Illuminate\\Pipeline\\{closure}(Object(Illuminate\\Http\\Request))
#17 C:\\laragon\\www\\api\\vendor\\laravel\\framework\\src\\Illuminate\\Foundation\\Http\\Middleware\\TrimStrings.php(51): Illuminate\\Foundation\\Http\\Middleware\\TransformsRequest->handle(Object(Illuminate\\Http\\Request), Object(Closure))
#18 C:\\laragon\\www\\api\\vendor\\laravel\\framework\\src\\Illuminate\\Pipeline\\Pipeline.php(219): Illuminate\\Foundation\\Http\\Middleware\\TrimStrings->handle(Object(Illuminate\\Http\\Request), Object(Closure))
#19 C:\\laragon\\www\\api\\vendor\\laravel\\framework\\src\\Illuminate\\Http\\Middleware\\ValidatePostSize.php(27): Illuminate\\Pipeline\\Pipeline->Illuminate\\Pipeline\\{closure}(Object(Illuminate\\Http\\Request))
#20 C:\\laragon\\www\\api\\vendor\\laravel\\framework\\src\\Illuminate\\Pipeline\\Pipeline.php(219): Illuminate\\Http\\Middleware\\ValidatePostSize->handle(Object(Illuminate\\Http\\Request), Object(Closure))
#21 C:\\laragon\\www\\api\\vendor\\laravel\\framework\\src\\Illuminate\\Foundation\\Http\\Middleware\\PreventRequestsDuringMaintenance.php(109): Illuminate\\Pipeline\\Pipeline->Illuminate\\Pipeline\\{closure}(Object(Illuminate\\Http\\Request))
#22 C:\\laragon\\www\\api\\vendor\\laravel\\framework\\src\\Illuminate\\Pipeline\\Pipeline.php(219): Illuminate\\Foundation\\Http\\Middleware\\PreventRequestsDuringMaintenance->handle(Object(Illuminate\\Http\\Request), Object(Closure))
#23 C:\\laragon\\www\\api\\vendor\\laravel\\framework\\src\\Illuminate\\Http\\Middleware\\HandleCors.php(61): Illuminate\\Pipeline\\Pipeline->Illuminate\\Pipeline\\{closure}(Object(Illuminate\\Http\\Request))
#24 C:\\laragon\\www\\api\\vendor\\laravel\\framework\\src\\Illuminate\\Pipeline\\Pipeline.php(219): Illuminate\\Http\\Middleware\\HandleCors->handle(Object(Illuminate\\Http\\Request), Object(Closure))
#25 C:\\laragon\\www\\api\\vendor\\laravel\\framework\\src\\Illuminate\\Http\\Middleware\\TrustProxies.php(58): Illuminate\\Pipeline\\Pipeline->Illuminate\\Pipeline\\{closure}(Object(Illuminate\\Http\\Request))
#26 C:\\laragon\\www\\api\\vendor\\laravel\\framework\\src\\Illuminate\\Pipeline\\Pipeline.php(219): Illuminate\\Http\\Middleware\\TrustProxies->handle(Object(Illuminate\\Http\\Request), Object(Closure))
#27 C:\\laragon\\www\\api\\vendor\\laravel\\framework\\src\\Illuminate\\Foundation\\Http\\Middleware\\InvokeDeferredCallbacks.php(22): Illuminate\\Pipeline\\Pipeline->Illuminate\\Pipeline\\{closure}(Object(Illuminate\\Http\\Request))
#28 C:\\laragon\\www\\api\\vendor\\laravel\\framework\\src\\Illuminate\\Pipeline\\Pipeline.php(219): Illuminate\\Foundation\\Http\\Middleware\\InvokeDeferredCallbacks->handle(Object(Illuminate\\Http\\Request), Object(Closure))
#29 C:\\laragon\\www\\api\\vendor\\laravel\\framework\\src\\Illuminate\\Http\\Middleware\\ValidatePathEncoding.php(26): Illuminate\\Pipeline\\Pipeline->Illuminate\\Pipeline\\{closure}(Object(Illuminate\\Http\\Request))
#30 C:\\laragon\\www\\api\\vendor\\laravel\\framework\\src\\Illuminate\\Pipeline\\Pipeline.php(219): Illuminate\\Http\\Middleware\\ValidatePathEncoding->handle(Object(Illuminate\\Http\\Request), Object(Closure))
#31 C:\\laragon\\www\\api\\vendor\\laravel\\framework\\src\\Illuminate\\Pipeline\\Pipeline.php(137): Illuminate\\Pipeline\\Pipeline->Illuminate\\Pipeline\\{closure}(Object(Illuminate\\Http\\Request))
#32 C:\\laragon\\www\\api\\vendor\\laravel\\framework\\src\\Illuminate\\Foundation\\Http\\Kernel.php(175): Illuminate\\Pipeline\\Pipeline->then(Object(Closure))
#33 C:\\laragon\\www\\api\\vendor\\laravel\\framework\\src\\Illuminate\\Foundation\\Http\\Kernel.php(144): Illuminate\\Foundation\\Http\\Kernel->sendRequestThroughRouter(Object(Illuminate\\Http\\Request))
#34 C:\\laragon\\www\\api\\vendor\\laravel\\framework\\src\\Illuminate\\Foundation\\Application.php(1220): Illuminate\\Foundation\\Http\\Kernel->handle(Object(Illuminate\\Http\\Request))
#35 C:\\laragon\\www\\api\\public\\index.php(20): Illuminate\\Foundation\\Application->handleRequest(Object(Illuminate\\Http\\Request))
#36 C:\\laragon\\www\\api\\vendor\\laravel\\framework\\src\\Illuminate\\Foundation\\resources\\server.php(23): require_once('C:\\\\laragon\\\\www\\\\...')
#37 {main}
"} 
[2026-04-08 06:01:40] local.ERROR: syntax error, unexpected token "<<" {"exception":"[object] (ParseError(code: 0): syntax error, unexpected token \"<<\" at C:\\laragon\\www\\api\\app\\Http\\Controllers\\BadgeController.php:80)
[stacktrace]
#0 C:\\laragon\\www\\api\\vendor\\composer\\ClassLoader.php(427): Composer\\Autoload\\{closure}('C:\\\\laragon\\\\www\\\\...')
#1 [internal function]: Composer\\Autoload\\ClassLoader->loadClass('App\\\\Http\\\\Contro...')
#2 C:\\laragon\\www\\api\\vendor\\laravel\\framework\\src\\Illuminate\\Routing\\Route.php(1125): is_a('App\\\\Http\\\\Contro...', 'Illuminate\\\\Rout...', true)
#3 C:\\laragon\\www\\api\\vendor\\laravel\\framework\\src\\Illuminate\\Routing\\Route.php(1062): Illuminate\\Routing\\Route->controllerMiddleware()
#4 C:\\laragon\\www\\api\\vendor\\laravel\\framework\\src\\Illuminate\\Routing\\Router.php(834): Illuminate\\Routing\\Route->gatherMiddleware()
#5 C:\\laragon\\www\\api\\vendor\\laravel\\framework\\src\\Illuminate\\Routing\\Router.php(816): Illuminate\\Routing\\Router->gatherRouteMiddleware(Object(Illuminate\\Routing\\Route))
#6 C:\\laragon\\www\\api\\vendor\\laravel\\framework\\src\\Illuminate\\Routing\\Router.php(800): Illuminate\\Routing\\Router->runRouteWithinStack(Object(Illuminate\\Routing\\Route), Object(Illuminate\\Http\\Request))
#7 C:\\laragon\\www\\api\\vendor\\laravel\\framework\\src\\Illuminate\\Routing\\Router.php(764): Illuminate\\Routing\\Router->runRoute(Object(Illuminate\\Http\\Request), Object(Illuminate\\Routing\\Route))
#8 C:\\laragon\\www\\api\\vendor\\laravel\\framework\\src\\Illuminate\\Routing\\Router.php(753): Illuminate\\Routing\\Router->dispatchToRoute(Object(Illuminate\\Http\\Request))
#9 C:\\laragon\\www\\api\\vendor\\laravel\\framework\\src\\Illuminate\\Foundation\\Http\\Kernel.php(200): Illuminate\\Routing\\Router->dispatch(Object(Illuminate\\Http\\Request))
#10 C:\\laragon\\www\\api\\vendor\\laravel\\framework\\src\\Illuminate\\Pipeline\\Pipeline.php(180): Illuminate\\Foundation\\Http\\Kernel->Illuminate\\Foundation\\Http\\{closure}(Object(Illuminate\\Http\\Request))
#11 C:\\laragon\\www\\api\\app\\Http\\Middleware\\HandleCors.php(20): Illuminate\\Pipeline\\Pipeline->Illuminate\\Pipeline\\{closure}(Object(Illuminate\\Http\\Request))
#12 C:\\laragon\\www\\api\\vendor\\laravel\\framework\\src\\Illuminate\\Pipeline\\Pipeline.php(219): App\\Http\\Middleware\\HandleCors->handle(Object(Illuminate\\Http\\Request), Object(Closure))
#13 C:\\laragon\\www\\api\\vendor\\laravel\\framework\\src\\Illuminate\\Foundation\\Http\\Middleware\\TransformsRequest.php(21): Illuminate\\Pipeline\\Pipeline->Illuminate\\Pipeline\\{closure}(Object(Illuminate\\Http\\Request))
#14 C:\\laragon\\www\\api\\vendor\\laravel\\framework\\src\\Illuminate\\Foundation\\Http\\Middleware\\ConvertEmptyStringsToNull.php(31): Illuminate\\Foundation\\Http\\Middleware\\TransformsRequest->handle(Object(Illuminate\\Http\\Request), Object(Closure))
#15 C:\\laragon\\www\\api\\vendor\\laravel\\framework\\src\\Illuminate\\Pipeline\\Pipeline.php(219): Illuminate\\Foundation\\Http\\Middleware\\ConvertEmptyStringsToNull->handle(Object(Illuminate\\Http\\Request), Object(Closure))
#16 C:\\laragon\\www\\api\\vendor\\laravel\\framework\\src\\Illuminate\\Foundation\\Http\\Middleware\\TransformsRequest.php(21): Illuminate\\Pipeline\\Pipeline->Illuminate\\Pipeline\\{closure}(Object(Illuminate\\Http\\Request))
#17 C:\\laragon\\www\\api\\vendor\\laravel\\framework\\src\\Illuminate\\Foundation\\Http\\Middleware\\TrimStrings.php(51): Illuminate\\Foundation\\Http\\Middleware\\TransformsRequest->handle(Object(Illuminate\\Http\\Request), Object(Closure))
#18 C:\\laragon\\www\\api\\vendor\\laravel\\framework\\src\\Illuminate\\Pipeline\\Pipeline.php(219): Illuminate\\Foundation\\Http\\Middleware\\TrimStrings->handle(Object(Illuminate\\Http\\Request), Object(Closure))
#19 C:\\laragon\\www\\api\\vendor\\laravel\\framework\\src\\Illuminate\\Http\\Middleware\\ValidatePostSize.php(27): Illuminate\\Pipeline\\Pipeline->Illuminate\\Pipeline\\{closure}(Object(Illuminate\\Http\\Request))
#20 C:\\laragon\\www\\api\\vendor\\laravel\\framework\\src\\Illuminate\\Pipeline\\Pipeline.php(219): Illuminate\\Http\\Middleware\\ValidatePostSize->handle(Object(Illuminate\\Http\\Request), Object(Closure))
#21 C:\\laragon\\www\\api\\vendor\\laravel\\framework\\src\\Illuminate\\Foundation\\Http\\Middleware\\PreventRequestsDuringMaintenance.php(109): Illuminate\\Pipeline\\Pipeline->Illuminate\\Pipeline\\{closure}(Object(Illuminate\\Http\\Request))
#22 C:\\laragon\\www\\api\\vendor\\laravel\\framework\\src\\Illuminate\\Pipeline\\Pipeline.php(219): Illuminate\\Foundation\\Http\\Middleware\\PreventRequestsDuringMaintenance->handle(Object(Illuminate\\Http\\Request), Object(Closure))
#23 C:\\laragon\\www\\api\\vendor\\laravel\\framework\\src\\Illuminate\\Http\\Middleware\\HandleCors.php(61): Illuminate\\Pipeline\\Pipeline->Illuminate\\Pipeline\\{closure}(Object(Illuminate\\Http\\Request))
#24 C:\\laragon\\www\\api\\vendor\\laravel\\framework\\src\\Illuminate\\Pipeline\\Pipeline.php(219): Illuminate\\Http\\Middleware\\HandleCors->handle(Object(Illuminate\\Http\\Request), Object(Closure))
#25 C:\\laragon\\www\\api\\vendor\\laravel\\framework\\src\\Illuminate\\Http\\Middleware\\TrustProxies.php(58): Illuminate\\Pipeline\\Pipeline->Illuminate\\Pipeline\\{closure}(Object(Illuminate\\Http\\Request))
#26 C:\\laragon\\www\\api\\vendor\\laravel\\framework\\src\\Illuminate\\Pipeline\\Pipeline.php(219): Illuminate\\Http\\Middleware\\TrustProxies->handle(Object(Illuminate\\Http\\Request), Object(Closure))
#27 C:\\laragon\\www\\api\\vendor\\laravel\\framework\\src\\Illuminate\\Foundation\\Http\\Middleware\\InvokeDeferredCallbacks.php(22): Illuminate\\Pipeline\\Pipeline->Illuminate\\Pipeline\\{closure}(Object(Illuminate\\Http\\Request))
#28 C:\\laragon\\www\\api\\vendor\\laravel\\framework\\src\\Illuminate\\Pipeline\\Pipeline.php(219): Illuminate\\Foundation\\Http\\Middleware\\InvokeDeferredCallbacks->handle(Object(Illuminate\\Http\\Request), Object(Closure))
#29 C:\\laragon\\www\\api\\vendor\\laravel\\framework\\src\\Illuminate\\Http\\Middleware\\ValidatePathEncoding.php(26): Illuminate\\Pipeline\\Pipeline->Illuminate\\Pipeline\\{closure}(Object(Illuminate\\Http\\Request))
#30 C:\\laragon\\www\\api\\vendor\\laravel\\framework\\src\\Illuminate\\Pipeline\\Pipeline.php(219): Illuminate\\Http\\Middleware\\ValidatePathEncoding->handle(Object(Illuminate\\Http\\Request), Object(Closure))
#31 C:\\laragon\\www\\api\\vendor\\laravel\\framework\\src\\Illuminate\\Pipeline\\Pipeline.php(137): Illuminate\\Pipeline\\Pipeline->Illuminate\\Pipeline\\{closure}(Object(Illuminate\\Http\\Request))
#32 C:\\laragon\\www\\api\\vendor\\laravel\\framework\\src\\Illuminate\\Foundation\\Http\\Kernel.php(175): Illuminate\\Pipeline\\Pipeline->then(Object(Closure))
#33 C:\\laragon\\www\\api\\vendor\\laravel\\framework\\src\\Illuminate\\Foundation\\Http\\Kernel.php(144): Illuminate\\Foundation\\Http\\Kernel->sendRequestThroughRouter(Object(Illuminate\\Http\\Request))
#34 C:\\laragon\\www\\api\\vendor\\laravel\\framework\\src\\Illuminate\\Foundation\\Application.php(1220): Illuminate\\Foundation\\Http\\Kernel->handle(Object(Illuminate\\Http\\Request))
#35 C:\\laragon\\www\\api\\public\\index.php(20): Illuminate\\Foundation\\Application->handleRequest(Object(Illuminate\\Http\\Request))
#36 C:\\laragon\\www\\api\\vendor\\laravel\\framework\\src\\Illuminate\\Foundation\\resources\\server.php(23): require_once('C:\\\\laragon\\\\www\\\\...')
#37 {main}
"} 
[2026-04-08 06:01:43] local.ERROR: syntax error, unexpected token "<<" {"exception":"[object] (ParseError(code: 0): syntax error, unexpected token \"<<\" at C:\\laragon\\www\\api\\app\\Http\\Controllers\\BadgeController.php:80)
[stacktrace]
#0 C:\\laragon\\www\\api\\vendor\\composer\\ClassLoader.php(427): Composer\\Autoload\\{closure}('C:\\\\laragon\\\\www\\\\...')
#1 [internal function]: Composer\\Autoload\\ClassLoader->loadClass('App\\\\Http\\\\Contro...')
#2 C:\\laragon\\www\\api\\vendor\\laravel\\framework\\src\\Illuminate\\Routing\\Route.php(1125): is_a('App\\\\Http\\\\Contro...', 'Illuminate\\\\Rout...', true)
#3 C:\\laragon\\www\\api\\vendor\\laravel\\framework\\src\\Illuminate\\Routing\\Route.php(1062): Illuminate\\Routing\\Route->controllerMiddleware()
#4 C:\\laragon\\www\\api\\vendor\\laravel\\framework\\src\\Illuminate\\Routing\\Router.php(834): Illuminate\\Routing\\Route->gatherMiddleware()
#5 C:\\laragon\\www\\api\\vendor\\laravel\\framework\\src\\Illuminate\\Routing\\Router.php(816): Illuminate\\Routing\\Router->gatherRouteMiddleware(Object(Illuminate\\Routing\\Route))
#6 C:\\laragon\\www\\api\\vendor\\laravel\\framework\\src\\Illuminate\\Routing\\Router.php(800): Illuminate\\Routing\\Router->runRouteWithinStack(Object(Illuminate\\Routing\\Route), Object(Illuminate\\Http\\Request))
#7 C:\\laragon\\www\\api\\vendor\\laravel\\framework\\src\\Illuminate\\Routing\\Router.php(764): Illuminate\\Routing\\Router->runRoute(Object(Illuminate\\Http\\Request), Object(Illuminate\\Routing\\Route))
#8 C:\\laragon\\www\\api\\vendor\\laravel\\framework\\src\\Illuminate\\Routing\\Router.php(753): Illuminate\\Routing\\Router->dispatchToRoute(Object(Illuminate\\Http\\Request))
#9 C:\\laragon\\www\\api\\vendor\\laravel\\framework\\src\\Illuminate\\Foundation\\Http\\Kernel.php(200): Illuminate\\Routing\\Router->dispatch(Object(Illuminate\\Http\\Request))
#10 C:\\laragon\\www\\api\\vendor\\laravel\\framework\\src\\Illuminate\\Pipeline\\Pipeline.php(180): Illuminate\\Foundation\\Http\\Kernel->Illuminate\\Foundation\\Http\\{closure}(Object(Illuminate\\Http\\Request))
#11 C:\\laragon\\www\\api\\app\\Http\\Middleware\\HandleCors.php(20): Illuminate\\Pipeline\\Pipeline->Illuminate\\Pipeline\\{closure}(Object(Illuminate\\Http\\Request))
#12 C:\\laragon\\www\\api\\vendor\\laravel\\framework\\src\\Illuminate\\Pipeline\\Pipeline.php(219): App\\Http\\Middleware\\HandleCors->handle(Object(Illuminate\\Http\\Request), Object(Closure))
#13 C:\\laragon\\www\\api\\vendor\\laravel\\framework\\src\\Illuminate\\Foundation\\Http\\Middleware\\TransformsRequest.php(21): Illuminate\\Pipeline\\Pipeline->Illuminate\\Pipeline\\{closure}(Object(Illuminate\\Http\\Request))
#14 C:\\laragon\\www\\api\\vendor\\laravel\\framework\\src\\Illuminate\\Foundation\\Http\\Middleware\\ConvertEmptyStringsToNull.php(31): Illuminate\\Foundation\\Http\\Middleware\\TransformsRequest->handle(Object(Illuminate\\Http\\Request), Object(Closure))
#15 C:\\laragon\\www\\api\\vendor\\laravel\\framework\\src\\Illuminate\\Pipeline\\Pipeline.php(219): Illuminate\\Foundation\\Http\\Middleware\\ConvertEmptyStringsToNull->handle(Object(Illuminate\\Http\\Request), Object(Closure))
#16 C:\\laragon\\www\\api\\vendor\\laravel\\framework\\src\\Illuminate\\Foundation\\Http\\Middleware\\TransformsRequest.php(21): Illuminate\\Pipeline\\Pipeline->Illuminate\\Pipeline\\{closure}(Object(Illuminate\\Http\\Request))
#17 C:\\laragon\\www\\api\\vendor\\laravel\\framework\\src\\Illuminate\\Foundation\\Http\\Middleware\\TrimStrings.php(51): Illuminate\\Foundation\\Http\\Middleware\\TransformsRequest->handle(Object(Illuminate\\Http\\Request), Object(Closure))
#18 C:\\laragon\\www\\api\\vendor\\laravel\\framework\\src\\Illuminate\\Pipeline\\Pipeline.php(219): Illuminate\\Foundation\\Http\\Middleware\\TrimStrings->handle(Object(Illuminate\\Http\\Request), Object(Closure))
#19 C:\\laragon\\www\\api\\vendor\\laravel\\framework\\src\\Illuminate\\Http\\Middleware\\ValidatePostSize.php(27): Illuminate\\Pipeline\\Pipeline->Illuminate\\Pipeline\\{closure}(Object(Illuminate\\Http\\Request))
#20 C:\\laragon\\www\\api\\vendor\\laravel\\framework\\src\\Illuminate\\Pipeline\\Pipeline.php(219): Illuminate\\Http\\Middleware\\ValidatePostSize->handle(Object(Illuminate\\Http\\Request), Object(Closure))
#21 C:\\laragon\\www\\api\\vendor\\laravel\\framework\\src\\Illuminate\\Foundation\\Http\\Middleware\\PreventRequestsDuringMaintenance.php(109): Illuminate\\Pipeline\\Pipeline->Illuminate\\Pipeline\\{closure}(Object(Illuminate\\Http\\Request))
#22 C:\\laragon\\www\\api\\vendor\\laravel\\framework\\src\\Illuminate\\Pipeline\\Pipeline.php(219): Illuminate\\Foundation\\Http\\Middleware\\PreventRequestsDuringMaintenance->handle(Object(Illuminate\\Http\\Request), Object(Closure))
#23 C:\\laragon\\www\\api\\vendor\\laravel\\framework\\src\\Illuminate\\Http\\Middleware\\HandleCors.php(61): Illuminate\\Pipeline\\Pipeline->Illuminate\\Pipeline\\{closure}(Object(Illuminate\\Http\\Request))
#24 C:\\laragon\\www\\api\\vendor\\laravel\\framework\\src\\Illuminate\\Pipeline\\Pipeline.php(219): Illuminate\\Http\\Middleware\\HandleCors->handle(Object(Illuminate\\Http\\Request), Object(Closure))
#25 C:\\laragon\\www\\api\\vendor\\laravel\\framework\\src\\Illuminate\\Http\\Middleware\\TrustProxies.php(58): Illuminate\\Pipeline\\Pipeline->Illuminate\\Pipeline\\{closure}(Object(Illuminate\\Http\\Request))
#26 C:\\laragon\\www\\api\\vendor\\laravel\\framework\\src\\Illuminate\\Pipeline\\Pipeline.php(219): Illuminate\\Http\\Middleware\\TrustProxies->handle(Object(Illuminate\\Http\\Request), Object(Closure))
#27 C:\\laragon\\www\\api\\vendor\\laravel\\framework\\src\\Illuminate\\Foundation\\Http\\Middleware\\InvokeDeferredCallbacks.php(22): Illuminate\\Pipeline\\Pipeline->Illuminate\\Pipeline\\{closure}(Object(Illuminate\\Http\\Request))
#28 C:\\laragon\\www\\api\\vendor\\laravel\\framework\\src\\Illuminate\\Pipeline\\Pipeline.php(219): Illuminate\\Foundation\\Http\\Middleware\\InvokeDeferredCallbacks->handle(Object(Illuminate\\Http\\Request), Object(Closure))
#29 C:\\laragon\\www\\api\\vendor\\laravel\\framework\\src\\Illuminate\\Http\\Middleware\\ValidatePathEncoding.php(26): Illuminate\\Pipeline\\Pipeline->Illuminate\\Pipeline\\{closure}(Object(Illuminate\\Http\\Request))
#30 C:\\laragon\\www\\api\\vendor\\laravel\\framework\\src\\Illuminate\\Pipeline\\Pipeline.php(219): Illuminate\\Http\\Middleware\\ValidatePathEncoding->handle(Object(Illuminate\\Http\\Request), Object(Closure))
#31 C:\\laragon\\www\\api\\vendor\\laravel\\framework\\src\\Illuminate\\Pipeline\\Pipeline.php(137): Illuminate\\Pipeline\\Pipeline->Illuminate\\Pipeline\\{closure}(Object(Illuminate\\Http\\Request))
#32 C:\\laragon\\www\\api\\vendor\\laravel\\framework\\src\\Illuminate\\Foundation\\Http\\Kernel.php(175): Illuminate\\Pipeline\\Pipeline->then(Object(Closure))
#33 C:\\laragon\\www\\api\\vendor\\laravel\\framework\\src\\Illuminate\\Foundation\\Http\\Kernel.php(144): Illuminate\\Foundation\\Http\\Kernel->sendRequestThroughRouter(Object(Illuminate\\Http\\Request))
#34 C:\\laragon\\www\\api\\vendor\\laravel\\framework\\src\\Illuminate\\Foundation\\Application.php(1220): Illuminate\\Foundation\\Http\\Kernel->handle(Object(Illuminate\\Http\\Request))
#35 C:\\laragon\\www\\api\\public\\index.php(20): Illuminate\\Foundation\\Application->handleRequest(Object(Illuminate\\Http\\Request))
#36 C:\\laragon\\www\\api\\vendor\\laravel\\framework\\src\\Illuminate\\Foundation\\resources\\server.php(23): require_once('C:\\\\laragon\\\\www\\\\...')
#37 {main}
"} 
[2026-04-08 06:02:13] local.ERROR: syntax error, unexpected token "<<" {"exception":"[object] (ParseError(code: 0): syntax error, unexpected token \"<<\" at C:\\laragon\\www\\api\\app\\Http\\Controllers\\BadgeController.php:80)
[stacktrace]
#0 C:\\laragon\\www\\api\\vendor\\composer\\ClassLoader.php(427): Composer\\Autoload\\{closure}('C:\\\\laragon\\\\www\\\\...')
#1 [internal function]: Composer\\Autoload\\ClassLoader->loadClass('App\\\\Http\\\\Contro...')
#2 C:\\laragon\\www\\api\\vendor\\laravel\\framework\\src\\Illuminate\\Routing\\Route.php(1125): is_a('App\\\\Http\\\\Contro...', 'Illuminate\\\\Rout...', true)
#3 C:\\laragon\\www\\api\\vendor\\laravel\\framework\\src\\Illuminate\\Routing\\Route.php(1062): Illuminate\\Routing\\Route->controllerMiddleware()
#4 C:\\laragon\\www\\api\\vendor\\laravel\\framework\\src\\Illuminate\\Routing\\Router.php(834): Illuminate\\Routing\\Route->gatherMiddleware()
#5 C:\\laragon\\www\\api\\vendor\\laravel\\framework\\src\\Illuminate\\Routing\\Router.php(816): Illuminate\\Routing\\Router->gatherRouteMiddleware(Object(Illuminate\\Routing\\Route))
#6 C:\\laragon\\www\\api\\vendor\\laravel\\framework\\src\\Illuminate\\Routing\\Router.php(800): Illuminate\\Routing\\Router->runRouteWithinStack(Object(Illuminate\\Routing\\Route), Object(Illuminate\\Http\\Request))
#7 C:\\laragon\\www\\api\\vendor\\laravel\\framework\\src\\Illuminate\\Routing\\Router.php(764): Illuminate\\Routing\\Router->runRoute(Object(Illuminate\\Http\\Request), Object(Illuminate\\Routing\\Route))
#8 C:\\laragon\\www\\api\\vendor\\laravel\\framework\\src\\Illuminate\\Routing\\Router.php(753): Illuminate\\Routing\\Router->dispatchToRoute(Object(Illuminate\\Http\\Request))
#9 C:\\laragon\\www\\api\\vendor\\laravel\\framework\\src\\Illuminate\\Foundation\\Http\\Kernel.php(200): Illuminate\\Routing\\Router->dispatch(Object(Illuminate\\Http\\Request))
#10 C:\\laragon\\www\\api\\vendor\\laravel\\framework\\src\\Illuminate\\Pipeline\\Pipeline.php(180): Illuminate\\Foundation\\Http\\Kernel->Illuminate\\Foundation\\Http\\{closure}(Object(Illuminate\\Http\\Request))
#11 C:\\laragon\\www\\api\\app\\Http\\Middleware\\HandleCors.php(20): Illuminate\\Pipeline\\Pipeline->Illuminate\\Pipeline\\{closure}(Object(Illuminate\\Http\\Request))
#12 C:\\laragon\\www\\api\\vendor\\laravel\\framework\\src\\Illuminate\\Pipeline\\Pipeline.php(219): App\\Http\\Middleware\\HandleCors->handle(Object(Illuminate\\Http\\Request), Object(Closure))
#13 C:\\laragon\\www\\api\\vendor\\laravel\\framework\\src\\Illuminate\\Foundation\\Http\\Middleware\\TransformsRequest.php(21): Illuminate\\Pipeline\\Pipeline->Illuminate\\Pipeline\\{closure}(Object(Illuminate\\Http\\Request))
#14 C:\\laragon\\www\\api\\vendor\\laravel\\framework\\src\\Illuminate\\Foundation\\Http\\Middleware\\ConvertEmptyStringsToNull.php(31): Illuminate\\Foundation\\Http\\Middleware\\TransformsRequest->handle(Object(Illuminate\\Http\\Request), Object(Closure))
#15 C:\\laragon\\www\\api\\vendor\\laravel\\framework\\src\\Illuminate\\Pipeline\\Pipeline.php(219): Illuminate\\Foundation\\Http\\Middleware\\ConvertEmptyStringsToNull->handle(Object(Illuminate\\Http\\Request), Object(Closure))
#16 C:\\laragon\\www\\api\\vendor\\laravel\\framework\\src\\Illuminate\\Foundation\\Http\\Middleware\\TransformsRequest.php(21): Illuminate\\Pipeline\\Pipeline->Illuminate\\Pipeline\\{closure}(Object(Illuminate\\Http\\Request))
#17 C:\\laragon\\www\\api\\vendor\\laravel\\framework\\src\\Illuminate\\Foundation\\Http\\Middleware\\TrimStrings.php(51): Illuminate\\Foundation\\Http\\Middleware\\TransformsRequest->handle(Object(Illuminate\\Http\\Request), Object(Closure))
#18 C:\\laragon\\www\\api\\vendor\\laravel\\framework\\src\\Illuminate\\Pipeline\\Pipeline.php(219): Illuminate\\Foundation\\Http\\Middleware\\TrimStrings->handle(Object(Illuminate\\Http\\Request), Object(Closure))
#19 C:\\laragon\\www\\api\\vendor\\laravel\\framework\\src\\Illuminate\\Http\\Middleware\\ValidatePostSize.php(27): Illuminate\\Pipeline\\Pipeline->Illuminate\\Pipeline\\{closure}(Object(Illuminate\\Http\\Request))
#20 C:\\laragon\\www\\api\\vendor\\laravel\\framework\\src\\Illuminate\\Pipeline\\Pipeline.php(219): Illuminate\\Http\\Middleware\\ValidatePostSize->handle(Object(Illuminate\\Http\\Request), Object(Closure))
#21 C:\\laragon\\www\\api\\vendor\\laravel\\framework\\src\\Illuminate\\Foundation\\Http\\Middleware\\PreventRequestsDuringMaintenance.php(109): Illuminate\\Pipeline\\Pipeline->Illuminate\\Pipeline\\{closure}(Object(Illuminate\\Http\\Request))
#22 C:\\laragon\\www\\api\\vendor\\laravel\\framework\\src\\Illuminate\\Pipeline\\Pipeline.php(219): Illuminate\\Foundation\\Http\\Middleware\\PreventRequestsDuringMaintenance->handle(Object(Illuminate\\Http\\Request), Object(Closure))
#23 C:\\laragon\\www\\api\\vendor\\laravel\\framework\\src\\Illuminate\\Http\\Middleware\\HandleCors.php(61): Illuminate\\Pipeline\\Pipeline->Illuminate\\Pipeline\\{closure}(Object(Illuminate\\Http\\Request))
#24 C:\\laragon\\www\\api\\vendor\\laravel\\framework\\src\\Illuminate\\Pipeline\\Pipeline.php(219): Illuminate\\Http\\Middleware\\HandleCors->handle(Object(Illuminate\\Http\\Request), Object(Closure))
#25 C:\\laragon\\www\\api\\vendor\\laravel\\framework\\src\\Illuminate\\Http\\Middleware\\TrustProxies.php(58): Illuminate\\Pipeline\\Pipeline->Illuminate\\Pipeline\\{closure}(Object(Illuminate\\Http\\Request))
#26 C:\\laragon\\www\\api\\vendor\\laravel\\framework\\src\\Illuminate\\Pipeline\\Pipeline.php(219): Illuminate\\Http\\Middleware\\TrustProxies->handle(Object(Illuminate\\Http\\Request), Object(Closure))
#27 C:\\laragon\\www\\api\\vendor\\laravel\\framework\\src\\Illuminate\\Foundation\\Http\\Middleware\\InvokeDeferredCallbacks.php(22): Illuminate\\Pipeline\\Pipeline->Illuminate\\Pipeline\\{closure}(Object(Illuminate\\Http\\Request))
#28 C:\\laragon\\www\\api\\vendor\\laravel\\framework\\src\\Illuminate\\Pipeline\\Pipeline.php(219): Illuminate\\Foundation\\Http\\Middleware\\InvokeDeferredCallbacks->handle(Object(Illuminate\\Http\\Request), Object(Closure))
#29 C:\\laragon\\www\\api\\vendor\\laravel\\framework\\src\\Illuminate\\Http\\Middleware\\ValidatePathEncoding.php(26): Illuminate\\Pipeline\\Pipeline->Illuminate\\Pipeline\\{closure}(Object(Illuminate\\Http\\Request))
#30 C:\\laragon\\www\\api\\vendor\\laravel\\framework\\src\\Illuminate\\Pipeline\\Pipeline.php(219): Illuminate\\Http\\Middleware\\ValidatePathEncoding->handle(Object(Illuminate\\Http\\Request), Object(Closure))
#31 C:\\laragon\\www\\api\\vendor\\laravel\\framework\\src\\Illuminate\\Pipeline\\Pipeline.php(137): Illuminate\\Pipeline\\Pipeline->Illuminate\\Pipeline\\{closure}(Object(Illuminate\\Http\\Request))
#32 C:\\laragon\\www\\api\\vendor\\laravel\\framework\\src\\Illuminate\\Foundation\\Http\\Kernel.php(175): Illuminate\\Pipeline\\Pipeline->then(Object(Closure))
#33 C:\\laragon\\www\\api\\vendor\\laravel\\framework\\src\\Illuminate\\Foundation\\Http\\Kernel.php(144): Illuminate\\Foundation\\Http\\Kernel->sendRequestThroughRouter(Object(Illuminate\\Http\\Request))
#34 C:\\laragon\\www\\api\\vendor\\laravel\\framework\\src\\Illuminate\\Foundation\\Application.php(1220): Illuminate\\Foundation\\Http\\Kernel->handle(Object(Illuminate\\Http\\Request))
#35 C:\\laragon\\www\\api\\public\\index.php(20): Illuminate\\Foundation\\Application->handleRequest(Object(Illuminate\\Http\\Request))
#36 C:\\laragon\\www\\api\\vendor\\laravel\\framework\\src\\Illuminate\\Foundation\\resources\\server.php(23): require_once('C:\\\\laragon\\\\www\\\\...')
#37 {main}
"} 
[2026-04-08 06:04:47] local.ERROR: syntax error, unexpected token "<<" {"exception":"[object] (ParseError(code: 0): syntax error, unexpected token \"<<\" at C:\\laragon\\www\\api\\app\\Http\\Controllers\\AdminController.php:1098)
[stacktrace]
#0 C:\\laragon\\www\\api\\vendor\\composer\\ClassLoader.php(427): Composer\\Autoload\\{closure}('C:\\\\laragon\\\\www\\\\...')
#1 [internal function]: Composer\\Autoload\\ClassLoader->loadClass('App\\\\Http\\\\Contro...')
#2 C:\\laragon\\www\\api\\vendor\\laravel\\framework\\src\\Illuminate\\Routing\\Route.php(1125): is_a('App\\\\Http\\\\Contro...', 'Illuminate\\\\Rout...', true)
#3 C:\\laragon\\www\\api\\vendor\\laravel\\framework\\src\\Illuminate\\Routing\\Route.php(1062): Illuminate\\Routing\\Route->controllerMiddleware()
#4 C:\\laragon\\www\\api\\vendor\\laravel\\framework\\src\\Illuminate\\Routing\\Router.php(834): Illuminate\\Routing\\Route->gatherMiddleware()
#5 C:\\laragon\\www\\api\\vendor\\laravel\\framework\\src\\Illuminate\\Routing\\Router.php(816): Illuminate\\Routing\\Router->gatherRouteMiddleware(Object(Illuminate\\Routing\\Route))
#6 C:\\laragon\\www\\api\\vendor\\laravel\\framework\\src\\Illuminate\\Routing\\Router.php(800): Illuminate\\Routing\\Router->runRouteWithinStack(Object(Illuminate\\Routing\\Route), Object(Illuminate\\Http\\Request))
#7 C:\\laragon\\www\\api\\vendor\\laravel\\framework\\src\\Illuminate\\Routing\\Router.php(764): Illuminate\\Routing\\Router->runRoute(Object(Illuminate\\Http\\Request), Object(Illuminate\\Routing\\Route))
#8 C:\\laragon\\www\\api\\vendor\\laravel\\framework\\src\\Illuminate\\Routing\\Router.php(753): Illuminate\\Routing\\Router->dispatchToRoute(Object(Illuminate\\Http\\Request))
#9 C:\\laragon\\www\\api\\vendor\\laravel\\framework\\src\\Illuminate\\Foundation\\Http\\Kernel.php(200): Illuminate\\Routing\\Router->dispatch(Object(Illuminate\\Http\\Request))
#10 C:\\laragon\\www\\api\\vendor\\laravel\\framework\\src\\Illuminate\\Pipeline\\Pipeline.php(180): Illuminate\\Foundation\\Http\\Kernel->Illuminate\\Foundation\\Http\\{closure}(Object(Illuminate\\Http\\Request))
#11 C:\\laragon\\www\\api\\app\\Http\\Middleware\\HandleCors.php(20): Illuminate\\Pipeline\\Pipeline->Illuminate\\Pipeline\\{closure}(Object(Illuminate\\Http\\Request))
#12 C:\\laragon\\www\\api\\vendor\\laravel\\framework\\src\\Illuminate\\Pipeline\\Pipeline.php(219): App\\Http\\Middleware\\HandleCors->handle(Object(Illuminate\\Http\\Request), Object(Closure))
#13 C:\\laragon\\www\\api\\vendor\\laravel\\framework\\src\\Illuminate\\Foundation\\Http\\Middleware\\TransformsRequest.php(21): Illuminate\\Pipeline\\Pipeline->Illuminate\\Pipeline\\{closure}(Object(Illuminate\\Http\\Request))
#14 C:\\laragon\\www\\api\\vendor\\laravel\\framework\\src\\Illuminate\\Foundation\\Http\\Middleware\\ConvertEmptyStringsToNull.php(31): Illuminate\\Foundation\\Http\\Middleware\\TransformsRequest->handle(Object(Illuminate\\Http\\Request), Object(Closure))
#15 C:\\laragon\\www\\api\\vendor\\laravel\\framework\\src\\Illuminate\\Pipeline\\Pipeline.php(219): Illuminate\\Foundation\\Http\\Middleware\\ConvertEmptyStringsToNull->handle(Object(Illuminate\\Http\\Request), Object(Closure))
#16 C:\\laragon\\www\\api\\vendor\\laravel\\framework\\src\\Illuminate\\Foundation\\Http\\Middleware\\TransformsRequest.php(21): Illuminate\\Pipeline\\Pipeline->Illuminate\\Pipeline\\{closure}(Object(Illuminate\\Http\\Request))
#17 C:\\laragon\\www\\api\\vendor\\laravel\\framework\\src\\Illuminate\\Foundation\\Http\\Middleware\\TrimStrings.php(51): Illuminate\\Foundation\\Http\\Middleware\\TransformsRequest->handle(Object(Illuminate\\Http\\Request), Object(Closure))
#18 C:\\laragon\\www\\api\\vendor\\laravel\\framework\\src\\Illuminate\\Pipeline\\Pipeline.php(219): Illuminate\\Foundation\\Http\\Middleware\\TrimStrings->handle(Object(Illuminate\\Http\\Request), Object(Closure))
#19 C:\\laragon\\www\\api\\vendor\\laravel\\framework\\src\\Illuminate\\Http\\Middleware\\ValidatePostSize.php(27): Illuminate\\Pipeline\\Pipeline->Illuminate\\Pipeline\\{closure}(Object(Illuminate\\Http\\Request))
#20 C:\\laragon\\www\\api\\vendor\\laravel\\framework\\src\\Illuminate\\Pipeline\\Pipeline.php(219): Illuminate\\Http\\Middleware\\ValidatePostSize->handle(Object(Illuminate\\Http\\Request), Object(Closure))
#21 C:\\laragon\\www\\api\\vendor\\laravel\\framework\\src\\Illuminate\\Foundation\\Http\\Middleware\\PreventRequestsDuringMaintenance.php(109): Illuminate\\Pipeline\\Pipeline->Illuminate\\Pipeline\\{closure}(Object(Illuminate\\Http\\Request))
#22 C:\\laragon\\www\\api\\vendor\\laravel\\framework\\src\\Illuminate\\Pipeline\\Pipeline.php(219): Illuminate\\Foundation\\Http\\Middleware\\PreventRequestsDuringMaintenance->handle(Object(Illuminate\\Http\\Request), Object(Closure))
#23 C:\\laragon\\www\\api\\vendor\\laravel\\framework\\src\\Illuminate\\Http\\Middleware\\HandleCors.php(61): Illuminate\\Pipeline\\Pipeline->Illuminate\\Pipeline\\{closure}(Object(Illuminate\\Http\\Request))
#24 C:\\laragon\\www\\api\\vendor\\laravel\\framework\\src\\Illuminate\\Pipeline\\Pipeline.php(219): Illuminate\\Http\\Middleware\\HandleCors->handle(Object(Illuminate\\Http\\Request), Object(Closure))
#25 C:\\laragon\\www\\api\\vendor\\laravel\\framework\\src\\Illuminate\\Http\\Middleware\\TrustProxies.php(58): Illuminate\\Pipeline\\Pipeline->Illuminate\\Pipeline\\{closure}(Object(Illuminate\\Http\\Request))
#26 C:\\laragon\\www\\api\\vendor\\laravel\\framework\\src\\Illuminate\\Pipeline\\Pipeline.php(219): Illuminate\\Http\\Middleware\\TrustProxies->handle(Object(Illuminate\\Http\\Request), Object(Closure))
#27 C:\\laragon\\www\\api\\vendor\\laravel\\framework\\src\\Illuminate\\Foundation\\Http\\Middleware\\InvokeDeferredCallbacks.php(22): Illuminate\\Pipeline\\Pipeline->Illuminate\\Pipeline\\{closure}(Object(Illuminate\\Http\\Request))
#28 C:\\laragon\\www\\api\\vendor\\laravel\\framework\\src\\Illuminate\\Pipeline\\Pipeline.php(219): Illuminate\\Foundation\\Http\\Middleware\\InvokeDeferredCallbacks->handle(Object(Illuminate\\Http\\Request), Object(Closure))
#29 C:\\laragon\\www\\api\\vendor\\laravel\\framework\\src\\Illuminate\\Http\\Middleware\\ValidatePathEncoding.php(26): Illuminate\\Pipeline\\Pipeline->Illuminate\\Pipeline\\{closure}(Object(Illuminate\\Http\\Request))
#30 C:\\laragon\\www\\api\\vendor\\laravel\\framework\\src\\Illuminate\\Pipeline\\Pipeline.php(219): Illuminate\\Http\\Middleware\\ValidatePathEncoding->handle(Object(Illuminate\\Http\\Request), Object(Closure))
#31 C:\\laragon\\www\\api\\vendor\\laravel\\framework\\src\\Illuminate\\Pipeline\\Pipeline.php(137): Illuminate\\Pipeline\\Pipeline->Illuminate\\Pipeline\\{closure}(Object(Illuminate\\Http\\Request))
#32 C:\\laragon\\www\\api\\vendor\\laravel\\framework\\src\\Illuminate\\Foundation\\Http\\Kernel.php(175): Illuminate\\Pipeline\\Pipeline->then(Object(Closure))
#33 C:\\laragon\\www\\api\\vendor\\laravel\\framework\\src\\Illuminate\\Foundation\\Http\\Kernel.php(144): Illuminate\\Foundation\\Http\\Kernel->sendRequestThroughRouter(Object(Illuminate\\Http\\Request))
#34 C:\\laragon\\www\\api\\vendor\\laravel\\framework\\src\\Illuminate\\Foundation\\Application.php(1220): Illuminate\\Foundation\\Http\\Kernel->handle(Object(Illuminate\\Http\\Request))
#35 C:\\laragon\\www\\api\\public\\index.php(20): Illuminate\\Foundation\\Application->handleRequest(Object(Illuminate\\Http\\Request))
#36 C:\\laragon\\www\\api\\vendor\\laravel\\framework\\src\\Illuminate\\Foundation\\resources\\server.php(23): require_once('C:\\\\laragon\\\\www\\\\...')
#37 {main}
"} 
[2026-04-08 06:04:50] local.ERROR: syntax error, unexpected token "<<" {"exception":"[object] (ParseError(code: 0): syntax error, unexpected token \"<<\" at C:\\laragon\\www\\api\\app\\Http\\Controllers\\AdminController.php:1098)
[stacktrace]
#0 C:\\laragon\\www\\api\\vendor\\composer\\ClassLoader.php(427): Composer\\Autoload\\{closure}('C:\\\\laragon\\\\www\\\\...')
#1 [internal function]: Composer\\Autoload\\ClassLoader->loadClass('App\\\\Http\\\\Contro...')
#2 C:\\laragon\\www\\api\\vendor\\laravel\\framework\\src\\Illuminate\\Routing\\Route.php(1125): is_a('App\\\\Http\\\\Contro...', 'Illuminate\\\\Rout...', true)
#3 C:\\laragon\\www\\api\\vendor\\laravel\\framework\\src\\Illuminate\\Routing\\Route.php(1062): Illuminate\\Routing\\Route->controllerMiddleware()
#4 C:\\laragon\\www\\api\\vendor\\laravel\\framework\\src\\Illuminate\\Routing\\Router.php(834): Illuminate\\Routing\\Route->gatherMiddleware()
#5 C:\\laragon\\www\\api\\vendor\\laravel\\framework\\src\\Illuminate\\Routing\\Router.php(816): Illuminate\\Routing\\Router->gatherRouteMiddleware(Object(Illuminate\\Routing\\Route))
#6 C:\\laragon\\www\\api\\vendor\\laravel\\framework\\src\\Illuminate\\Routing\\Router.php(800): Illuminate\\Routing\\Router->runRouteWithinStack(Object(Illuminate\\Routing\\Route), Object(Illuminate\\Http\\Request))
#7 C:\\laragon\\www\\api\\vendor\\laravel\\framework\\src\\Illuminate\\Routing\\Router.php(764): Illuminate\\Routing\\Router->runRoute(Object(Illuminate\\Http\\Request), Object(Illuminate\\Routing\\Route))
#8 C:\\laragon\\www\\api\\vendor\\laravel\\framework\\src\\Illuminate\\Routing\\Router.php(753): Illuminate\\Routing\\Router->dispatchToRoute(Object(Illuminate\\Http\\Request))
#9 C:\\laragon\\www\\api\\vendor\\laravel\\framework\\src\\Illuminate\\Foundation\\Http\\Kernel.php(200): Illuminate\\Routing\\Router->dispatch(Object(Illuminate\\Http\\Request))
#10 C:\\laragon\\www\\api\\vendor\\laravel\\framework\\src\\Illuminate\\Pipeline\\Pipeline.php(180): Illuminate\\Foundation\\Http\\Kernel->Illuminate\\Foundation\\Http\\{closure}(Object(Illuminate\\Http\\Request))
#11 C:\\laragon\\www\\api\\app\\Http\\Middleware\\HandleCors.php(20): Illuminate\\Pipeline\\Pipeline->Illuminate\\Pipeline\\{closure}(Object(Illuminate\\Http\\Request))
#12 C:\\laragon\\www\\api\\vendor\\laravel\\framework\\src\\Illuminate\\Pipeline\\Pipeline.php(219): App\\Http\\Middleware\\HandleCors->handle(Object(Illuminate\\Http\\Request), Object(Closure))
#13 C:\\laragon\\www\\api\\vendor\\laravel\\framework\\src\\Illuminate\\Foundation\\Http\\Middleware\\TransformsRequest.php(21): Illuminate\\Pipeline\\Pipeline->Illuminate\\Pipeline\\{closure}(Object(Illuminate\\Http\\Request))
#14 C:\\laragon\\www\\api\\vendor\\laravel\\framework\\src\\Illuminate\\Foundation\\Http\\Middleware\\ConvertEmptyStringsToNull.php(31): Illuminate\\Foundation\\Http\\Middleware\\TransformsRequest->handle(Object(Illuminate\\Http\\Request), Object(Closure))
#15 C:\\laragon\\www\\api\\vendor\\laravel\\framework\\src\\Illuminate\\Pipeline\\Pipeline.php(219): Illuminate\\Foundation\\Http\\Middleware\\ConvertEmptyStringsToNull->handle(Object(Illuminate\\Http\\Request), Object(Closure))
#16 C:\\laragon\\www\\api\\vendor\\laravel\\framework\\src\\Illuminate\\Foundation\\Http\\Middleware\\TransformsRequest.php(21): Illuminate\\Pipeline\\Pipeline->Illuminate\\Pipeline\\{closure}(Object(Illuminate\\Http\\Request))
#17 C:\\laragon\\www\\api\\vendor\\laravel\\framework\\src\\Illuminate\\Foundation\\Http\\Middleware\\TrimStrings.php(51): Illuminate\\Foundation\\Http\\Middleware\\TransformsRequest->handle(Object(Illuminate\\Http\\Request), Object(Closure))
#18 C:\\laragon\\www\\api\\vendor\\laravel\\framework\\src\\Illuminate\\Pipeline\\Pipeline.php(219): Illuminate\\Foundation\\Http\\Middleware\\TrimStrings->handle(Object(Illuminate\\Http\\Request), Object(Closure))
#19 C:\\laragon\\www\\api\\vendor\\laravel\\framework\\src\\Illuminate\\Http\\Middleware\\ValidatePostSize.php(27): Illuminate\\Pipeline\\Pipeline->Illuminate\\Pipeline\\{closure}(Object(Illuminate\\Http\\Request))
#20 C:\\laragon\\www\\api\\vendor\\laravel\\framework\\src\\Illuminate\\Pipeline\\Pipeline.php(219): Illuminate\\Http\\Middleware\\ValidatePostSize->handle(Object(Illuminate\\Http\\Request), Object(Closure))
#21 C:\\laragon\\www\\api\\vendor\\laravel\\framework\\src\\Illuminate\\Foundation\\Http\\Middleware\\PreventRequestsDuringMaintenance.php(109): Illuminate\\Pipeline\\Pipeline->Illuminate\\Pipeline\\{closure}(Object(Illuminate\\Http\\Request))
#22 C:\\laragon\\www\\api\\vendor\\laravel\\framework\\src\\Illuminate\\Pipeline\\Pipeline.php(219): Illuminate\\Foundation\\Http\\Middleware\\PreventRequestsDuringMaintenance->handle(Object(Illuminate\\Http\\Request), Object(Closure))
#23 C:\\laragon\\www\\api\\vendor\\laravel\\framework\\src\\Illuminate\\Http\\Middleware\\HandleCors.php(61): Illuminate\\Pipeline\\Pipeline->Illuminate\\Pipeline\\{closure}(Object(Illuminate\\Http\\Request))
#24 C:\\laragon\\www\\api\\vendor\\laravel\\framework\\src\\Illuminate\\Pipeline\\Pipeline.php(219): Illuminate\\Http\\Middleware\\HandleCors->handle(Object(Illuminate\\Http\\Request), Object(Closure))
#25 C:\\laragon\\www\\api\\vendor\\laravel\\framework\\src\\Illuminate\\Http\\Middleware\\TrustProxies.php(58): Illuminate\\Pipeline\\Pipeline->Illuminate\\Pipeline\\{closure}(Object(Illuminate\\Http\\Request))
#26 C:\\laragon\\www\\api\\vendor\\laravel\\framework\\src\\Illuminate\\Pipeline\\Pipeline.php(219): Illuminate\\Http\\Middleware\\TrustProxies->handle(Object(Illuminate\\Http\\Request), Object(Closure))
#27 C:\\laragon\\www\\api\\vendor\\laravel\\framework\\src\\Illuminate\\Foundation\\Http\\Middleware\\InvokeDeferredCallbacks.php(22): Illuminate\\Pipeline\\Pipeline->Illuminate\\Pipeline\\{closure}(Object(Illuminate\\Http\\Request))
#28 C:\\laragon\\www\\api\\vendor\\laravel\\framework\\src\\Illuminate\\Pipeline\\Pipeline.php(219): Illuminate\\Foundation\\Http\\Middleware\\InvokeDeferredCallbacks->handle(Object(Illuminate\\Http\\Request), Object(Closure))
#29 C:\\laragon\\www\\api\\vendor\\laravel\\framework\\src\\Illuminate\\Http\\Middleware\\ValidatePathEncoding.php(26): Illuminate\\Pipeline\\Pipeline->Illuminate\\Pipeline\\{closure}(Object(Illuminate\\Http\\Request))
#30 C:\\laragon\\www\\api\\vendor\\laravel\\framework\\src\\Illuminate\\Pipeline\\Pipeline.php(219): Illuminate\\Http\\Middleware\\ValidatePathEncoding->handle(Object(Illuminate\\Http\\Request), Object(Closure))
#31 C:\\laragon\\www\\api\\vendor\\laravel\\framework\\src\\Illuminate\\Pipeline\\Pipeline.php(137): Illuminate\\Pipeline\\Pipeline->Illuminate\\Pipeline\\{closure}(Object(Illuminate\\Http\\Request))
#32 C:\\laragon\\www\\api\\vendor\\laravel\\framework\\src\\Illuminate\\Foundation\\Http\\Kernel.php(175): Illuminate\\Pipeline\\Pipeline->then(Object(Closure))
#33 C:\\laragon\\www\\api\\vendor\\laravel\\framework\\src\\Illuminate\\Foundation\\Http\\Kernel.php(144): Illuminate\\Foundation\\Http\\Kernel->sendRequestThroughRouter(Object(Illuminate\\Http\\Request))
#34 C:\\laragon\\www\\api\\vendor\\laravel\\framework\\src\\Illuminate\\Foundation\\Application.php(1220): Illuminate\\Foundation\\Http\\Kernel->handle(Object(Illuminate\\Http\\Request))
#35 C:\\laragon\\www\\api\\public\\index.php(20): Illuminate\\Foundation\\Application->handleRequest(Object(Illuminate\\Http\\Request))
#36 C:\\laragon\\www\\api\\vendor\\laravel\\framework\\src\\Illuminate\\Foundation\\resources\\server.php(23): require_once('C:\\\\laragon\\\\www\\\\...')
#37 {main}
"} 
[2026-04-08 06:04:54] local.ERROR: syntax error, unexpected token "*" {"exception":"[object] (ParseError(code: 0): syntax error, unexpected token \"*\" at C:\\laragon\\www\\api\\app\\Http\\Controllers\\QuizController.php:49)
[stacktrace]
#0 C:\\laragon\\www\\api\\vendor\\composer\\ClassLoader.php(427): Composer\\Autoload\\{closure}('C:\\\\laragon\\\\www\\\\...')
#1 [internal function]: Composer\\Autoload\\ClassLoader->loadClass('App\\\\Http\\\\Contro...')
#2 C:\\laragon\\www\\api\\vendor\\laravel\\framework\\src\\Illuminate\\Routing\\Route.php(1125): is_a('App\\\\Http\\\\Contro...', 'Illuminate\\\\Rout...', true)
#3 C:\\laragon\\www\\api\\vendor\\laravel\\framework\\src\\Illuminate\\Routing\\Route.php(1062): Illuminate\\Routing\\Route->controllerMiddleware()
#4 C:\\laragon\\www\\api\\vendor\\laravel\\framework\\src\\Illuminate\\Routing\\Router.php(834): Illuminate\\Routing\\Route->gatherMiddleware()
#5 C:\\laragon\\www\\api\\vendor\\laravel\\framework\\src\\Illuminate\\Routing\\Router.php(816): Illuminate\\Routing\\Router->gatherRouteMiddleware(Object(Illuminate\\Routing\\Route))
#6 C:\\laragon\\www\\api\\vendor\\laravel\\framework\\src\\Illuminate\\Routing\\Router.php(800): Illuminate\\Routing\\Router->runRouteWithinStack(Object(Illuminate\\Routing\\Route), Object(Illuminate\\Http\\Request))
#7 C:\\laragon\\www\\api\\vendor\\laravel\\framework\\src\\Illuminate\\Routing\\Router.php(764): Illuminate\\Routing\\Router->runRoute(Object(Illuminate\\Http\\Request), Object(Illuminate\\Routing\\Route))
#8 C:\\laragon\\www\\api\\vendor\\laravel\\framework\\src\\Illuminate\\Routing\\Router.php(753): Illuminate\\Routing\\Router->dispatchToRoute(Object(Illuminate\\Http\\Request))
#9 C:\\laragon\\www\\api\\vendor\\laravel\\framework\\src\\Illuminate\\Foundation\\Http\\Kernel.php(200): Illuminate\\Routing\\Router->dispatch(Object(Illuminate\\Http\\Request))
#10 C:\\laragon\\www\\api\\vendor\\laravel\\framework\\src\\Illuminate\\Pipeline\\Pipeline.php(180): Illuminate\\Foundation\\Http\\Kernel->Illuminate\\Foundation\\Http\\{closure}(Object(Illuminate\\Http\\Request))
#11 C:\\laragon\\www\\api\\app\\Http\\Middleware\\HandleCors.php(20): Illuminate\\Pipeline\\Pipeline->Illuminate\\Pipeline\\{closure}(Object(Illuminate\\Http\\Request))
#12 C:\\laragon\\www\\api\\vendor\\laravel\\framework\\src\\Illuminate\\Pipeline\\Pipeline.php(219): App\\Http\\Middleware\\HandleCors->handle(Object(Illuminate\\Http\\Request), Object(Closure))
#13 C:\\laragon\\www\\api\\vendor\\laravel\\framework\\src\\Illuminate\\Foundation\\Http\\Middleware\\TransformsRequest.php(21): Illuminate\\Pipeline\\Pipeline->Illuminate\\Pipeline\\{closure}(Object(Illuminate\\Http\\Request))
#14 C:\\laragon\\www\\api\\vendor\\laravel\\framework\\src\\Illuminate\\Foundation\\Http\\Middleware\\ConvertEmptyStringsToNull.php(31): Illuminate\\Foundation\\Http\\Middleware\\TransformsRequest->handle(Object(Illuminate\\Http\\Request), Object(Closure))
#15 C:\\laragon\\www\\api\\vendor\\laravel\\framework\\src\\Illuminate\\Pipeline\\Pipeline.php(219): Illuminate\\Foundation\\Http\\Middleware\\ConvertEmptyStringsToNull->handle(Object(Illuminate\\Http\\Request), Object(Closure))
#16 C:\\laragon\\www\\api\\vendor\\laravel\\framework\\src\\Illuminate\\Foundation\\Http\\Middleware\\TransformsRequest.php(21): Illuminate\\Pipeline\\Pipeline->Illuminate\\Pipeline\\{closure}(Object(Illuminate\\Http\\Request))
#17 C:\\laragon\\www\\api\\vendor\\laravel\\framework\\src\\Illuminate\\Foundation\\Http\\Middleware\\TrimStrings.php(51): Illuminate\\Foundation\\Http\\Middleware\\TransformsRequest->handle(Object(Illuminate\\Http\\Request), Object(Closure))
#18 C:\\laragon\\www\\api\\vendor\\laravel\\framework\\src\\Illuminate\\Pipeline\\Pipeline.php(219): Illuminate\\Foundation\\Http\\Middleware\\TrimStrings->handle(Object(Illuminate\\Http\\Request), Object(Closure))
#19 C:\\laragon\\www\\api\\vendor\\laravel\\framework\\src\\Illuminate\\Http\\Middleware\\ValidatePostSize.php(27): Illuminate\\Pipeline\\Pipeline->Illuminate\\Pipeline\\{closure}(Object(Illuminate\\Http\\Request))
#20 C:\\laragon\\www\\api\\vendor\\laravel\\framework\\src\\Illuminate\\Pipeline\\Pipeline.php(219): Illuminate\\Http\\Middleware\\ValidatePostSize->handle(Object(Illuminate\\Http\\Request), Object(Closure))
#21 C:\\laragon\\www\\api\\vendor\\laravel\\framework\\src\\Illuminate\\Foundation\\Http\\Middleware\\PreventRequestsDuringMaintenance.php(109): Illuminate\\Pipeline\\Pipeline->Illuminate\\Pipeline\\{closure}(Object(Illuminate\\Http\\Request))
#22 C:\\laragon\\www\\api\\vendor\\laravel\\framework\\src\\Illuminate\\Pipeline\\Pipeline.php(219): Illuminate\\Foundation\\Http\\Middleware\\PreventRequestsDuringMaintenance->handle(Object(Illuminate\\Http\\Request), Object(Closure))
#23 C:\\laragon\\www\\api\\vendor\\laravel\\framework\\src\\Illuminate\\Http\\Middleware\\HandleCors.php(61): Illuminate\\Pipeline\\Pipeline->Illuminate\\Pipeline\\{closure}(Object(Illuminate\\Http\\Request))
#24 C:\\laragon\\www\\api\\vendor\\laravel\\framework\\src\\Illuminate\\Pipeline\\Pipeline.php(219): Illuminate\\Http\\Middleware\\HandleCors->handle(Object(Illuminate\\Http\\Request), Object(Closure))
#25 C:\\laragon\\www\\api\\vendor\\laravel\\framework\\src\\Illuminate\\Http\\Middleware\\TrustProxies.php(58): Illuminate\\Pipeline\\Pipeline->Illuminate\\Pipeline\\{closure}(Object(Illuminate\\Http\\Request))
#26 C:\\laragon\\www\\api\\vendor\\laravel\\framework\\src\\Illuminate\\Pipeline\\Pipeline.php(219): Illuminate\\Http\\Middleware\\TrustProxies->handle(Object(Illuminate\\Http\\Request), Object(Closure))
#27 C:\\laragon\\www\\api\\vendor\\laravel\\framework\\src\\Illuminate\\Foundation\\Http\\Middleware\\InvokeDeferredCallbacks.php(22): Illuminate\\Pipeline\\Pipeline->Illuminate\\Pipeline\\{closure}(Object(Illuminate\\Http\\Request))
#28 C:\\laragon\\www\\api\\vendor\\laravel\\framework\\src\\Illuminate\\Pipeline\\Pipeline.php(219): Illuminate\\Foundation\\Http\\Middleware\\InvokeDeferredCallbacks->handle(Object(Illuminate\\Http\\Request), Object(Closure))
#29 C:\\laragon\\www\\api\\vendor\\laravel\\framework\\src\\Illuminate\\Http\\Middleware\\ValidatePathEncoding.php(26): Illuminate\\Pipeline\\Pipeline->Illuminate\\Pipeline\\{closure}(Object(Illuminate\\Http\\Request))
#30 C:\\laragon\\www\\api\\vendor\\laravel\\framework\\src\\Illuminate\\Pipeline\\Pipeline.php(219): Illuminate\\Http\\Middleware\\ValidatePathEncoding->handle(Object(Illuminate\\Http\\Request), Object(Closure))
#31 C:\\laragon\\www\\api\\vendor\\laravel\\framework\\src\\Illuminate\\Pipeline\\Pipeline.php(137): Illuminate\\Pipeline\\Pipeline->Illuminate\\Pipeline\\{closure}(Object(Illuminate\\Http\\Request))
#32 C:\\laragon\\www\\api\\vendor\\laravel\\framework\\src\\Illuminate\\Foundation\\Http\\Kernel.php(175): Illuminate\\Pipeline\\Pipeline->then(Object(Closure))
#33 C:\\laragon\\www\\api\\vendor\\laravel\\framework\\src\\Illuminate\\Foundation\\Http\\Kernel.php(144): Illuminate\\Foundation\\Http\\Kernel->sendRequestThroughRouter(Object(Illuminate\\Http\\Request))
#34 C:\\laragon\\www\\api\\vendor\\laravel\\framework\\src\\Illuminate\\Foundation\\Application.php(1220): Illuminate\\Foundation\\Http\\Kernel->handle(Object(Illuminate\\Http\\Request))
#35 C:\\laragon\\www\\api\\public\\index.php(20): Illuminate\\Foundation\\Application->handleRequest(Object(Illuminate\\Http\\Request))
#36 C:\\laragon\\www\\api\\vendor\\laravel\\framework\\src\\Illuminate\\Foundation\\resources\\server.php(23): require_once('C:\\\\laragon\\\\www\\\\...')
#37 {main}
"} 
[2026-04-08 06:07:18] local.ERROR: syntax error, unexpected token "<<" {"exception":"[object] (ParseError(code: 0): syntax error, unexpected token \"<<\" at C:\\laragon\\www\\api\\app\\Http\\Controllers\\AdminController.php:1098)
[stacktrace]
#0 C:\\laragon\\www\\api\\vendor\\composer\\ClassLoader.php(427): Composer\\Autoload\\{closure}('C:\\\\laragon\\\\www\\\\...')
#1 [internal function]: Composer\\Autoload\\ClassLoader->loadClass('App\\\\Http\\\\Contro...')
#2 C:\\laragon\\www\\api\\vendor\\laravel\\framework\\src\\Illuminate\\Routing\\Route.php(1125): is_a('App\\\\Http\\\\Contro...', 'Illuminate\\\\Rout...', true)
#3 C:\\laragon\\www\\api\\vendor\\laravel\\framework\\src\\Illuminate\\Routing\\Route.php(1062): Illuminate\\Routing\\Route->controllerMiddleware()
#4 C:\\laragon\\www\\api\\vendor\\laravel\\framework\\src\\Illuminate\\Routing\\Router.php(834): Illuminate\\Routing\\Route->gatherMiddleware()
#5 C:\\laragon\\www\\api\\vendor\\laravel\\framework\\src\\Illuminate\\Routing\\Router.php(816): Illuminate\\Routing\\Router->gatherRouteMiddleware(Object(Illuminate\\Routing\\Route))
#6 C:\\laragon\\www\\api\\vendor\\laravel\\framework\\src\\Illuminate\\Routing\\Router.php(800): Illuminate\\Routing\\Router->runRouteWithinStack(Object(Illuminate\\Routing\\Route), Object(Illuminate\\Http\\Request))
#7 C:\\laragon\\www\\api\\vendor\\laravel\\framework\\src\\Illuminate\\Routing\\Router.php(764): Illuminate\\Routing\\Router->runRoute(Object(Illuminate\\Http\\Request), Object(Illuminate\\Routing\\Route))
#8 C:\\laragon\\www\\api\\vendor\\laravel\\framework\\src\\Illuminate\\Routing\\Router.php(753): Illuminate\\Routing\\Router->dispatchToRoute(Object(Illuminate\\Http\\Request))
#9 C:\\laragon\\www\\api\\vendor\\laravel\\framework\\src\\Illuminate\\Foundation\\Http\\Kernel.php(200): Illuminate\\Routing\\Router->dispatch(Object(Illuminate\\Http\\Request))
#10 C:\\laragon\\www\\api\\vendor\\laravel\\framework\\src\\Illuminate\\Pipeline\\Pipeline.php(180): Illuminate\\Foundation\\Http\\Kernel->Illuminate\\Foundation\\Http\\{closure}(Object(Illuminate\\Http\\Request))
#11 C:\\laragon\\www\\api\\app\\Http\\Middleware\\HandleCors.php(20): Illuminate\\Pipeline\\Pipeline->Illuminate\\Pipeline\\{closure}(Object(Illuminate\\Http\\Request))
#12 C:\\laragon\\www\\api\\vendor\\laravel\\framework\\src\\Illuminate\\Pipeline\\Pipeline.php(219): App\\Http\\Middleware\\HandleCors->handle(Object(Illuminate\\Http\\Request), Object(Closure))
#13 C:\\laragon\\www\\api\\vendor\\laravel\\framework\\src\\Illuminate\\Foundation\\Http\\Middleware\\TransformsRequest.php(21): Illuminate\\Pipeline\\Pipeline->Illuminate\\Pipeline\\{closure}(Object(Illuminate\\Http\\Request))
#14 C:\\laragon\\www\\api\\vendor\\laravel\\framework\\src\\Illuminate\\Foundation\\Http\\Middleware\\ConvertEmptyStringsToNull.php(31): Illuminate\\Foundation\\Http\\Middleware\\TransformsRequest->handle(Object(Illuminate\\Http\\Request), Object(Closure))
#15 C:\\laragon\\www\\api\\vendor\\laravel\\framework\\src\\Illuminate\\Pipeline\\Pipeline.php(219): Illuminate\\Foundation\\Http\\Middleware\\ConvertEmptyStringsToNull->handle(Object(Illuminate\\Http\\Request), Object(Closure))
#16 C:\\laragon\\www\\api\\vendor\\laravel\\framework\\src\\Illuminate\\Foundation\\Http\\Middleware\\TransformsRequest.php(21): Illuminate\\Pipeline\\Pipeline->Illuminate\\Pipeline\\{closure}(Object(Illuminate\\Http\\Request))
#17 C:\\laragon\\www\\api\\vendor\\laravel\\framework\\src\\Illuminate\\Foundation\\Http\\Middleware\\TrimStrings.php(51): Illuminate\\Foundation\\Http\\Middleware\\TransformsRequest->handle(Object(Illuminate\\Http\\Request), Object(Closure))
#18 C:\\laragon\\www\\api\\vendor\\laravel\\framework\\src\\Illuminate\\Pipeline\\Pipeline.php(219): Illuminate\\Foundation\\Http\\Middleware\\TrimStrings->handle(Object(Illuminate\\Http\\Request), Object(Closure))
#19 C:\\laragon\\www\\api\\vendor\\laravel\\framework\\src\\Illuminate\\Http\\Middleware\\ValidatePostSize.php(27): Illuminate\\Pipeline\\Pipeline->Illuminate\\Pipeline\\{closure}(Object(Illuminate\\Http\\Request))
#20 C:\\laragon\\www\\api\\vendor\\laravel\\framework\\src\\Illuminate\\Pipeline\\Pipeline.php(219): Illuminate\\Http\\Middleware\\ValidatePostSize->handle(Object(Illuminate\\Http\\Request), Object(Closure))
#21 C:\\laragon\\www\\api\\vendor\\laravel\\framework\\src\\Illuminate\\Foundation\\Http\\Middleware\\PreventRequestsDuringMaintenance.php(109): Illuminate\\Pipeline\\Pipeline->Illuminate\\Pipeline\\{closure}(Object(Illuminate\\Http\\Request))
#22 C:\\laragon\\www\\api\\vendor\\laravel\\framework\\src\\Illuminate\\Pipeline\\Pipeline.php(219): Illuminate\\Foundation\\Http\\Middleware\\PreventRequestsDuringMaintenance->handle(Object(Illuminate\\Http\\Request), Object(Closure))
#23 C:\\laragon\\www\\api\\vendor\\laravel\\framework\\src\\Illuminate\\Http\\Middleware\\HandleCors.php(61): Illuminate\\Pipeline\\Pipeline->Illuminate\\Pipeline\\{closure}(Object(Illuminate\\Http\\Request))
#24 C:\\laragon\\www\\api\\vendor\\laravel\\framework\\src\\Illuminate\\Pipeline\\Pipeline.php(219): Illuminate\\Http\\Middleware\\HandleCors->handle(Object(Illuminate\\Http\\Request), Object(Closure))
#25 C:\\laragon\\www\\api\\vendor\\laravel\\framework\\src\\Illuminate\\Http\\Middleware\\TrustProxies.php(58): Illuminate\\Pipeline\\Pipeline->Illuminate\\Pipeline\\{closure}(Object(Illuminate\\Http\\Request))
#26 C:\\laragon\\www\\api\\vendor\\laravel\\framework\\src\\Illuminate\\Pipeline\\Pipeline.php(219): Illuminate\\Http\\Middleware\\TrustProxies->handle(Object(Illuminate\\Http\\Request), Object(Closure))
#27 C:\\laragon\\www\\api\\vendor\\laravel\\framework\\src\\Illuminate\\Foundation\\Http\\Middleware\\InvokeDeferredCallbacks.php(22): Illuminate\\Pipeline\\Pipeline->Illuminate\\Pipeline\\{closure}(Object(Illuminate\\Http\\Request))
#28 C:\\laragon\\www\\api\\vendor\\laravel\\framework\\src\\Illuminate\\Pipeline\\Pipeline.php(219): Illuminate\\Foundation\\Http\\Middleware\\InvokeDeferredCallbacks->handle(Object(Illuminate\\Http\\Request), Object(Closure))
#29 C:\\laragon\\www\\api\\vendor\\laravel\\framework\\src\\Illuminate\\Http\\Middleware\\ValidatePathEncoding.php(26): Illuminate\\Pipeline\\Pipeline->Illuminate\\Pipeline\\{closure}(Object(Illuminate\\Http\\Request))
#30 C:\\laragon\\www\\api\\vendor\\laravel\\framework\\src\\Illuminate\\Pipeline\\Pipeline.php(219): Illuminate\\Http\\Middleware\\ValidatePathEncoding->handle(Object(Illuminate\\Http\\Request), Object(Closure))
#31 C:\\laragon\\www\\api\\vendor\\laravel\\framework\\src\\Illuminate\\Pipeline\\Pipeline.php(137): Illuminate\\Pipeline\\Pipeline->Illuminate\\Pipeline\\{closure}(Object(Illuminate\\Http\\Request))
#32 C:\\laragon\\www\\api\\vendor\\laravel\\framework\\src\\Illuminate\\Foundation\\Http\\Kernel.php(175): Illuminate\\Pipeline\\Pipeline->then(Object(Closure))
#33 C:\\laragon\\www\\api\\vendor\\laravel\\framework\\src\\Illuminate\\Foundation\\Http\\Kernel.php(144): Illuminate\\Foundation\\Http\\Kernel->sendRequestThroughRouter(Object(Illuminate\\Http\\Request))
#34 C:\\laragon\\www\\api\\vendor\\laravel\\framework\\src\\Illuminate\\Foundation\\Application.php(1220): Illuminate\\Foundation\\Http\\Kernel->handle(Object(Illuminate\\Http\\Request))
#35 C:\\laragon\\www\\api\\public\\index.php(20): Illuminate\\Foundation\\Application->handleRequest(Object(Illuminate\\Http\\Request))
#36 C:\\laragon\\www\\api\\vendor\\laravel\\framework\\src\\Illuminate\\Foundation\\resources\\server.php(23): require_once('C:\\\\laragon\\\\www\\\\...')
#37 {main}
"} 
[2026-04-08 06:07:19] local.ERROR: syntax error, unexpected token "<<" {"exception":"[object] (ParseError(code: 0): syntax error, unexpected token \"<<\" at C:\\laragon\\www\\api\\app\\Http\\Controllers\\AdminController.php:1098)
[stacktrace]
#0 C:\\laragon\\www\\api\\vendor\\composer\\ClassLoader.php(427): Composer\\Autoload\\{closure}('C:\\\\laragon\\\\www\\\\...')
#1 [internal function]: Composer\\Autoload\\ClassLoader->loadClass('App\\\\Http\\\\Contro...')
#2 C:\\laragon\\www\\api\\vendor\\laravel\\framework\\src\\Illuminate\\Routing\\Route.php(1125): is_a('App\\\\Http\\\\Contro...', 'Illuminate\\\\Rout...', true)
#3 C:\\laragon\\www\\api\\vendor\\laravel\\framework\\src\\Illuminate\\Routing\\Route.php(1062): Illuminate\\Routing\\Route->controllerMiddleware()
#4 C:\\laragon\\www\\api\\vendor\\laravel\\framework\\src\\Illuminate\\Routing\\Router.php(834): Illuminate\\Routing\\Route->gatherMiddleware()
#5 C:\\laragon\\www\\api\\vendor\\laravel\\framework\\src\\Illuminate\\Routing\\Router.php(816): Illuminate\\Routing\\Router->gatherRouteMiddleware(Object(Illuminate\\Routing\\Route))
#6 C:\\laragon\\www\\api\\vendor\\laravel\\framework\\src\\Illuminate\\Routing\\Router.php(800): Illuminate\\Routing\\Router->runRouteWithinStack(Object(Illuminate\\Routing\\Route), Object(Illuminate\\Http\\Request))
#7 C:\\laragon\\www\\api\\vendor\\laravel\\framework\\src\\Illuminate\\Routing\\Router.php(764): Illuminate\\Routing\\Router->runRoute(Object(Illuminate\\Http\\Request), Object(Illuminate\\Routing\\Route))
#8 C:\\laragon\\www\\api\\vendor\\laravel\\framework\\src\\Illuminate\\Routing\\Router.php(753): Illuminate\\Routing\\Router->dispatchToRoute(Object(Illuminate\\Http\\Request))
#9 C:\\laragon\\www\\api\\vendor\\laravel\\framework\\src\\Illuminate\\Foundation\\Http\\Kernel.php(200): Illuminate\\Routing\\Router->dispatch(Object(Illuminate\\Http\\Request))
#10 C:\\laragon\\www\\api\\vendor\\laravel\\framework\\src\\Illuminate\\Pipeline\\Pipeline.php(180): Illuminate\\Foundation\\Http\\Kernel->Illuminate\\Foundation\\Http\\{closure}(Object(Illuminate\\Http\\Request))
#11 C:\\laragon\\www\\api\\app\\Http\\Middleware\\HandleCors.php(20): Illuminate\\Pipeline\\Pipeline->Illuminate\\Pipeline\\{closure}(Object(Illuminate\\Http\\Request))
#12 C:\\laragon\\www\\api\\vendor\\laravel\\framework\\src\\Illuminate\\Pipeline\\Pipeline.php(219): App\\Http\\Middleware\\HandleCors->handle(Object(Illuminate\\Http\\Request), Object(Closure))
#13 C:\\laragon\\www\\api\\vendor\\laravel\\framework\\src\\Illuminate\\Foundation\\Http\\Middleware\\TransformsRequest.php(21): Illuminate\\Pipeline\\Pipeline->Illuminate\\Pipeline\\{closure}(Object(Illuminate\\Http\\Request))
#14 C:\\laragon\\www\\api\\vendor\\laravel\\framework\\src\\Illuminate\\Foundation\\Http\\Middleware\\ConvertEmptyStringsToNull.php(31): Illuminate\\Foundation\\Http\\Middleware\\TransformsRequest->handle(Object(Illuminate\\Http\\Request), Object(Closure))
#15 C:\\laragon\\www\\api\\vendor\\laravel\\framework\\src\\Illuminate\\Pipeline\\Pipeline.php(219): Illuminate\\Foundation\\Http\\Middleware\\ConvertEmptyStringsToNull->handle(Object(Illuminate\\Http\\Request), Object(Closure))
#16 C:\\laragon\\www\\api\\vendor\\laravel\\framework\\src\\Illuminate\\Foundation\\Http\\Middleware\\TransformsRequest.php(21): Illuminate\\Pipeline\\Pipeline->Illuminate\\Pipeline\\{closure}(Object(Illuminate\\Http\\Request))
#17 C:\\laragon\\www\\api\\vendor\\laravel\\framework\\src\\Illuminate\\Foundation\\Http\\Middleware\\TrimStrings.php(51): Illuminate\\Foundation\\Http\\Middleware\\TransformsRequest->handle(Object(Illuminate\\Http\\Request), Object(Closure))
#18 C:\\laragon\\www\\api\\vendor\\laravel\\framework\\src\\Illuminate\\Pipeline\\Pipeline.php(219): Illuminate\\Foundation\\Http\\Middleware\\TrimStrings->handle(Object(Illuminate\\Http\\Request), Object(Closure))
#19 C:\\laragon\\www\\api\\vendor\\laravel\\framework\\src\\Illuminate\\Http\\Middleware\\ValidatePostSize.php(27): Illuminate\\Pipeline\\Pipeline->Illuminate\\Pipeline\\{closure}(Object(Illuminate\\Http\\Request))
#20 C:\\laragon\\www\\api\\vendor\\laravel\\framework\\src\\Illuminate\\Pipeline\\Pipeline.php(219): Illuminate\\Http\\Middleware\\ValidatePostSize->handle(Object(Illuminate\\Http\\Request), Object(Closure))
#21 C:\\laragon\\www\\api\\vendor\\laravel\\framework\\src\\Illuminate\\Foundation\\Http\\Middleware\\PreventRequestsDuringMaintenance.php(109): Illuminate\\Pipeline\\Pipeline->Illuminate\\Pipeline\\{closure}(Object(Illuminate\\Http\\Request))
#22 C:\\laragon\\www\\api\\vendor\\laravel\\framework\\src\\Illuminate\\Pipeline\\Pipeline.php(219): Illuminate\\Foundation\\Http\\Middleware\\PreventRequestsDuringMaintenance->handle(Object(Illuminate\\Http\\Request), Object(Closure))
#23 C:\\laragon\\www\\api\\vendor\\laravel\\framework\\src\\Illuminate\\Http\\Middleware\\HandleCors.php(61): Illuminate\\Pipeline\\Pipeline->Illuminate\\Pipeline\\{closure}(Object(Illuminate\\Http\\Request))
#24 C:\\laragon\\www\\api\\vendor\\laravel\\framework\\src\\Illuminate\\Pipeline\\Pipeline.php(219): Illuminate\\Http\\Middleware\\HandleCors->handle(Object(Illuminate\\Http\\Request), Object(Closure))
#25 C:\\laragon\\www\\api\\vendor\\laravel\\framework\\src\\Illuminate\\Http\\Middleware\\TrustProxies.php(58): Illuminate\\Pipeline\\Pipeline->Illuminate\\Pipeline\\{closure}(Object(Illuminate\\Http\\Request))
#26 C:\\laragon\\www\\api\\vendor\\laravel\\framework\\src\\Illuminate\\Pipeline\\Pipeline.php(219): Illuminate\\Http\\Middleware\\TrustProxies->handle(Object(Illuminate\\Http\\Request), Object(Closure))
#27 C:\\laragon\\www\\api\\vendor\\laravel\\framework\\src\\Illuminate\\Foundation\\Http\\Middleware\\InvokeDeferredCallbacks.php(22): Illuminate\\Pipeline\\Pipeline->Illuminate\\Pipeline\\{closure}(Object(Illuminate\\Http\\Request))
#28 C:\\laragon\\www\\api\\vendor\\laravel\\framework\\src\\Illuminate\\Pipeline\\Pipeline.php(219): Illuminate\\Foundation\\Http\\Middleware\\InvokeDeferredCallbacks->handle(Object(Illuminate\\Http\\Request), Object(Closure))
#29 C:\\laragon\\www\\api\\vendor\\laravel\\framework\\src\\Illuminate\\Http\\Middleware\\ValidatePathEncoding.php(26): Illuminate\\Pipeline\\Pipeline->Illuminate\\Pipeline\\{closure}(Object(Illuminate\\Http\\Request))
#30 C:\\laragon\\www\\api\\vendor\\laravel\\framework\\src\\Illuminate\\Pipeline\\Pipeline.php(219): Illuminate\\Http\\Middleware\\ValidatePathEncoding->handle(Object(Illuminate\\Http\\Request), Object(Closure))
#31 C:\\laragon\\www\\api\\vendor\\laravel\\framework\\src\\Illuminate\\Pipeline\\Pipeline.php(137): Illuminate\\Pipeline\\Pipeline->Illuminate\\Pipeline\\{closure}(Object(Illuminate\\Http\\Request))
#32 C:\\laragon\\www\\api\\vendor\\laravel\\framework\\src\\Illuminate\\Foundation\\Http\\Kernel.php(175): Illuminate\\Pipeline\\Pipeline->then(Object(Closure))
#33 C:\\laragon\\www\\api\\vendor\\laravel\\framework\\src\\Illuminate\\Foundation\\Http\\Kernel.php(144): Illuminate\\Foundation\\Http\\Kernel->sendRequestThroughRouter(Object(Illuminate\\Http\\Request))
#34 C:\\laragon\\www\\api\\vendor\\laravel\\framework\\src\\Illuminate\\Foundation\\Application.php(1220): Illuminate\\Foundation\\Http\\Kernel->handle(Object(Illuminate\\Http\\Request))
#35 C:\\laragon\\www\\api\\public\\index.php(20): Illuminate\\Foundation\\Application->handleRequest(Object(Illuminate\\Http\\Request))
#36 C:\\laragon\\www\\api\\vendor\\laravel\\framework\\src\\Illuminate\\Foundation\\resources\\server.php(23): require_once('C:\\\\laragon\\\\www\\\\...')
#37 {main}
"} 
[2026-04-08 06:07:21] local.INFO: Fetching questions {"category":"Science","difficulty":"Easy","year_level":"ALL"} 
[2026-04-08 06:07:22] local.INFO: Questions found {"count":192} 
[2026-04-08 06:07:22] local.INFO: Difficulty setting applied {"difficulty":"Easy","num_questions":10} 
[2026-04-08 06:08:16] local.ERROR: syntax error, unexpected token "<<" {"exception":"[object] (ParseError(code: 0): syntax error, unexpected token \"<<\" at C:\\laragon\\www\\api\\app\\Http\\Controllers\\GameController.php:54)
[stacktrace]
#0 C:\\laragon\\www\\api\\vendor\\composer\\ClassLoader.php(427): Composer\\Autoload\\{closure}('C:\\\\laragon\\\\www\\\\...')
#1 [internal function]: Composer\\Autoload\\ClassLoader->loadClass('App\\\\Http\\\\Contro...')
#2 C:\\laragon\\www\\api\\vendor\\laravel\\framework\\src\\Illuminate\\Routing\\Route.php(1125): is_a('App\\\\Http\\\\Contro...', 'Illuminate\\\\Rout...', true)
#3 C:\\laragon\\www\\api\\vendor\\laravel\\framework\\src\\Illuminate\\Routing\\Route.php(1062): Illuminate\\Routing\\Route->controllerMiddleware()
#4 C:\\laragon\\www\\api\\vendor\\laravel\\framework\\src\\Illuminate\\Routing\\Router.php(834): Illuminate\\Routing\\Route->gatherMiddleware()
#5 C:\\laragon\\www\\api\\vendor\\laravel\\framework\\src\\Illuminate\\Routing\\Router.php(816): Illuminate\\Routing\\Router->gatherRouteMiddleware(Object(Illuminate\\Routing\\Route))
#6 C:\\laragon\\www\\api\\vendor\\laravel\\framework\\src\\Illuminate\\Routing\\Router.php(800): Illuminate\\Routing\\Router->runRouteWithinStack(Object(Illuminate\\Routing\\Route), Object(Illuminate\\Http\\Request))
#7 C:\\laragon\\www\\api\\vendor\\laravel\\framework\\src\\Illuminate\\Routing\\Router.php(764): Illuminate\\Routing\\Router->runRoute(Object(Illuminate\\Http\\Request), Object(Illuminate\\Routing\\Route))
#8 C:\\laragon\\www\\api\\vendor\\laravel\\framework\\src\\Illuminate\\Routing\\Router.php(753): Illuminate\\Routing\\Router->dispatchToRoute(Object(Illuminate\\Http\\Request))
#9 C:\\laragon\\www\\api\\vendor\\laravel\\framework\\src\\Illuminate\\Foundation\\Http\\Kernel.php(200): Illuminate\\Routing\\Router->dispatch(Object(Illuminate\\Http\\Request))
#10 C:\\laragon\\www\\api\\vendor\\laravel\\framework\\src\\Illuminate\\Pipeline\\Pipeline.php(180): Illuminate\\Foundation\\Http\\Kernel->Illuminate\\Foundation\\Http\\{closure}(Object(Illuminate\\Http\\Request))
#11 C:\\laragon\\www\\api\\app\\Http\\Middleware\\HandleCors.php(20): Illuminate\\Pipeline\\Pipeline->Illuminate\\Pipeline\\{closure}(Object(Illuminate\\Http\\Request))
#12 C:\\laragon\\www\\api\\vendor\\laravel\\framework\\src\\Illuminate\\Pipeline\\Pipeline.php(219): App\\Http\\Middleware\\HandleCors->handle(Object(Illuminate\\Http\\Request), Object(Closure))
#13 C:\\laragon\\www\\api\\vendor\\laravel\\framework\\src\\Illuminate\\Foundation\\Http\\Middleware\\TransformsRequest.php(21): Illuminate\\Pipeline\\Pipeline->Illuminate\\Pipeline\\{closure}(Object(Illuminate\\Http\\Request))
#14 C:\\laragon\\www\\api\\vendor\\laravel\\framework\\src\\Illuminate\\Foundation\\Http\\Middleware\\ConvertEmptyStringsToNull.php(31): Illuminate\\Foundation\\Http\\Middleware\\TransformsRequest->handle(Object(Illuminate\\Http\\Request), Object(Closure))
#15 C:\\laragon\\www\\api\\vendor\\laravel\\framework\\src\\Illuminate\\Pipeline\\Pipeline.php(219): Illuminate\\Foundation\\Http\\Middleware\\ConvertEmptyStringsToNull->handle(Object(Illuminate\\Http\\Request), Object(Closure))
#16 C:\\laragon\\www\\api\\vendor\\laravel\\framework\\src\\Illuminate\\Foundation\\Http\\Middleware\\TransformsRequest.php(21): Illuminate\\Pipeline\\Pipeline->Illuminate\\Pipeline\\{closure}(Object(Illuminate\\Http\\Request))
#17 C:\\laragon\\www\\api\\vendor\\laravel\\framework\\src\\Illuminate\\Foundation\\Http\\Middleware\\TrimStrings.php(51): Illuminate\\Foundation\\Http\\Middleware\\TransformsRequest->handle(Object(Illuminate\\Http\\Request), Object(Closure))
#18 C:\\laragon\\www\\api\\vendor\\laravel\\framework\\src\\Illuminate\\Pipeline\\Pipeline.php(219): Illuminate\\Foundation\\Http\\Middleware\\TrimStrings->handle(Object(Illuminate\\Http\\Request), Object(Closure))
#19 C:\\laragon\\www\\api\\vendor\\laravel\\framework\\src\\Illuminate\\Http\\Middleware\\ValidatePostSize.php(27): Illuminate\\Pipeline\\Pipeline->Illuminate\\Pipeline\\{closure}(Object(Illuminate\\Http\\Request))
#20 C:\\laragon\\www\\api\\vendor\\laravel\\framework\\src\\Illuminate\\Pipeline\\Pipeline.php(219): Illuminate\\Http\\Middleware\\ValidatePostSize->handle(Object(Illuminate\\Http\\Request), Object(Closure))
#21 C:\\laragon\\www\\api\\vendor\\laravel\\framework\\src\\Illuminate\\Foundation\\Http\\Middleware\\PreventRequestsDuringMaintenance.php(109): Illuminate\\Pipeline\\Pipeline->Illuminate\\Pipeline\\{closure}(Object(Illuminate\\Http\\Request))
#22 C:\\laragon\\www\\api\\vendor\\laravel\\framework\\src\\Illuminate\\Pipeline\\Pipeline.php(219): Illuminate\\Foundation\\Http\\Middleware\\PreventRequestsDuringMaintenance->handle(Object(Illuminate\\Http\\Request), Object(Closure))
#23 C:\\laragon\\www\\api\\vendor\\laravel\\framework\\src\\Illuminate\\Http\\Middleware\\HandleCors.php(61): Illuminate\\Pipeline\\Pipeline->Illuminate\\Pipeline\\{closure}(Object(Illuminate\\Http\\Request))
#24 C:\\laragon\\www\\api\\vendor\\laravel\\framework\\src\\Illuminate\\Pipeline\\Pipeline.php(219): Illuminate\\Http\\Middleware\\HandleCors->handle(Object(Illuminate\\Http\\Request), Object(Closure))
#25 C:\\laragon\\www\\api\\vendor\\laravel\\framework\\src\\Illuminate\\Http\\Middleware\\TrustProxies.php(58): Illuminate\\Pipeline\\Pipeline->Illuminate\\Pipeline\\{closure}(Object(Illuminate\\Http\\Request))
#26 C:\\laragon\\www\\api\\vendor\\laravel\\framework\\src\\Illuminate\\Pipeline\\Pipeline.php(219): Illuminate\\Http\\Middleware\\TrustProxies->handle(Object(Illuminate\\Http\\Request), Object(Closure))
#27 C:\\laragon\\www\\api\\vendor\\laravel\\framework\\src\\Illuminate\\Foundation\\Http\\Middleware\\InvokeDeferredCallbacks.php(22): Illuminate\\Pipeline\\Pipeline->Illuminate\\Pipeline\\{closure}(Object(Illuminate\\Http\\Request))
#28 C:\\laragon\\www\\api\\vendor\\laravel\\framework\\src\\Illuminate\\Pipeline\\Pipeline.php(219): Illuminate\\Foundation\\Http\\Middleware\\InvokeDeferredCallbacks->handle(Object(Illuminate\\Http\\Request), Object(Closure))
#29 C:\\laragon\\www\\api\\vendor\\laravel\\framework\\src\\Illuminate\\Http\\Middleware\\ValidatePathEncoding.php(26): Illuminate\\Pipeline\\Pipeline->Illuminate\\Pipeline\\{closure}(Object(Illuminate\\Http\\Request))
#30 C:\\laragon\\www\\api\\vendor\\laravel\\framework\\src\\Illuminate\\Pipeline\\Pipeline.php(219): Illuminate\\Http\\Middleware\\ValidatePathEncoding->handle(Object(Illuminate\\Http\\Request), Object(Closure))
#31 C:\\laragon\\www\\api\\vendor\\laravel\\framework\\src\\Illuminate\\Pipeline\\Pipeline.php(137): Illuminate\\Pipeline\\Pipeline->Illuminate\\Pipeline\\{closure}(Object(Illuminate\\Http\\Request))
#32 C:\\laragon\\www\\api\\vendor\\laravel\\framework\\src\\Illuminate\\Foundation\\Http\\Kernel.php(175): Illuminate\\Pipeline\\Pipeline->then(Object(Closure))
#33 C:\\laragon\\www\\api\\vendor\\laravel\\framework\\src\\Illuminate\\Foundation\\Http\\Kernel.php(144): Illuminate\\Foundation\\Http\\Kernel->sendRequestThroughRouter(Object(Illuminate\\Http\\Request))
#34 C:\\laragon\\www\\api\\vendor\\laravel\\framework\\src\\Illuminate\\Foundation\\Application.php(1220): Illuminate\\Foundation\\Http\\Kernel->handle(Object(Illuminate\\Http\\Request))
#35 C:\\laragon\\www\\api\\public\\index.php(20): Illuminate\\Foundation\\Application->handleRequest(Object(Illuminate\\Http\\Request))
#36 C:\\laragon\\www\\api\\vendor\\laravel\\framework\\src\\Illuminate\\Foundation\\resources\\server.php(23): require_once('C:\\\\laragon\\\\www\\\\...')
#37 {main}
"} 
[2026-04-08 06:08:44] local.ERROR: syntax error, unexpected token "<<" {"exception":"[object] (ParseError(code: 0): syntax error, unexpected token \"<<\" at C:\\laragon\\www\\api\\app\\Http\\Controllers\\GameController.php:54)
[stacktrace]
#0 C:\\laragon\\www\\api\\vendor\\composer\\ClassLoader.php(427): Composer\\Autoload\\{closure}('C:\\\\laragon\\\\www\\\\...')
#1 [internal function]: Composer\\Autoload\\ClassLoader->loadClass('App\\\\Http\\\\Contro...')
#2 C:\\laragon\\www\\api\\vendor\\laravel\\framework\\src\\Illuminate\\Routing\\Route.php(1125): is_a('App\\\\Http\\\\Contro...', 'Illuminate\\\\Rout...', true)
#3 C:\\laragon\\www\\api\\vendor\\laravel\\framework\\src\\Illuminate\\Routing\\Route.php(1062): Illuminate\\Routing\\Route->controllerMiddleware()
#4 C:\\laragon\\www\\api\\vendor\\laravel\\framework\\src\\Illuminate\\Routing\\Router.php(834): Illuminate\\Routing\\Route->gatherMiddleware()
#5 C:\\laragon\\www\\api\\vendor\\laravel\\framework\\src\\Illuminate\\Routing\\Router.php(816): Illuminate\\Routing\\Router->gatherRouteMiddleware(Object(Illuminate\\Routing\\Route))
#6 C:\\laragon\\www\\api\\vendor\\laravel\\framework\\src\\Illuminate\\Routing\\Router.php(800): Illuminate\\Routing\\Router->runRouteWithinStack(Object(Illuminate\\Routing\\Route), Object(Illuminate\\Http\\Request))
#7 C:\\laragon\\www\\api\\vendor\\laravel\\framework\\src\\Illuminate\\Routing\\Router.php(764): Illuminate\\Routing\\Router->runRoute(Object(Illuminate\\Http\\Request), Object(Illuminate\\Routing\\Route))
#8 C:\\laragon\\www\\api\\vendor\\laravel\\framework\\src\\Illuminate\\Routing\\Router.php(753): Illuminate\\Routing\\Router->dispatchToRoute(Object(Illuminate\\Http\\Request))
#9 C:\\laragon\\www\\api\\vendor\\laravel\\framework\\src\\Illuminate\\Foundation\\Http\\Kernel.php(200): Illuminate\\Routing\\Router->dispatch(Object(Illuminate\\Http\\Request))
#10 C:\\laragon\\www\\api\\vendor\\laravel\\framework\\src\\Illuminate\\Pipeline\\Pipeline.php(180): Illuminate\\Foundation\\Http\\Kernel->Illuminate\\Foundation\\Http\\{closure}(Object(Illuminate\\Http\\Request))
#11 C:\\laragon\\www\\api\\app\\Http\\Middleware\\HandleCors.php(20): Illuminate\\Pipeline\\Pipeline->Illuminate\\Pipeline\\{closure}(Object(Illuminate\\Http\\Request))
#12 C:\\laragon\\www\\api\\vendor\\laravel\\framework\\src\\Illuminate\\Pipeline\\Pipeline.php(219): App\\Http\\Middleware\\HandleCors->handle(Object(Illuminate\\Http\\Request), Object(Closure))
#13 C:\\laragon\\www\\api\\vendor\\laravel\\framework\\src\\Illuminate\\Foundation\\Http\\Middleware\\TransformsRequest.php(21): Illuminate\\Pipeline\\Pipeline->Illuminate\\Pipeline\\{closure}(Object(Illuminate\\Http\\Request))
#14 C:\\laragon\\www\\api\\vendor\\laravel\\framework\\src\\Illuminate\\Foundation\\Http\\Middleware\\ConvertEmptyStringsToNull.php(31): Illuminate\\Foundation\\Http\\Middleware\\TransformsRequest->handle(Object(Illuminate\\Http\\Request), Object(Closure))
#15 C:\\laragon\\www\\api\\vendor\\laravel\\framework\\src\\Illuminate\\Pipeline\\Pipeline.php(219): Illuminate\\Foundation\\Http\\Middleware\\ConvertEmptyStringsToNull->handle(Object(Illuminate\\Http\\Request), Object(Closure))
#16 C:\\laragon\\www\\api\\vendor\\laravel\\framework\\src\\Illuminate\\Foundation\\Http\\Middleware\\TransformsRequest.php(21): Illuminate\\Pipeline\\Pipeline->Illuminate\\Pipeline\\{closure}(Object(Illuminate\\Http\\Request))
#17 C:\\laragon\\www\\api\\vendor\\laravel\\framework\\src\\Illuminate\\Foundation\\Http\\Middleware\\TrimStrings.php(51): Illuminate\\Foundation\\Http\\Middleware\\TransformsRequest->handle(Object(Illuminate\\Http\\Request), Object(Closure))
#18 C:\\laragon\\www\\api\\vendor\\laravel\\framework\\src\\Illuminate\\Pipeline\\Pipeline.php(219): Illuminate\\Foundation\\Http\\Middleware\\TrimStrings->handle(Object(Illuminate\\Http\\Request), Object(Closure))
#19 C:\\laragon\\www\\api\\vendor\\laravel\\framework\\src\\Illuminate\\Http\\Middleware\\ValidatePostSize.php(27): Illuminate\\Pipeline\\Pipeline->Illuminate\\Pipeline\\{closure}(Object(Illuminate\\Http\\Request))
#20 C:\\laragon\\www\\api\\vendor\\laravel\\framework\\src\\Illuminate\\Pipeline\\Pipeline.php(219): Illuminate\\Http\\Middleware\\ValidatePostSize->handle(Object(Illuminate\\Http\\Request), Object(Closure))
#21 C:\\laragon\\www\\api\\vendor\\laravel\\framework\\src\\Illuminate\\Foundation\\Http\\Middleware\\PreventRequestsDuringMaintenance.php(109): Illuminate\\Pipeline\\Pipeline->Illuminate\\Pipeline\\{closure}(Object(Illuminate\\Http\\Request))
#22 C:\\laragon\\www\\api\\vendor\\laravel\\framework\\src\\Illuminate\\Pipeline\\Pipeline.php(219): Illuminate\\Foundation\\Http\\Middleware\\PreventRequestsDuringMaintenance->handle(Object(Illuminate\\Http\\Request), Object(Closure))
#23 C:\\laragon\\www\\api\\vendor\\laravel\\framework\\src\\Illuminate\\Http\\Middleware\\HandleCors.php(61): Illuminate\\Pipeline\\Pipeline->Illuminate\\Pipeline\\{closure}(Object(Illuminate\\Http\\Request))
#24 C:\\laragon\\www\\api\\vendor\\laravel\\framework\\src\\Illuminate\\Pipeline\\Pipeline.php(219): Illuminate\\Http\\Middleware\\HandleCors->handle(Object(Illuminate\\Http\\Request), Object(Closure))
#25 C:\\laragon\\www\\api\\vendor\\laravel\\framework\\src\\Illuminate\\Http\\Middleware\\TrustProxies.php(58): Illuminate\\Pipeline\\Pipeline->Illuminate\\Pipeline\\{closure}(Object(Illuminate\\Http\\Request))
#26 C:\\laragon\\www\\api\\vendor\\laravel\\framework\\src\\Illuminate\\Pipeline\\Pipeline.php(219): Illuminate\\Http\\Middleware\\TrustProxies->handle(Object(Illuminate\\Http\\Request), Object(Closure))
#27 C:\\laragon\\www\\api\\vendor\\laravel\\framework\\src\\Illuminate\\Foundation\\Http\\Middleware\\InvokeDeferredCallbacks.php(22): Illuminate\\Pipeline\\Pipeline->Illuminate\\Pipeline\\{closure}(Object(Illuminate\\Http\\Request))
#28 C:\\laragon\\www\\api\\vendor\\laravel\\framework\\src\\Illuminate\\Pipeline\\Pipeline.php(219): Illuminate\\Foundation\\Http\\Middleware\\InvokeDeferredCallbacks->handle(Object(Illuminate\\Http\\Request), Object(Closure))
#29 C:\\laragon\\www\\api\\vendor\\laravel\\framework\\src\\Illuminate\\Http\\Middleware\\ValidatePathEncoding.php(26): Illuminate\\Pipeline\\Pipeline->Illuminate\\Pipeline\\{closure}(Object(Illuminate\\Http\\Request))
#30 C:\\laragon\\www\\api\\vendor\\laravel\\framework\\src\\Illuminate\\Pipeline\\Pipeline.php(219): Illuminate\\Http\\Middleware\\ValidatePathEncoding->handle(Object(Illuminate\\Http\\Request), Object(Closure))
#31 C:\\laragon\\www\\api\\vendor\\laravel\\framework\\src\\Illuminate\\Pipeline\\Pipeline.php(137): Illuminate\\Pipeline\\Pipeline->Illuminate\\Pipeline\\{closure}(Object(Illuminate\\Http\\Request))
#32 C:\\laragon\\www\\api\\vendor\\laravel\\framework\\src\\Illuminate\\Foundation\\Http\\Kernel.php(175): Illuminate\\Pipeline\\Pipeline->then(Object(Closure))
#33 C:\\laragon\\www\\api\\vendor\\laravel\\framework\\src\\Illuminate\\Foundation\\Http\\Kernel.php(144): Illuminate\\Foundation\\Http\\Kernel->sendRequestThroughRouter(Object(Illuminate\\Http\\Request))
#34 C:\\laragon\\www\\api\\vendor\\laravel\\framework\\src\\Illuminate\\Foundation\\Application.php(1220): Illuminate\\Foundation\\Http\\Kernel->handle(Object(Illuminate\\Http\\Request))
#35 C:\\laragon\\www\\api\\public\\index.php(20): Illuminate\\Foundation\\Application->handleRequest(Object(Illuminate\\Http\\Request))
#36 C:\\laragon\\www\\api\\vendor\\laravel\\framework\\src\\Illuminate\\Foundation\\resources\\server.php(23): require_once('C:\\\\laragon\\\\www\\\\...')
#37 {main}
"} 
[2026-04-08 06:08:47] local.ERROR: syntax error, unexpected token "<<" {"exception":"[object] (ParseError(code: 0): syntax error, unexpected token \"<<\" at C:\\laragon\\www\\api\\app\\Http\\Controllers\\GameController.php:54)
[stacktrace]
#0 C:\\laragon\\www\\api\\vendor\\composer\\ClassLoader.php(427): Composer\\Autoload\\{closure}('C:\\\\laragon\\\\www\\\\...')
#1 [internal function]: Composer\\Autoload\\ClassLoader->loadClass('App\\\\Http\\\\Contro...')
#2 C:\\laragon\\www\\api\\vendor\\laravel\\framework\\src\\Illuminate\\Routing\\Route.php(1125): is_a('App\\\\Http\\\\Contro...', 'Illuminate\\\\Rout...', true)
#3 C:\\laragon\\www\\api\\vendor\\laravel\\framework\\src\\Illuminate\\Routing\\Route.php(1062): Illuminate\\Routing\\Route->controllerMiddleware()
#4 C:\\laragon\\www\\api\\vendor\\laravel\\framework\\src\\Illuminate\\Routing\\Router.php(834): Illuminate\\Routing\\Route->gatherMiddleware()
#5 C:\\laragon\\www\\api\\vendor\\laravel\\framework\\src\\Illuminate\\Routing\\Router.php(816): Illuminate\\Routing\\Router->gatherRouteMiddleware(Object(Illuminate\\Routing\\Route))
#6 C:\\laragon\\www\\api\\vendor\\laravel\\framework\\src\\Illuminate\\Routing\\Router.php(800): Illuminate\\Routing\\Router->runRouteWithinStack(Object(Illuminate\\Routing\\Route), Object(Illuminate\\Http\\Request))
#7 C:\\laragon\\www\\api\\vendor\\laravel\\framework\\src\\Illuminate\\Routing\\Router.php(764): Illuminate\\Routing\\Router->runRoute(Object(Illuminate\\Http\\Request), Object(Illuminate\\Routing\\Route))
#8 C:\\laragon\\www\\api\\vendor\\laravel\\framework\\src\\Illuminate\\Routing\\Router.php(753): Illuminate\\Routing\\Router->dispatchToRoute(Object(Illuminate\\Http\\Request))
#9 C:\\laragon\\www\\api\\vendor\\laravel\\framework\\src\\Illuminate\\Foundation\\Http\\Kernel.php(200): Illuminate\\Routing\\Router->dispatch(Object(Illuminate\\Http\\Request))
#10 C:\\laragon\\www\\api\\vendor\\laravel\\framework\\src\\Illuminate\\Pipeline\\Pipeline.php(180): Illuminate\\Foundation\\Http\\Kernel->Illuminate\\Foundation\\Http\\{closure}(Object(Illuminate\\Http\\Request))
#11 C:\\laragon\\www\\api\\app\\Http\\Middleware\\HandleCors.php(20): Illuminate\\Pipeline\\Pipeline->Illuminate\\Pipeline\\{closure}(Object(Illuminate\\Http\\Request))
#12 C:\\laragon\\www\\api\\vendor\\laravel\\framework\\src\\Illuminate\\Pipeline\\Pipeline.php(219): App\\Http\\Middleware\\HandleCors->handle(Object(Illuminate\\Http\\Request), Object(Closure))
#13 C:\\laragon\\www\\api\\vendor\\laravel\\framework\\src\\Illuminate\\Foundation\\Http\\Middleware\\TransformsRequest.php(21): Illuminate\\Pipeline\\Pipeline->Illuminate\\Pipeline\\{closure}(Object(Illuminate\\Http\\Request))
#14 C:\\laragon\\www\\api\\vendor\\laravel\\framework\\src\\Illuminate\\Foundation\\Http\\Middleware\\ConvertEmptyStringsToNull.php(31): Illuminate\\Foundation\\Http\\Middleware\\TransformsRequest->handle(Object(Illuminate\\Http\\Request), Object(Closure))
#15 C:\\laragon\\www\\api\\vendor\\laravel\\framework\\src\\Illuminate\\Pipeline\\Pipeline.php(219): Illuminate\\Foundation\\Http\\Middleware\\ConvertEmptyStringsToNull->handle(Object(Illuminate\\Http\\Request), Object(Closure))
#16 C:\\laragon\\www\\api\\vendor\\laravel\\framework\\src\\Illuminate\\Foundation\\Http\\Middleware\\TransformsRequest.php(21): Illuminate\\Pipeline\\Pipeline->Illuminate\\Pipeline\\{closure}(Object(Illuminate\\Http\\Request))
#17 C:\\laragon\\www\\api\\vendor\\laravel\\framework\\src\\Illuminate\\Foundation\\Http\\Middleware\\TrimStrings.php(51): Illuminate\\Foundation\\Http\\Middleware\\TransformsRequest->handle(Object(Illuminate\\Http\\Request), Object(Closure))
#18 C:\\laragon\\www\\api\\vendor\\laravel\\framework\\src\\Illuminate\\Pipeline\\Pipeline.php(219): Illuminate\\Foundation\\Http\\Middleware\\TrimStrings->handle(Object(Illuminate\\Http\\Request), Object(Closure))
#19 C:\\laragon\\www\\api\\vendor\\laravel\\framework\\src\\Illuminate\\Http\\Middleware\\ValidatePostSize.php(27): Illuminate\\Pipeline\\Pipeline->Illuminate\\Pipeline\\{closure}(Object(Illuminate\\Http\\Request))
#20 C:\\laragon\\www\\api\\vendor\\laravel\\framework\\src\\Illuminate\\Pipeline\\Pipeline.php(219): Illuminate\\Http\\Middleware\\ValidatePostSize->handle(Object(Illuminate\\Http\\Request), Object(Closure))
#21 C:\\laragon\\www\\api\\vendor\\laravel\\framework\\src\\Illuminate\\Foundation\\Http\\Middleware\\PreventRequestsDuringMaintenance.php(109): Illuminate\\Pipeline\\Pipeline->Illuminate\\Pipeline\\{closure}(Object(Illuminate\\Http\\Request))
#22 C:\\laragon\\www\\api\\vendor\\laravel\\framework\\src\\Illuminate\\Pipeline\\Pipeline.php(219): Illuminate\\Foundation\\Http\\Middleware\\PreventRequestsDuringMaintenance->handle(Object(Illuminate\\Http\\Request), Object(Closure))
#23 C:\\laragon\\www\\api\\vendor\\laravel\\framework\\src\\Illuminate\\Http\\Middleware\\HandleCors.php(61): Illuminate\\Pipeline\\Pipeline->Illuminate\\Pipeline\\{closure}(Object(Illuminate\\Http\\Request))
#24 C:\\laragon\\www\\api\\vendor\\laravel\\framework\\src\\Illuminate\\Pipeline\\Pipeline.php(219): Illuminate\\Http\\Middleware\\HandleCors->handle(Object(Illuminate\\Http\\Request), Object(Closure))
#25 C:\\laragon\\www\\api\\vendor\\laravel\\framework\\src\\Illuminate\\Http\\Middleware\\TrustProxies.php(58): Illuminate\\Pipeline\\Pipeline->Illuminate\\Pipeline\\{closure}(Object(Illuminate\\Http\\Request))
#26 C:\\laragon\\www\\api\\vendor\\laravel\\framework\\src\\Illuminate\\Pipeline\\Pipeline.php(219): Illuminate\\Http\\Middleware\\TrustProxies->handle(Object(Illuminate\\Http\\Request), Object(Closure))
#27 C:\\laragon\\www\\api\\vendor\\laravel\\framework\\src\\Illuminate\\Foundation\\Http\\Middleware\\InvokeDeferredCallbacks.php(22): Illuminate\\Pipeline\\Pipeline->Illuminate\\Pipeline\\{closure}(Object(Illuminate\\Http\\Request))
#28 C:\\laragon\\www\\api\\vendor\\laravel\\framework\\src\\Illuminate\\Pipeline\\Pipeline.php(219): Illuminate\\Foundation\\Http\\Middleware\\InvokeDeferredCallbacks->handle(Object(Illuminate\\Http\\Request), Object(Closure))
#29 C:\\laragon\\www\\api\\vendor\\laravel\\framework\\src\\Illuminate\\Http\\Middleware\\ValidatePathEncoding.php(26): Illuminate\\Pipeline\\Pipeline->Illuminate\\Pipeline\\{closure}(Object(Illuminate\\Http\\Request))
#30 C:\\laragon\\www\\api\\vendor\\laravel\\framework\\src\\Illuminate\\Pipeline\\Pipeline.php(219): Illuminate\\Http\\Middleware\\ValidatePathEncoding->handle(Object(Illuminate\\Http\\Request), Object(Closure))
#31 C:\\laragon\\www\\api\\vendor\\laravel\\framework\\src\\Illuminate\\Pipeline\\Pipeline.php(137): Illuminate\\Pipeline\\Pipeline->Illuminate\\Pipeline\\{closure}(Object(Illuminate\\Http\\Request))
#32 C:\\laragon\\www\\api\\vendor\\laravel\\framework\\src\\Illuminate\\Foundation\\Http\\Kernel.php(175): Illuminate\\Pipeline\\Pipeline->then(Object(Closure))
#33 C:\\laragon\\www\\api\\vendor\\laravel\\framework\\src\\Illuminate\\Foundation\\Http\\Kernel.php(144): Illuminate\\Foundation\\Http\\Kernel->sendRequestThroughRouter(Object(Illuminate\\Http\\Request))
#34 C:\\laragon\\www\\api\\vendor\\laravel\\framework\\src\\Illuminate\\Foundation\\Application.php(1220): Illuminate\\Foundation\\Http\\Kernel->handle(Object(Illuminate\\Http\\Request))
#35 C:\\laragon\\www\\api\\public\\index.php(20): Illuminate\\Foundation\\Application->handleRequest(Object(Illuminate\\Http\\Request))
#36 C:\\laragon\\www\\api\\vendor\\laravel\\framework\\src\\Illuminate\\Foundation\\resources\\server.php(23): require_once('C:\\\\laragon\\\\www\\\\...')
#37 {main}
"} 
[2026-04-13 07:32:27] local.INFO: Leaderboard request: {"mode":"challenge","limit":"20"} 
[2026-04-13 07:32:45] local.INFO: Fetching questions {"category":"Science","difficulty":"Easy","year_level":"ALL"} 
[2026-04-13 07:32:45] local.INFO: Questions found {"count":192} 
[2026-04-13 07:32:45] local.INFO: Difficulty setting applied {"difficulty":"Easy","num_questions":10} 
[2026-04-13 08:48:24] local.INFO: Leaderboard request: {"mode":"challenge","limit":"20"} 
[2026-04-30 04:45:40] local.INFO: Fetching questions {"category":"Math","difficulty":"Easy","year_level":"ALL"} 
[2026-04-30 04:45:42] local.INFO: Questions found {"count":1208} 
[2026-04-30 04:45:42] local.INFO: Difficulty setting applied {"difficulty":"Easy","num_questions":10} 
[2026-04-30 04:46:22] local.INFO: Fetching questions {"category":"Math","difficulty":"Easy","year_level":"ALL"} 
[2026-04-30 04:46:22] local.INFO: Questions found {"count":1208} 
[2026-04-30 04:46:22] local.INFO: Difficulty setting applied {"difficulty":"Easy","num_questions":10} 
[2026-04-30 04:47:14] local.INFO: Fetching questions {"category":"Math","difficulty":"Easy","year_level":"ALL"} 
[2026-04-30 04:47:17] local.INFO: Questions found {"count":1208} 
[2026-04-30 04:47:18] local.INFO: Difficulty setting applied {"difficulty":"Easy","num_questions":10} 
[2026-04-30 05:19:50] local.INFO: Fetching questions {"category":"Math","difficulty":"Easy","year_level":"ALL"} 
[2026-04-30 05:19:50] local.INFO: Questions found {"count":1208} 
[2026-04-30 05:19:51] local.INFO: Difficulty setting applied {"difficulty":"Easy","num_questions":10} 
[2026-04-30 05:35:40] local.INFO: Fetching questions {"category":"Math","difficulty":"Easy","year_level":"ALL"} 
[2026-04-30 05:35:41] local.INFO: Questions found {"count":1208} 
[2026-04-30 05:35:41] local.INFO: Difficulty setting applied {"difficulty":"Easy","num_questions":10} 
[2026-04-30 05:35:48] local.INFO: Fetching questions {"category":"Math","difficulty":"Easy","year_level":"ALL"} 
[2026-04-30 05:35:48] local.INFO: Questions found {"count":1208} 
[2026-04-30 05:35:48] local.INFO: Difficulty setting applied {"difficulty":"Easy","num_questions":10} 
[2026-04-30 05:44:20] local.ERROR: syntax error, unexpected token ";", expecting ")" {"exception":"[object] (ParseError(code: 0): syntax error, unexpected token \";\", expecting \")\" at C:\\laragon\\www\\api\\app\\Http\\Controllers\\QuizController.php:75)
[stacktrace]
#0 C:\\laragon\\www\\api\\vendor\\composer\\ClassLoader.php(427): Composer\\Autoload\\{closure}('C:\\\\laragon\\\\www\\\\...')
#1 [internal function]: Composer\\Autoload\\ClassLoader->loadClass('App\\\\Http\\\\Contro...')
#2 C:\\laragon\\www\\api\\vendor\\laravel\\framework\\src\\Illuminate\\Routing\\Route.php(1125): is_a('App\\\\Http\\\\Contro...', 'Illuminate\\\\Rout...', true)
#3 C:\\laragon\\www\\api\\vendor\\laravel\\framework\\src\\Illuminate\\Routing\\Route.php(1062): Illuminate\\Routing\\Route->controllerMiddleware()
#4 C:\\laragon\\www\\api\\vendor\\laravel\\framework\\src\\Illuminate\\Routing\\Router.php(834): Illuminate\\Routing\\Route->gatherMiddleware()
#5 C:\\laragon\\www\\api\\vendor\\laravel\\framework\\src\\Illuminate\\Routing\\Router.php(816): Illuminate\\Routing\\Router->gatherRouteMiddleware(Object(Illuminate\\Routing\\Route))
#6 C:\\laragon\\www\\api\\vendor\\laravel\\framework\\src\\Illuminate\\Routing\\Router.php(800): Illuminate\\Routing\\Router->runRouteWithinStack(Object(Illuminate\\Routing\\Route), Object(Illuminate\\Http\\Request))
#7 C:\\laragon\\www\\api\\vendor\\laravel\\framework\\src\\Illuminate\\Routing\\Router.php(764): Illuminate\\Routing\\Router->runRoute(Object(Illuminate\\Http\\Request), Object(Illuminate\\Routing\\Route))
#8 C:\\laragon\\www\\api\\vendor\\laravel\\framework\\src\\Illuminate\\Routing\\Router.php(753): Illuminate\\Routing\\Router->dispatchToRoute(Object(Illuminate\\Http\\Request))
#9 C:\\laragon\\www\\api\\vendor\\laravel\\framework\\src\\Illuminate\\Foundation\\Http\\Kernel.php(200): Illuminate\\Routing\\Router->dispatch(Object(Illuminate\\Http\\Request))
#10 C:\\laragon\\www\\api\\vendor\\laravel\\framework\\src\\Illuminate\\Pipeline\\Pipeline.php(180): Illuminate\\Foundation\\Http\\Kernel->Illuminate\\Foundation\\Http\\{closure}(Object(Illuminate\\Http\\Request))
#11 C:\\laragon\\www\\api\\app\\Http\\Middleware\\HandleCors.php(20): Illuminate\\Pipeline\\Pipeline->Illuminate\\Pipeline\\{closure}(Object(Illuminate\\Http\\Request))
#12 C:\\laragon\\www\\api\\vendor\\laravel\\framework\\src\\Illuminate\\Pipeline\\Pipeline.php(219): App\\Http\\Middleware\\HandleCors->handle(Object(Illuminate\\Http\\Request), Object(Closure))
#13 C:\\laragon\\www\\api\\vendor\\laravel\\framework\\src\\Illuminate\\Foundation\\Http\\Middleware\\TransformsRequest.php(21): Illuminate\\Pipeline\\Pipeline->Illuminate\\Pipeline\\{closure}(Object(Illuminate\\Http\\Request))
#14 C:\\laragon\\www\\api\\vendor\\laravel\\framework\\src\\Illuminate\\Foundation\\Http\\Middleware\\ConvertEmptyStringsToNull.php(31): Illuminate\\Foundation\\Http\\Middleware\\TransformsRequest->handle(Object(Illuminate\\Http\\Request), Object(Closure))
#15 C:\\laragon\\www\\api\\vendor\\laravel\\framework\\src\\Illuminate\\Pipeline\\Pipeline.php(219): Illuminate\\Foundation\\Http\\Middleware\\ConvertEmptyStringsToNull->handle(Object(Illuminate\\Http\\Request), Object(Closure))
#16 C:\\laragon\\www\\api\\vendor\\laravel\\framework\\src\\Illuminate\\Foundation\\Http\\Middleware\\TransformsRequest.php(21): Illuminate\\Pipeline\\Pipeline->Illuminate\\Pipeline\\{closure}(Object(Illuminate\\Http\\Request))
#17 C:\\laragon\\www\\api\\vendor\\laravel\\framework\\src\\Illuminate\\Foundation\\Http\\Middleware\\TrimStrings.php(51): Illuminate\\Foundation\\Http\\Middleware\\TransformsRequest->handle(Object(Illuminate\\Http\\Request), Object(Closure))
#18 C:\\laragon\\www\\api\\vendor\\laravel\\framework\\src\\Illuminate\\Pipeline\\Pipeline.php(219): Illuminate\\Foundation\\Http\\Middleware\\TrimStrings->handle(Object(Illuminate\\Http\\Request), Object(Closure))
#19 C:\\laragon\\www\\api\\vendor\\laravel\\framework\\src\\Illuminate\\Http\\Middleware\\ValidatePostSize.php(27): Illuminate\\Pipeline\\Pipeline->Illuminate\\Pipeline\\{closure}(Object(Illuminate\\Http\\Request))
#20 C:\\laragon\\www\\api\\vendor\\laravel\\framework\\src\\Illuminate\\Pipeline\\Pipeline.php(219): Illuminate\\Http\\Middleware\\ValidatePostSize->handle(Object(Illuminate\\Http\\Request), Object(Closure))
#21 C:\\laragon\\www\\api\\vendor\\laravel\\framework\\src\\Illuminate\\Foundation\\Http\\Middleware\\PreventRequestsDuringMaintenance.php(109): Illuminate\\Pipeline\\Pipeline->Illuminate\\Pipeline\\{closure}(Object(Illuminate\\Http\\Request))
#22 C:\\laragon\\www\\api\\vendor\\laravel\\framework\\src\\Illuminate\\Pipeline\\Pipeline.php(219): Illuminate\\Foundation\\Http\\Middleware\\PreventRequestsDuringMaintenance->handle(Object(Illuminate\\Http\\Request), Object(Closure))
#23 C:\\laragon\\www\\api\\vendor\\laravel\\framework\\src\\Illuminate\\Http\\Middleware\\HandleCors.php(61): Illuminate\\Pipeline\\Pipeline->Illuminate\\Pipeline\\{closure}(Object(Illuminate\\Http\\Request))
#24 C:\\laragon\\www\\api\\vendor\\laravel\\framework\\src\\Illuminate\\Pipeline\\Pipeline.php(219): Illuminate\\Http\\Middleware\\HandleCors->handle(Object(Illuminate\\Http\\Request), Object(Closure))
#25 C:\\laragon\\www\\api\\vendor\\laravel\\framework\\src\\Illuminate\\Http\\Middleware\\TrustProxies.php(58): Illuminate\\Pipeline\\Pipeline->Illuminate\\Pipeline\\{closure}(Object(Illuminate\\Http\\Request))
#26 C:\\laragon\\www\\api\\vendor\\laravel\\framework\\src\\Illuminate\\Pipeline\\Pipeline.php(219): Illuminate\\Http\\Middleware\\TrustProxies->handle(Object(Illuminate\\Http\\Request), Object(Closure))
#27 C:\\laragon\\www\\api\\vendor\\laravel\\framework\\src\\Illuminate\\Foundation\\Http\\Middleware\\InvokeDeferredCallbacks.php(22): Illuminate\\Pipeline\\Pipeline->Illuminate\\Pipeline\\{closure}(Object(Illuminate\\Http\\Request))
#28 C:\\laragon\\www\\api\\vendor\\laravel\\framework\\src\\Illuminate\\Pipeline\\Pipeline.php(219): Illuminate\\Foundation\\Http\\Middleware\\InvokeDeferredCallbacks->handle(Object(Illuminate\\Http\\Request), Object(Closure))
#29 C:\\laragon\\www\\api\\vendor\\laravel\\framework\\src\\Illuminate\\Http\\Middleware\\ValidatePathEncoding.php(26): Illuminate\\Pipeline\\Pipeline->Illuminate\\Pipeline\\{closure}(Object(Illuminate\\Http\\Request))
#30 C:\\laragon\\www\\api\\vendor\\laravel\\framework\\src\\Illuminate\\Pipeline\\Pipeline.php(219): Illuminate\\Http\\Middleware\\ValidatePathEncoding->handle(Object(Illuminate\\Http\\Request), Object(Closure))
#31 C:\\laragon\\www\\api\\vendor\\laravel\\framework\\src\\Illuminate\\Pipeline\\Pipeline.php(137): Illuminate\\Pipeline\\Pipeline->Illuminate\\Pipeline\\{closure}(Object(Illuminate\\Http\\Request))
#32 C:\\laragon\\www\\api\\vendor\\laravel\\framework\\src\\Illuminate\\Foundation\\Http\\Kernel.php(175): Illuminate\\Pipeline\\Pipeline->then(Object(Closure))
#33 C:\\laragon\\www\\api\\vendor\\laravel\\framework\\src\\Illuminate\\Foundation\\Http\\Kernel.php(144): Illuminate\\Foundation\\Http\\Kernel->sendRequestThroughRouter(Object(Illuminate\\Http\\Request))
#34 C:\\laragon\\www\\api\\vendor\\laravel\\framework\\src\\Illuminate\\Foundation\\Application.php(1220): Illuminate\\Foundation\\Http\\Kernel->handle(Object(Illuminate\\Http\\Request))
#35 C:\\laragon\\www\\api\\public\\index.php(20): Illuminate\\Foundation\\Application->handleRequest(Object(Illuminate\\Http\\Request))
#36 C:\\laragon\\www\\api\\vendor\\laravel\\framework\\src\\Illuminate\\Foundation\\resources\\server.php(23): require_once('C:\\\\laragon\\\\www\\\\...')
#37 {main}
"} 
[2026-04-30 05:45:12] local.ERROR: syntax error, unexpected token ";", expecting ")" {"exception":"[object] (ParseError(code: 0): syntax error, unexpected token \";\", expecting \")\" at C:\\laragon\\www\\api\\app\\Http\\Controllers\\QuizController.php:75)
[stacktrace]
#0 C:\\laragon\\www\\api\\vendor\\composer\\ClassLoader.php(427): Composer\\Autoload\\{closure}('C:\\\\laragon\\\\www\\\\...')
#1 [internal function]: Composer\\Autoload\\ClassLoader->loadClass('App\\\\Http\\\\Contro...')
#2 C:\\laragon\\www\\api\\vendor\\laravel\\framework\\src\\Illuminate\\Routing\\Route.php(1125): is_a('App\\\\Http\\\\Contro...', 'Illuminate\\\\Rout...', true)
#3 C:\\laragon\\www\\api\\vendor\\laravel\\framework\\src\\Illuminate\\Routing\\Route.php(1062): Illuminate\\Routing\\Route->controllerMiddleware()
#4 C:\\laragon\\www\\api\\vendor\\laravel\\framework\\src\\Illuminate\\Routing\\Router.php(834): Illuminate\\Routing\\Route->gatherMiddleware()
#5 C:\\laragon\\www\\api\\vendor\\laravel\\framework\\src\\Illuminate\\Routing\\Router.php(816): Illuminate\\Routing\\Router->gatherRouteMiddleware(Object(Illuminate\\Routing\\Route))
#6 C:\\laragon\\www\\api\\vendor\\laravel\\framework\\src\\Illuminate\\Routing\\Router.php(800): Illuminate\\Routing\\Router->runRouteWithinStack(Object(Illuminate\\Routing\\Route), Object(Illuminate\\Http\\Request))
#7 C:\\laragon\\www\\api\\vendor\\laravel\\framework\\src\\Illuminate\\Routing\\Router.php(764): Illuminate\\Routing\\Router->runRoute(Object(Illuminate\\Http\\Request), Object(Illuminate\\Routing\\Route))
#8 C:\\laragon\\www\\api\\vendor\\laravel\\framework\\src\\Illuminate\\Routing\\Router.php(753): Illuminate\\Routing\\Router->dispatchToRoute(Object(Illuminate\\Http\\Request))
#9 C:\\laragon\\www\\api\\vendor\\laravel\\framework\\src\\Illuminate\\Foundation\\Http\\Kernel.php(200): Illuminate\\Routing\\Router->dispatch(Object(Illuminate\\Http\\Request))
#10 C:\\laragon\\www\\api\\vendor\\laravel\\framework\\src\\Illuminate\\Pipeline\\Pipeline.php(180): Illuminate\\Foundation\\Http\\Kernel->Illuminate\\Foundation\\Http\\{closure}(Object(Illuminate\\Http\\Request))
#11 C:\\laragon\\www\\api\\app\\Http\\Middleware\\HandleCors.php(20): Illuminate\\Pipeline\\Pipeline->Illuminate\\Pipeline\\{closure}(Object(Illuminate\\Http\\Request))
#12 C:\\laragon\\www\\api\\vendor\\laravel\\framework\\src\\Illuminate\\Pipeline\\Pipeline.php(219): App\\Http\\Middleware\\HandleCors->handle(Object(Illuminate\\Http\\Request), Object(Closure))
#13 C:\\laragon\\www\\api\\vendor\\laravel\\framework\\src\\Illuminate\\Foundation\\Http\\Middleware\\TransformsRequest.php(21): Illuminate\\Pipeline\\Pipeline->Illuminate\\Pipeline\\{closure}(Object(Illuminate\\Http\\Request))
#14 C:\\laragon\\www\\api\\vendor\\laravel\\framework\\src\\Illuminate\\Foundation\\Http\\Middleware\\ConvertEmptyStringsToNull.php(31): Illuminate\\Foundation\\Http\\Middleware\\TransformsRequest->handle(Object(Illuminate\\Http\\Request), Object(Closure))
#15 C:\\laragon\\www\\api\\vendor\\laravel\\framework\\src\\Illuminate\\Pipeline\\Pipeline.php(219): Illuminate\\Foundation\\Http\\Middleware\\ConvertEmptyStringsToNull->handle(Object(Illuminate\\Http\\Request), Object(Closure))
#16 C:\\laragon\\www\\api\\vendor\\laravel\\framework\\src\\Illuminate\\Foundation\\Http\\Middleware\\TransformsRequest.php(21): Illuminate\\Pipeline\\Pipeline->Illuminate\\Pipeline\\{closure}(Object(Illuminate\\Http\\Request))
#17 C:\\laragon\\www\\api\\vendor\\laravel\\framework\\src\\Illuminate\\Foundation\\Http\\Middleware\\TrimStrings.php(51): Illuminate\\Foundation\\Http\\Middleware\\TransformsRequest->handle(Object(Illuminate\\Http\\Request), Object(Closure))
#18 C:\\laragon\\www\\api\\vendor\\laravel\\framework\\src\\Illuminate\\Pipeline\\Pipeline.php(219): Illuminate\\Foundation\\Http\\Middleware\\TrimStrings->handle(Object(Illuminate\\Http\\Request), Object(Closure))
#19 C:\\laragon\\www\\api\\vendor\\laravel\\framework\\src\\Illuminate\\Http\\Middleware\\ValidatePostSize.php(27): Illuminate\\Pipeline\\Pipeline->Illuminate\\Pipeline\\{closure}(Object(Illuminate\\Http\\Request))
#20 C:\\laragon\\www\\api\\vendor\\laravel\\framework\\src\\Illuminate\\Pipeline\\Pipeline.php(219): Illuminate\\Http\\Middleware\\ValidatePostSize->handle(Object(Illuminate\\Http\\Request), Object(Closure))
#21 C:\\laragon\\www\\api\\vendor\\laravel\\framework\\src\\Illuminate\\Foundation\\Http\\Middleware\\PreventRequestsDuringMaintenance.php(109): Illuminate\\Pipeline\\Pipeline->Illuminate\\Pipeline\\{closure}(Object(Illuminate\\Http\\Request))
#22 C:\\laragon\\www\\api\\vendor\\laravel\\framework\\src\\Illuminate\\Pipeline\\Pipeline.php(219): Illuminate\\Foundation\\Http\\Middleware\\PreventRequestsDuringMaintenance->handle(Object(Illuminate\\Http\\Request), Object(Closure))
#23 C:\\laragon\\www\\api\\vendor\\laravel\\framework\\src\\Illuminate\\Http\\Middleware\\HandleCors.php(61): Illuminate\\Pipeline\\Pipeline->Illuminate\\Pipeline\\{closure}(Object(Illuminate\\Http\\Request))
#24 C:\\laragon\\www\\api\\vendor\\laravel\\framework\\src\\Illuminate\\Pipeline\\Pipeline.php(219): Illuminate\\Http\\Middleware\\HandleCors->handle(Object(Illuminate\\Http\\Request), Object(Closure))
#25 C:\\laragon\\www\\api\\vendor\\laravel\\framework\\src\\Illuminate\\Http\\Middleware\\TrustProxies.php(58): Illuminate\\Pipeline\\Pipeline->Illuminate\\Pipeline\\{closure}(Object(Illuminate\\Http\\Request))
#26 C:\\laragon\\www\\api\\vendor\\laravel\\framework\\src\\Illuminate\\Pipeline\\Pipeline.php(219): Illuminate\\Http\\Middleware\\TrustProxies->handle(Object(Illuminate\\Http\\Request), Object(Closure))
#27 C:\\laragon\\www\\api\\vendor\\laravel\\framework\\src\\Illuminate\\Foundation\\Http\\Middleware\\InvokeDeferredCallbacks.php(22): Illuminate\\Pipeline\\Pipeline->Illuminate\\Pipeline\\{closure}(Object(Illuminate\\Http\\Request))
#28 C:\\laragon\\www\\api\\vendor\\laravel\\framework\\src\\Illuminate\\Pipeline\\Pipeline.php(219): Illuminate\\Foundation\\Http\\Middleware\\InvokeDeferredCallbacks->handle(Object(Illuminate\\Http\\Request), Object(Closure))
#29 C:\\laragon\\www\\api\\vendor\\laravel\\framework\\src\\Illuminate\\Http\\Middleware\\ValidatePathEncoding.php(26): Illuminate\\Pipeline\\Pipeline->Illuminate\\Pipeline\\{closure}(Object(Illuminate\\Http\\Request))
#30 C:\\laragon\\www\\api\\vendor\\laravel\\framework\\src\\Illuminate\\Pipeline\\Pipeline.php(219): Illuminate\\Http\\Middleware\\ValidatePathEncoding->handle(Object(Illuminate\\Http\\Request), Object(Closure))
#31 C:\\laragon\\www\\api\\vendor\\laravel\\framework\\src\\Illuminate\\Pipeline\\Pipeline.php(137): Illuminate\\Pipeline\\Pipeline->Illuminate\\Pipeline\\{closure}(Object(Illuminate\\Http\\Request))
#32 C:\\laragon\\www\\api\\vendor\\laravel\\framework\\src\\Illuminate\\Foundation\\Http\\Kernel.php(175): Illuminate\\Pipeline\\Pipeline->then(Object(Closure))
#33 C:\\laragon\\www\\api\\vendor\\laravel\\framework\\src\\Illuminate\\Foundation\\Http\\Kernel.php(144): Illuminate\\Foundation\\Http\\Kernel->sendRequestThroughRouter(Object(Illuminate\\Http\\Request))
#34 C:\\laragon\\www\\api\\vendor\\laravel\\framework\\src\\Illuminate\\Foundation\\Application.php(1220): Illuminate\\Foundation\\Http\\Kernel->handle(Object(Illuminate\\Http\\Request))
#35 C:\\laragon\\www\\api\\public\\index.php(20): Illuminate\\Foundation\\Application->handleRequest(Object(Illuminate\\Http\\Request))
#36 C:\\laragon\\www\\api\\vendor\\laravel\\framework\\src\\Illuminate\\Foundation\\resources\\server.php(23): require_once('C:\\\\laragon\\\\www\\\\...')
#37 {main}
"} 
[2026-04-30 05:45:20] local.ERROR: syntax error, unexpected token ";", expecting ")" {"exception":"[object] (ParseError(code: 0): syntax error, unexpected token \";\", expecting \")\" at C:\\laragon\\www\\api\\app\\Http\\Controllers\\QuizController.php:75)
[stacktrace]
#0 C:\\laragon\\www\\api\\vendor\\composer\\ClassLoader.php(427): Composer\\Autoload\\{closure}('C:\\\\laragon\\\\www\\\\...')
#1 [internal function]: Composer\\Autoload\\ClassLoader->loadClass('App\\\\Http\\\\Contro...')
#2 C:\\laragon\\www\\api\\vendor\\laravel\\framework\\src\\Illuminate\\Routing\\Route.php(1125): is_a('App\\\\Http\\\\Contro...', 'Illuminate\\\\Rout...', true)
#3 C:\\laragon\\www\\api\\vendor\\laravel\\framework\\src\\Illuminate\\Routing\\Route.php(1062): Illuminate\\Routing\\Route->controllerMiddleware()
#4 C:\\laragon\\www\\api\\vendor\\laravel\\framework\\src\\Illuminate\\Routing\\Router.php(834): Illuminate\\Routing\\Route->gatherMiddleware()
#5 C:\\laragon\\www\\api\\vendor\\laravel\\framework\\src\\Illuminate\\Routing\\Router.php(816): Illuminate\\Routing\\Router->gatherRouteMiddleware(Object(Illuminate\\Routing\\Route))
#6 C:\\laragon\\www\\api\\vendor\\laravel\\framework\\src\\Illuminate\\Routing\\Router.php(800): Illuminate\\Routing\\Router->runRouteWithinStack(Object(Illuminate\\Routing\\Route), Object(Illuminate\\Http\\Request))
#7 C:\\laragon\\www\\api\\vendor\\laravel\\framework\\src\\Illuminate\\Routing\\Router.php(764): Illuminate\\Routing\\Router->runRoute(Object(Illuminate\\Http\\Request), Object(Illuminate\\Routing\\Route))
#8 C:\\laragon\\www\\api\\vendor\\laravel\\framework\\src\\Illuminate\\Routing\\Router.php(753): Illuminate\\Routing\\Router->dispatchToRoute(Object(Illuminate\\Http\\Request))
#9 C:\\laragon\\www\\api\\vendor\\laravel\\framework\\src\\Illuminate\\Foundation\\Http\\Kernel.php(200): Illuminate\\Routing\\Router->dispatch(Object(Illuminate\\Http\\Request))
#10 C:\\laragon\\www\\api\\vendor\\laravel\\framework\\src\\Illuminate\\Pipeline\\Pipeline.php(180): Illuminate\\Foundation\\Http\\Kernel->Illuminate\\Foundation\\Http\\{closure}(Object(Illuminate\\Http\\Request))
#11 C:\\laragon\\www\\api\\app\\Http\\Middleware\\HandleCors.php(20): Illuminate\\Pipeline\\Pipeline->Illuminate\\Pipeline\\{closure}(Object(Illuminate\\Http\\Request))
#12 C:\\laragon\\www\\api\\vendor\\laravel\\framework\\src\\Illuminate\\Pipeline\\Pipeline.php(219): App\\Http\\Middleware\\HandleCors->handle(Object(Illuminate\\Http\\Request), Object(Closure))
#13 C:\\laragon\\www\\api\\vendor\\laravel\\framework\\src\\Illuminate\\Foundation\\Http\\Middleware\\TransformsRequest.php(21): Illuminate\\Pipeline\\Pipeline->Illuminate\\Pipeline\\{closure}(Object(Illuminate\\Http\\Request))
#14 C:\\laragon\\www\\api\\vendor\\laravel\\framework\\src\\Illuminate\\Foundation\\Http\\Middleware\\ConvertEmptyStringsToNull.php(31): Illuminate\\Foundation\\Http\\Middleware\\TransformsRequest->handle(Object(Illuminate\\Http\\Request), Object(Closure))
#15 C:\\laragon\\www\\api\\vendor\\laravel\\framework\\src\\Illuminate\\Pipeline\\Pipeline.php(219): Illuminate\\Foundation\\Http\\Middleware\\ConvertEmptyStringsToNull->handle(Object(Illuminate\\Http\\Request), Object(Closure))
#16 C:\\laragon\\www\\api\\vendor\\laravel\\framework\\src\\Illuminate\\Foundation\\Http\\Middleware\\TransformsRequest.php(21): Illuminate\\Pipeline\\Pipeline->Illuminate\\Pipeline\\{closure}(Object(Illuminate\\Http\\Request))
#17 C:\\laragon\\www\\api\\vendor\\laravel\\framework\\src\\Illuminate\\Foundation\\Http\\Middleware\\TrimStrings.php(51): Illuminate\\Foundation\\Http\\Middleware\\TransformsRequest->handle(Object(Illuminate\\Http\\Request), Object(Closure))
#18 C:\\laragon\\www\\api\\vendor\\laravel\\framework\\src\\Illuminate\\Pipeline\\Pipeline.php(219): Illuminate\\Foundation\\Http\\Middleware\\TrimStrings->handle(Object(Illuminate\\Http\\Request), Object(Closure))
#19 C:\\laragon\\www\\api\\vendor\\laravel\\framework\\src\\Illuminate\\Http\\Middleware\\ValidatePostSize.php(27): Illuminate\\Pipeline\\Pipeline->Illuminate\\Pipeline\\{closure}(Object(Illuminate\\Http\\Request))
#20 C:\\laragon\\www\\api\\vendor\\laravel\\framework\\src\\Illuminate\\Pipeline\\Pipeline.php(219): Illuminate\\Http\\Middleware\\ValidatePostSize->handle(Object(Illuminate\\Http\\Request), Object(Closure))
#21 C:\\laragon\\www\\api\\vendor\\laravel\\framework\\src\\Illuminate\\Foundation\\Http\\Middleware\\PreventRequestsDuringMaintenance.php(109): Illuminate\\Pipeline\\Pipeline->Illuminate\\Pipeline\\{closure}(Object(Illuminate\\Http\\Request))
#22 C:\\laragon\\www\\api\\vendor\\laravel\\framework\\src\\Illuminate\\Pipeline\\Pipeline.php(219): Illuminate\\Foundation\\Http\\Middleware\\PreventRequestsDuringMaintenance->handle(Object(Illuminate\\Http\\Request), Object(Closure))
#23 C:\\laragon\\www\\api\\vendor\\laravel\\framework\\src\\Illuminate\\Http\\Middleware\\HandleCors.php(61): Illuminate\\Pipeline\\Pipeline->Illuminate\\Pipeline\\{closure}(Object(Illuminate\\Http\\Request))
#24 C:\\laragon\\www\\api\\vendor\\laravel\\framework\\src\\Illuminate\\Pipeline\\Pipeline.php(219): Illuminate\\Http\\Middleware\\HandleCors->handle(Object(Illuminate\\Http\\Request), Object(Closure))
#25 C:\\laragon\\www\\api\\vendor\\laravel\\framework\\src\\Illuminate\\Http\\Middleware\\TrustProxies.php(58): Illuminate\\Pipeline\\Pipeline->Illuminate\\Pipeline\\{closure}(Object(Illuminate\\Http\\Request))
#26 C:\\laragon\\www\\api\\vendor\\laravel\\framework\\src\\Illuminate\\Pipeline\\Pipeline.php(219): Illuminate\\Http\\Middleware\\TrustProxies->handle(Object(Illuminate\\Http\\Request), Object(Closure))
#27 C:\\laragon\\www\\api\\vendor\\laravel\\framework\\src\\Illuminate\\Foundation\\Http\\Middleware\\InvokeDeferredCallbacks.php(22): Illuminate\\Pipeline\\Pipeline->Illuminate\\Pipeline\\{closure}(Object(Illuminate\\Http\\Request))
#28 C:\\laragon\\www\\api\\vendor\\laravel\\framework\\src\\Illuminate\\Pipeline\\Pipeline.php(219): Illuminate\\Foundation\\Http\\Middleware\\InvokeDeferredCallbacks->handle(Object(Illuminate\\Http\\Request), Object(Closure))
#29 C:\\laragon\\www\\api\\vendor\\laravel\\framework\\src\\Illuminate\\Http\\Middleware\\ValidatePathEncoding.php(26): Illuminate\\Pipeline\\Pipeline->Illuminate\\Pipeline\\{closure}(Object(Illuminate\\Http\\Request))
#30 C:\\laragon\\www\\api\\vendor\\laravel\\framework\\src\\Illuminate\\Pipeline\\Pipeline.php(219): Illuminate\\Http\\Middleware\\ValidatePathEncoding->handle(Object(Illuminate\\Http\\Request), Object(Closure))
#31 C:\\laragon\\www\\api\\vendor\\laravel\\framework\\src\\Illuminate\\Pipeline\\Pipeline.php(137): Illuminate\\Pipeline\\Pipeline->Illuminate\\Pipeline\\{closure}(Object(Illuminate\\Http\\Request))
#32 C:\\laragon\\www\\api\\vendor\\laravel\\framework\\src\\Illuminate\\Foundation\\Http\\Kernel.php(175): Illuminate\\Pipeline\\Pipeline->then(Object(Closure))
#33 C:\\laragon\\www\\api\\vendor\\laravel\\framework\\src\\Illuminate\\Foundation\\Http\\Kernel.php(144): Illuminate\\Foundation\\Http\\Kernel->sendRequestThroughRouter(Object(Illuminate\\Http\\Request))
#34 C:\\laragon\\www\\api\\vendor\\laravel\\framework\\src\\Illuminate\\Foundation\\Application.php(1220): Illuminate\\Foundation\\Http\\Kernel->handle(Object(Illuminate\\Http\\Request))
#35 C:\\laragon\\www\\api\\public\\index.php(20): Illuminate\\Foundation\\Application->handleRequest(Object(Illuminate\\Http\\Request))
#36 C:\\laragon\\www\\api\\vendor\\laravel\\framework\\src\\Illuminate\\Foundation\\resources\\server.php(23): require_once('C:\\\\laragon\\\\www\\\\...')
#37 {main}
"} 
[2026-04-30 05:46:24] local.ERROR: syntax error, unexpected token ";", expecting ")" {"exception":"[object] (ParseError(code: 0): syntax error, unexpected token \";\", expecting \")\" at C:\\laragon\\www\\api\\app\\Http\\Controllers\\QuizController.php:75)
[stacktrace]
#0 C:\\laragon\\www\\api\\vendor\\composer\\ClassLoader.php(427): Composer\\Autoload\\{closure}('C:\\\\laragon\\\\www\\\\...')
#1 [internal function]: Composer\\Autoload\\ClassLoader->loadClass('App\\\\Http\\\\Contro...')
#2 C:\\laragon\\www\\api\\vendor\\laravel\\framework\\src\\Illuminate\\Routing\\Route.php(1125): is_a('App\\\\Http\\\\Contro...', 'Illuminate\\\\Rout...', true)
#3 C:\\laragon\\www\\api\\vendor\\laravel\\framework\\src\\Illuminate\\Routing\\Route.php(1062): Illuminate\\Routing\\Route->controllerMiddleware()
#4 C:\\laragon\\www\\api\\vendor\\laravel\\framework\\src\\Illuminate\\Routing\\Router.php(834): Illuminate\\Routing\\Route->gatherMiddleware()
#5 C:\\laragon\\www\\api\\vendor\\laravel\\framework\\src\\Illuminate\\Routing\\Router.php(816): Illuminate\\Routing\\Router->gatherRouteMiddleware(Object(Illuminate\\Routing\\Route))
#6 C:\\laragon\\www\\api\\vendor\\laravel\\framework\\src\\Illuminate\\Routing\\Router.php(800): Illuminate\\Routing\\Router->runRouteWithinStack(Object(Illuminate\\Routing\\Route), Object(Illuminate\\Http\\Request))
#7 C:\\laragon\\www\\api\\vendor\\laravel\\framework\\src\\Illuminate\\Routing\\Router.php(764): Illuminate\\Routing\\Router->runRoute(Object(Illuminate\\Http\\Request), Object(Illuminate\\Routing\\Route))
#8 C:\\laragon\\www\\api\\vendor\\laravel\\framework\\src\\Illuminate\\Routing\\Router.php(753): Illuminate\\Routing\\Router->dispatchToRoute(Object(Illuminate\\Http\\Request))
#9 C:\\laragon\\www\\api\\vendor\\laravel\\framework\\src\\Illuminate\\Foundation\\Http\\Kernel.php(200): Illuminate\\Routing\\Router->dispatch(Object(Illuminate\\Http\\Request))
#10 C:\\laragon\\www\\api\\vendor\\laravel\\framework\\src\\Illuminate\\Pipeline\\Pipeline.php(180): Illuminate\\Foundation\\Http\\Kernel->Illuminate\\Foundation\\Http\\{closure}(Object(Illuminate\\Http\\Request))
#11 C:\\laragon\\www\\api\\app\\Http\\Middleware\\HandleCors.php(20): Illuminate\\Pipeline\\Pipeline->Illuminate\\Pipeline\\{closure}(Object(Illuminate\\Http\\Request))
#12 C:\\laragon\\www\\api\\vendor\\laravel\\framework\\src\\Illuminate\\Pipeline\\Pipeline.php(219): App\\Http\\Middleware\\HandleCors->handle(Object(Illuminate\\Http\\Request), Object(Closure))
#13 C:\\laragon\\www\\api\\vendor\\laravel\\framework\\src\\Illuminate\\Foundation\\Http\\Middleware\\TransformsRequest.php(21): Illuminate\\Pipeline\\Pipeline->Illuminate\\Pipeline\\{closure}(Object(Illuminate\\Http\\Request))
#14 C:\\laragon\\www\\api\\vendor\\laravel\\framework\\src\\Illuminate\\Foundation\\Http\\Middleware\\ConvertEmptyStringsToNull.php(31): Illuminate\\Foundation\\Http\\Middleware\\TransformsRequest->handle(Object(Illuminate\\Http\\Request), Object(Closure))
#15 C:\\laragon\\www\\api\\vendor\\laravel\\framework\\src\\Illuminate\\Pipeline\\Pipeline.php(219): Illuminate\\Foundation\\Http\\Middleware\\ConvertEmptyStringsToNull->handle(Object(Illuminate\\Http\\Request), Object(Closure))
#16 C:\\laragon\\www\\api\\vendor\\laravel\\framework\\src\\Illuminate\\Foundation\\Http\\Middleware\\TransformsRequest.php(21): Illuminate\\Pipeline\\Pipeline->Illuminate\\Pipeline\\{closure}(Object(Illuminate\\Http\\Request))
#17 C:\\laragon\\www\\api\\vendor\\laravel\\framework\\src\\Illuminate\\Foundation\\Http\\Middleware\\TrimStrings.php(51): Illuminate\\Foundation\\Http\\Middleware\\TransformsRequest->handle(Object(Illuminate\\Http\\Request), Object(Closure))
#18 C:\\laragon\\www\\api\\vendor\\laravel\\framework\\src\\Illuminate\\Pipeline\\Pipeline.php(219): Illuminate\\Foundation\\Http\\Middleware\\TrimStrings->handle(Object(Illuminate\\Http\\Request), Object(Closure))
#19 C:\\laragon\\www\\api\\vendor\\laravel\\framework\\src\\Illuminate\\Http\\Middleware\\ValidatePostSize.php(27): Illuminate\\Pipeline\\Pipeline->Illuminate\\Pipeline\\{closure}(Object(Illuminate\\Http\\Request))
#20 C:\\laragon\\www\\api\\vendor\\laravel\\framework\\src\\Illuminate\\Pipeline\\Pipeline.php(219): Illuminate\\Http\\Middleware\\ValidatePostSize->handle(Object(Illuminate\\Http\\Request), Object(Closure))
#21 C:\\laragon\\www\\api\\vendor\\laravel\\framework\\src\\Illuminate\\Foundation\\Http\\Middleware\\PreventRequestsDuringMaintenance.php(109): Illuminate\\Pipeline\\Pipeline->Illuminate\\Pipeline\\{closure}(Object(Illuminate\\Http\\Request))
#22 C:\\laragon\\www\\api\\vendor\\laravel\\framework\\src\\Illuminate\\Pipeline\\Pipeline.php(219): Illuminate\\Foundation\\Http\\Middleware\\PreventRequestsDuringMaintenance->handle(Object(Illuminate\\Http\\Request), Object(Closure))
#23 C:\\laragon\\www\\api\\vendor\\laravel\\framework\\src\\Illuminate\\Http\\Middleware\\HandleCors.php(61): Illuminate\\Pipeline\\Pipeline->Illuminate\\Pipeline\\{closure}(Object(Illuminate\\Http\\Request))
#24 C:\\laragon\\www\\api\\vendor\\laravel\\framework\\src\\Illuminate\\Pipeline\\Pipeline.php(219): Illuminate\\Http\\Middleware\\HandleCors->handle(Object(Illuminate\\Http\\Request), Object(Closure))
#25 C:\\laragon\\www\\api\\vendor\\laravel\\framework\\src\\Illuminate\\Http\\Middleware\\TrustProxies.php(58): Illuminate\\Pipeline\\Pipeline->Illuminate\\Pipeline\\{closure}(Object(Illuminate\\Http\\Request))
#26 C:\\laragon\\www\\api\\vendor\\laravel\\framework\\src\\Illuminate\\Pipeline\\Pipeline.php(219): Illuminate\\Http\\Middleware\\TrustProxies->handle(Object(Illuminate\\Http\\Request), Object(Closure))
#27 C:\\laragon\\www\\api\\vendor\\laravel\\framework\\src\\Illuminate\\Foundation\\Http\\Middleware\\InvokeDeferredCallbacks.php(22): Illuminate\\Pipeline\\Pipeline->Illuminate\\Pipeline\\{closure}(Object(Illuminate\\Http\\Request))
#28 C:\\laragon\\www\\api\\vendor\\laravel\\framework\\src\\Illuminate\\Pipeline\\Pipeline.php(219): Illuminate\\Foundation\\Http\\Middleware\\InvokeDeferredCallbacks->handle(Object(Illuminate\\Http\\Request), Object(Closure))
#29 C:\\laragon\\www\\api\\vendor\\laravel\\framework\\src\\Illuminate\\Http\\Middleware\\ValidatePathEncoding.php(26): Illuminate\\Pipeline\\Pipeline->Illuminate\\Pipeline\\{closure}(Object(Illuminate\\Http\\Request))
#30 C:\\laragon\\www\\api\\vendor\\laravel\\framework\\src\\Illuminate\\Pipeline\\Pipeline.php(219): Illuminate\\Http\\Middleware\\ValidatePathEncoding->handle(Object(Illuminate\\Http\\Request), Object(Closure))
#31 C:\\laragon\\www\\api\\vendor\\laravel\\framework\\src\\Illuminate\\Pipeline\\Pipeline.php(137): Illuminate\\Pipeline\\Pipeline->Illuminate\\Pipeline\\{closure}(Object(Illuminate\\Http\\Request))
#32 C:\\laragon\\www\\api\\vendor\\laravel\\framework\\src\\Illuminate\\Foundation\\Http\\Kernel.php(175): Illuminate\\Pipeline\\Pipeline->then(Object(Closure))
#33 C:\\laragon\\www\\api\\vendor\\laravel\\framework\\src\\Illuminate\\Foundation\\Http\\Kernel.php(144): Illuminate\\Foundation\\Http\\Kernel->sendRequestThroughRouter(Object(Illuminate\\Http\\Request))
#34 C:\\laragon\\www\\api\\vendor\\laravel\\framework\\src\\Illuminate\\Foundation\\Application.php(1220): Illuminate\\Foundation\\Http\\Kernel->handle(Object(Illuminate\\Http\\Request))
#35 C:\\laragon\\www\\api\\public\\index.php(20): Illuminate\\Foundation\\Application->handleRequest(Object(Illuminate\\Http\\Request))
#36 C:\\laragon\\www\\api\\vendor\\laravel\\framework\\src\\Illuminate\\Foundation\\resources\\server.php(23): require_once('C:\\\\laragon\\\\www\\\\...')
#37 {main}
"} 
[2026-04-30 08:04:59] local.INFO: Fetching questions {"category":"Science","difficulty":"Easy","year_level":"ALL"} 
[2026-04-30 08:04:59] local.INFO: Questions found {"count":192} 
[2026-04-30 08:04:59] local.INFO: Difficulty setting applied {"difficulty":"Easy","num_questions":10} 
[2026-04-30 08:05:15] local.INFO: Fetching questions {"category":"Science","difficulty":"Easy","year_level":"ALL"} 
[2026-04-30 08:05:16] local.INFO: Questions found {"count":192} 
[2026-04-30 08:05:16] local.INFO: Difficulty setting applied {"difficulty":"Easy","num_questions":10} 
[2026-04-30 08:05:32] local.INFO: Fetching questions {"category":"Science","difficulty":"Easy","year_level":"ALL"} 
[2026-04-30 08:05:32] local.INFO: Questions found {"count":192} 
[2026-04-30 08:05:32] local.INFO: Difficulty setting applied {"difficulty":"Easy","num_questions":10} 
[2026-04-30 08:05:48] local.INFO: Fetching questions {"category":"Science","difficulty":"Easy","year_level":"ALL"} 
[2026-04-30 08:05:49] local.INFO: Questions found {"count":192} 
[2026-04-30 08:05:49] local.INFO: Difficulty setting applied {"difficulty":"Easy","num_questions":10} 
[2026-04-30 08:22:47] local.INFO: Fetching questions {"category":"Science","difficulty":"Easy","year_level":"ALL"} 
[2026-04-30 08:22:48] local.INFO: Questions found {"count":192} 
[2026-04-30 08:22:48] local.INFO: Difficulty setting applied {"difficulty":"Easy","num_questions":10} 
[2026-04-30 08:23:32] local.INFO: Fetching questions {"category":"Science","difficulty":"Easy","year_level":"ALL"} 
[2026-04-30 08:23:32] local.INFO: Questions found {"count":192} 
[2026-04-30 08:23:32] local.INFO: Difficulty setting applied {"difficulty":"Easy","num_questions":10} 
[2026-04-30 08:32:37] local.INFO: Fetching questions {"category":"Science","difficulty":"Easy","year_level":"ALL"} 
[2026-04-30 08:32:39] local.INFO: Questions found {"count":192} 
[2026-04-30 08:32:39] local.INFO: Difficulty setting applied {"difficulty":"Easy","num_questions":10} 
[2026-04-30 08:52:34] local.INFO: Fetching questions {"category":"Science","difficulty":"Easy","year_level":"ALL"} 
[2026-04-30 08:52:35] local.INFO: Questions found {"count":192} 
[2026-04-30 08:52:35] local.INFO: Difficulty setting applied {"difficulty":"Easy","num_questions":10} 
[2026-04-30 08:52:37] local.INFO: Fetching questions {"category":"Science","difficulty":"Easy","year_level":"ALL"} 
[2026-04-30 08:52:38] local.INFO: Questions found {"count":192} 
[2026-04-30 08:52:38] local.INFO: Difficulty setting applied {"difficulty":"Easy","num_questions":10} 
[2026-04-30 09:08:41] local.INFO: Fetching questions {"category":"Science","difficulty":"Easy","year_level":"ALL"} 
[2026-04-30 09:08:41] local.INFO: Questions found {"count":192} 
[2026-04-30 09:08:41] local.INFO: Difficulty setting applied {"difficulty":"Easy","num_questions":10} 
[2026-04-30 09:17:23] local.INFO: Fetching questions {"category":"Science","difficulty":"Easy","year_level":"ALL"} 
[2026-04-30 09:17:23] local.INFO: Questions found {"count":192} 
[2026-04-30 09:17:23] local.INFO: Difficulty setting applied {"difficulty":"Easy","num_questions":10} 
[2026-04-30 09:31:48] local.INFO: Fetching questions {"category":"Science","difficulty":"Easy","year_level":"ALL"} 
[2026-04-30 09:31:48] local.INFO: Questions found {"count":192} 
[2026-04-30 09:31:48] local.INFO: Difficulty setting applied {"difficulty":"Easy","num_questions":10} 
[2026-04-30 09:51:35] local.INFO: Fetching questions {"category":"Science","difficulty":"Easy","year_level":"ALL"} 
[2026-04-30 09:51:36] local.INFO: Questions found {"count":192} 
[2026-04-30 09:51:36] local.INFO: Difficulty setting applied {"difficulty":"Easy","num_questions":10} 
[2026-04-30 09:55:28] local.ERROR: syntax error, unexpected token "<<" {"exception":"[object] (ParseError(code: 0): syntax error, unexpected token \"<<\" at C:\\laragon\\www\\api\\app\\Http\\Controllers\\GameController.php:54)
[stacktrace]
#0 C:\\laragon\\www\\api\\vendor\\composer\\ClassLoader.php(427): Composer\\Autoload\\{closure}('C:\\\\laragon\\\\www\\\\...')
#1 [internal function]: Composer\\Autoload\\ClassLoader->loadClass('App\\\\Http\\\\Contro...')
#2 C:\\laragon\\www\\api\\vendor\\laravel\\framework\\src\\Illuminate\\Routing\\Route.php(1125): is_a('App\\\\Http\\\\Contro...', 'Illuminate\\\\Rout...', true)
#3 C:\\laragon\\www\\api\\vendor\\laravel\\framework\\src\\Illuminate\\Routing\\Route.php(1062): Illuminate\\Routing\\Route->controllerMiddleware()
#4 C:\\laragon\\www\\api\\vendor\\laravel\\framework\\src\\Illuminate\\Routing\\Router.php(834): Illuminate\\Routing\\Route->gatherMiddleware()
#5 C:\\laragon\\www\\api\\vendor\\laravel\\framework\\src\\Illuminate\\Routing\\Router.php(816): Illuminate\\Routing\\Router->gatherRouteMiddleware(Object(Illuminate\\Routing\\Route))
#6 C:\\laragon\\www\\api\\vendor\\laravel\\framework\\src\\Illuminate\\Routing\\Router.php(800): Illuminate\\Routing\\Router->runRouteWithinStack(Object(Illuminate\\Routing\\Route), Object(Illuminate\\Http\\Request))
#7 C:\\laragon\\www\\api\\vendor\\laravel\\framework\\src\\Illuminate\\Routing\\Router.php(764): Illuminate\\Routing\\Router->runRoute(Object(Illuminate\\Http\\Request), Object(Illuminate\\Routing\\Route))
#8 C:\\laragon\\www\\api\\vendor\\laravel\\framework\\src\\Illuminate\\Routing\\Router.php(753): Illuminate\\Routing\\Router->dispatchToRoute(Object(Illuminate\\Http\\Request))
#9 C:\\laragon\\www\\api\\vendor\\laravel\\framework\\src\\Illuminate\\Foundation\\Http\\Kernel.php(200): Illuminate\\Routing\\Router->dispatch(Object(Illuminate\\Http\\Request))
#10 C:\\laragon\\www\\api\\vendor\\laravel\\framework\\src\\Illuminate\\Pipeline\\Pipeline.php(180): Illuminate\\Foundation\\Http\\Kernel->Illuminate\\Foundation\\Http\\{closure}(Object(Illuminate\\Http\\Request))
#11 C:\\laragon\\www\\api\\app\\Http\\Middleware\\HandleCors.php(20): Illuminate\\Pipeline\\Pipeline->Illuminate\\Pipeline\\{closure}(Object(Illuminate\\Http\\Request))
#12 C:\\laragon\\www\\api\\vendor\\laravel\\framework\\src\\Illuminate\\Pipeline\\Pipeline.php(219): App\\Http\\Middleware\\HandleCors->handle(Object(Illuminate\\Http\\Request), Object(Closure))
#13 C:\\laragon\\www\\api\\vendor\\laravel\\framework\\src\\Illuminate\\Foundation\\Http\\Middleware\\TransformsRequest.php(21): Illuminate\\Pipeline\\Pipeline->Illuminate\\Pipeline\\{closure}(Object(Illuminate\\Http\\Request))
#14 C:\\laragon\\www\\api\\vendor\\laravel\\framework\\src\\Illuminate\\Foundation\\Http\\Middleware\\ConvertEmptyStringsToNull.php(31): Illuminate\\Foundation\\Http\\Middleware\\TransformsRequest->handle(Object(Illuminate\\Http\\Request), Object(Closure))
#15 C:\\laragon\\www\\api\\vendor\\laravel\\framework\\src\\Illuminate\\Pipeline\\Pipeline.php(219): Illuminate\\Foundation\\Http\\Middleware\\ConvertEmptyStringsToNull->handle(Object(Illuminate\\Http\\Request), Object(Closure))
#16 C:\\laragon\\www\\api\\vendor\\laravel\\framework\\src\\Illuminate\\Foundation\\Http\\Middleware\\TransformsRequest.php(21): Illuminate\\Pipeline\\Pipeline->Illuminate\\Pipeline\\{closure}(Object(Illuminate\\Http\\Request))
#17 C:\\laragon\\www\\api\\vendor\\laravel\\framework\\src\\Illuminate\\Foundation\\Http\\Middleware\\TrimStrings.php(51): Illuminate\\Foundation\\Http\\Middleware\\TransformsRequest->handle(Object(Illuminate\\Http\\Request), Object(Closure))
#18 C:\\laragon\\www\\api\\vendor\\laravel\\framework\\src\\Illuminate\\Pipeline\\Pipeline.php(219): Illuminate\\Foundation\\Http\\Middleware\\TrimStrings->handle(Object(Illuminate\\Http\\Request), Object(Closure))
#19 C:\\laragon\\www\\api\\vendor\\laravel\\framework\\src\\Illuminate\\Http\\Middleware\\ValidatePostSize.php(27): Illuminate\\Pipeline\\Pipeline->Illuminate\\Pipeline\\{closure}(Object(Illuminate\\Http\\Request))
#20 C:\\laragon\\www\\api\\vendor\\laravel\\framework\\src\\Illuminate\\Pipeline\\Pipeline.php(219): Illuminate\\Http\\Middleware\\ValidatePostSize->handle(Object(Illuminate\\Http\\Request), Object(Closure))
#21 C:\\laragon\\www\\api\\vendor\\laravel\\framework\\src\\Illuminate\\Foundation\\Http\\Middleware\\PreventRequestsDuringMaintenance.php(109): Illuminate\\Pipeline\\Pipeline->Illuminate\\Pipeline\\{closure}(Object(Illuminate\\Http\\Request))
#22 C:\\laragon\\www\\api\\vendor\\laravel\\framework\\src\\Illuminate\\Pipeline\\Pipeline.php(219): Illuminate\\Foundation\\Http\\Middleware\\PreventRequestsDuringMaintenance->handle(Object(Illuminate\\Http\\Request), Object(Closure))
#23 C:\\laragon\\www\\api\\vendor\\laravel\\framework\\src\\Illuminate\\Http\\Middleware\\HandleCors.php(61): Illuminate\\Pipeline\\Pipeline->Illuminate\\Pipeline\\{closure}(Object(Illuminate\\Http\\Request))
#24 C:\\laragon\\www\\api\\vendor\\laravel\\framework\\src\\Illuminate\\Pipeline\\Pipeline.php(219): Illuminate\\Http\\Middleware\\HandleCors->handle(Object(Illuminate\\Http\\Request), Object(Closure))
#25 C:\\laragon\\www\\api\\vendor\\laravel\\framework\\src\\Illuminate\\Http\\Middleware\\TrustProxies.php(58): Illuminate\\Pipeline\\Pipeline->Illuminate\\Pipeline\\{closure}(Object(Illuminate\\Http\\Request))
#26 C:\\laragon\\www\\api\\vendor\\laravel\\framework\\src\\Illuminate\\Pipeline\\Pipeline.php(219): Illuminate\\Http\\Middleware\\TrustProxies->handle(Object(Illuminate\\Http\\Request), Object(Closure))
#27 C:\\laragon\\www\\api\\vendor\\laravel\\framework\\src\\Illuminate\\Foundation\\Http\\Middleware\\InvokeDeferredCallbacks.php(22): Illuminate\\Pipeline\\Pipeline->Illuminate\\Pipeline\\{closure}(Object(Illuminate\\Http\\Request))
#28 C:\\laragon\\www\\api\\vendor\\laravel\\framework\\src\\Illuminate\\Pipeline\\Pipeline.php(219): Illuminate\\Foundation\\Http\\Middleware\\InvokeDeferredCallbacks->handle(Object(Illuminate\\Http\\Request), Object(Closure))
#29 C:\\laragon\\www\\api\\vendor\\laravel\\framework\\src\\Illuminate\\Http\\Middleware\\ValidatePathEncoding.php(26): Illuminate\\Pipeline\\Pipeline->Illuminate\\Pipeline\\{closure}(Object(Illuminate\\Http\\Request))
#30 C:\\laragon\\www\\api\\vendor\\laravel\\framework\\src\\Illuminate\\Pipeline\\Pipeline.php(219): Illuminate\\Http\\Middleware\\ValidatePathEncoding->handle(Object(Illuminate\\Http\\Request), Object(Closure))
#31 C:\\laragon\\www\\api\\vendor\\laravel\\framework\\src\\Illuminate\\Pipeline\\Pipeline.php(137): Illuminate\\Pipeline\\Pipeline->Illuminate\\Pipeline\\{closure}(Object(Illuminate\\Http\\Request))
#32 C:\\laragon\\www\\api\\vendor\\laravel\\framework\\src\\Illuminate\\Foundation\\Http\\Kernel.php(175): Illuminate\\Pipeline\\Pipeline->then(Object(Closure))
#33 C:\\laragon\\www\\api\\vendor\\laravel\\framework\\src\\Illuminate\\Foundation\\Http\\Kernel.php(144): Illuminate\\Foundation\\Http\\Kernel->sendRequestThroughRouter(Object(Illuminate\\Http\\Request))
#34 C:\\laragon\\www\\api\\vendor\\laravel\\framework\\src\\Illuminate\\Foundation\\Application.php(1220): Illuminate\\Foundation\\Http\\Kernel->handle(Object(Illuminate\\Http\\Request))
#35 C:\\laragon\\www\\api\\public\\index.php(20): Illuminate\\Foundation\\Application->handleRequest(Object(Illuminate\\Http\\Request))
#36 C:\\laragon\\www\\api\\vendor\\laravel\\framework\\src\\Illuminate\\Foundation\\resources\\server.php(23): require_once('C:\\\\laragon\\\\www\\\\...')
#37 {main}
"} 
[2026-04-30 09:55:33] local.ERROR: syntax error, unexpected token "<<" {"exception":"[object] (ParseError(code: 0): syntax error, unexpected token \"<<\" at C:\\laragon\\www\\api\\app\\Http\\Controllers\\GameController.php:54)
[stacktrace]
#0 C:\\laragon\\www\\api\\vendor\\composer\\ClassLoader.php(427): Composer\\Autoload\\{closure}('C:\\\\laragon\\\\www\\\\...')
#1 [internal function]: Composer\\Autoload\\ClassLoader->loadClass('App\\\\Http\\\\Contro...')
#2 C:\\laragon\\www\\api\\vendor\\laravel\\framework\\src\\Illuminate\\Routing\\Route.php(1125): is_a('App\\\\Http\\\\Contro...', 'Illuminate\\\\Rout...', true)
#3 C:\\laragon\\www\\api\\vendor\\laravel\\framework\\src\\Illuminate\\Routing\\Route.php(1062): Illuminate\\Routing\\Route->controllerMiddleware()
#4 C:\\laragon\\www\\api\\vendor\\laravel\\framework\\src\\Illuminate\\Routing\\Router.php(834): Illuminate\\Routing\\Route->gatherMiddleware()
#5 C:\\laragon\\www\\api\\vendor\\laravel\\framework\\src\\Illuminate\\Routing\\Router.php(816): Illuminate\\Routing\\Router->gatherRouteMiddleware(Object(Illuminate\\Routing\\Route))
#6 C:\\laragon\\www\\api\\vendor\\laravel\\framework\\src\\Illuminate\\Routing\\Router.php(800): Illuminate\\Routing\\Router->runRouteWithinStack(Object(Illuminate\\Routing\\Route), Object(Illuminate\\Http\\Request))
#7 C:\\laragon\\www\\api\\vendor\\laravel\\framework\\src\\Illuminate\\Routing\\Router.php(764): Illuminate\\Routing\\Router->runRoute(Object(Illuminate\\Http\\Request), Object(Illuminate\\Routing\\Route))
#8 C:\\laragon\\www\\api\\vendor\\laravel\\framework\\src\\Illuminate\\Routing\\Router.php(753): Illuminate\\Routing\\Router->dispatchToRoute(Object(Illuminate\\Http\\Request))
#9 C:\\laragon\\www\\api\\vendor\\laravel\\framework\\src\\Illuminate\\Foundation\\Http\\Kernel.php(200): Illuminate\\Routing\\Router->dispatch(Object(Illuminate\\Http\\Request))
#10 C:\\laragon\\www\\api\\vendor\\laravel\\framework\\src\\Illuminate\\Pipeline\\Pipeline.php(180): Illuminate\\Foundation\\Http\\Kernel->Illuminate\\Foundation\\Http\\{closure}(Object(Illuminate\\Http\\Request))
#11 C:\\laragon\\www\\api\\app\\Http\\Middleware\\HandleCors.php(20): Illuminate\\Pipeline\\Pipeline->Illuminate\\Pipeline\\{closure}(Object(Illuminate\\Http\\Request))
#12 C:\\laragon\\www\\api\\vendor\\laravel\\framework\\src\\Illuminate\\Pipeline\\Pipeline.php(219): App\\Http\\Middleware\\HandleCors->handle(Object(Illuminate\\Http\\Request), Object(Closure))
#13 C:\\laragon\\www\\api\\vendor\\laravel\\framework\\src\\Illuminate\\Foundation\\Http\\Middleware\\TransformsRequest.php(21): Illuminate\\Pipeline\\Pipeline->Illuminate\\Pipeline\\{closure}(Object(Illuminate\\Http\\Request))
#14 C:\\laragon\\www\\api\\vendor\\laravel\\framework\\src\\Illuminate\\Foundation\\Http\\Middleware\\ConvertEmptyStringsToNull.php(31): Illuminate\\Foundation\\Http\\Middleware\\TransformsRequest->handle(Object(Illuminate\\Http\\Request), Object(Closure))
#15 C:\\laragon\\www\\api\\vendor\\laravel\\framework\\src\\Illuminate\\Pipeline\\Pipeline.php(219): Illuminate\\Foundation\\Http\\Middleware\\ConvertEmptyStringsToNull->handle(Object(Illuminate\\Http\\Request), Object(Closure))
#16 C:\\laragon\\www\\api\\vendor\\laravel\\framework\\src\\Illuminate\\Foundation\\Http\\Middleware\\TransformsRequest.php(21): Illuminate\\Pipeline\\Pipeline->Illuminate\\Pipeline\\{closure}(Object(Illuminate\\Http\\Request))
#17 C:\\laragon\\www\\api\\vendor\\laravel\\framework\\src\\Illuminate\\Foundation\\Http\\Middleware\\TrimStrings.php(51): Illuminate\\Foundation\\Http\\Middleware\\TransformsRequest->handle(Object(Illuminate\\Http\\Request), Object(Closure))
#18 C:\\laragon\\www\\api\\vendor\\laravel\\framework\\src\\Illuminate\\Pipeline\\Pipeline.php(219): Illuminate\\Foundation\\Http\\Middleware\\TrimStrings->handle(Object(Illuminate\\Http\\Request), Object(Closure))
#19 C:\\laragon\\www\\api\\vendor\\laravel\\framework\\src\\Illuminate\\Http\\Middleware\\ValidatePostSize.php(27): Illuminate\\Pipeline\\Pipeline->Illuminate\\Pipeline\\{closure}(Object(Illuminate\\Http\\Request))
#20 C:\\laragon\\www\\api\\vendor\\laravel\\framework\\src\\Illuminate\\Pipeline\\Pipeline.php(219): Illuminate\\Http\\Middleware\\ValidatePostSize->handle(Object(Illuminate\\Http\\Request), Object(Closure))
#21 C:\\laragon\\www\\api\\vendor\\laravel\\framework\\src\\Illuminate\\Foundation\\Http\\Middleware\\PreventRequestsDuringMaintenance.php(109): Illuminate\\Pipeline\\Pipeline->Illuminate\\Pipeline\\{closure}(Object(Illuminate\\Http\\Request))
#22 C:\\laragon\\www\\api\\vendor\\laravel\\framework\\src\\Illuminate\\Pipeline\\Pipeline.php(219): Illuminate\\Foundation\\Http\\Middleware\\PreventRequestsDuringMaintenance->handle(Object(Illuminate\\Http\\Request), Object(Closure))
#23 C:\\laragon\\www\\api\\vendor\\laravel\\framework\\src\\Illuminate\\Http\\Middleware\\HandleCors.php(61): Illuminate\\Pipeline\\Pipeline->Illuminate\\Pipeline\\{closure}(Object(Illuminate\\Http\\Request))
#24 C:\\laragon\\www\\api\\vendor\\laravel\\framework\\src\\Illuminate\\Pipeline\\Pipeline.php(219): Illuminate\\Http\\Middleware\\HandleCors->handle(Object(Illuminate\\Http\\Request), Object(Closure))
#25 C:\\laragon\\www\\api\\vendor\\laravel\\framework\\src\\Illuminate\\Http\\Middleware\\TrustProxies.php(58): Illuminate\\Pipeline\\Pipeline->Illuminate\\Pipeline\\{closure}(Object(Illuminate\\Http\\Request))
#26 C:\\laragon\\www\\api\\vendor\\laravel\\framework\\src\\Illuminate\\Pipeline\\Pipeline.php(219): Illuminate\\Http\\Middleware\\TrustProxies->handle(Object(Illuminate\\Http\\Request), Object(Closure))
#27 C:\\laragon\\www\\api\\vendor\\laravel\\framework\\src\\Illuminate\\Foundation\\Http\\Middleware\\InvokeDeferredCallbacks.php(22): Illuminate\\Pipeline\\Pipeline->Illuminate\\Pipeline\\{closure}(Object(Illuminate\\Http\\Request))
#28 C:\\laragon\\www\\api\\vendor\\laravel\\framework\\src\\Illuminate\\Pipeline\\Pipeline.php(219): Illuminate\\Foundation\\Http\\Middleware\\InvokeDeferredCallbacks->handle(Object(Illuminate\\Http\\Request), Object(Closure))
#29 C:\\laragon\\www\\api\\vendor\\laravel\\framework\\src\\Illuminate\\Http\\Middleware\\ValidatePathEncoding.php(26): Illuminate\\Pipeline\\Pipeline->Illuminate\\Pipeline\\{closure}(Object(Illuminate\\Http\\Request))
#30 C:\\laragon\\www\\api\\vendor\\laravel\\framework\\src\\Illuminate\\Pipeline\\Pipeline.php(219): Illuminate\\Http\\Middleware\\ValidatePathEncoding->handle(Object(Illuminate\\Http\\Request), Object(Closure))
#31 C:\\laragon\\www\\api\\vendor\\laravel\\framework\\src\\Illuminate\\Pipeline\\Pipeline.php(137): Illuminate\\Pipeline\\Pipeline->Illuminate\\Pipeline\\{closure}(Object(Illuminate\\Http\\Request))
#32 C:\\laragon\\www\\api\\vendor\\laravel\\framework\\src\\Illuminate\\Foundation\\Http\\Kernel.php(175): Illuminate\\Pipeline\\Pipeline->then(Object(Closure))
#33 C:\\laragon\\www\\api\\vendor\\laravel\\framework\\src\\Illuminate\\Foundation\\Http\\Kernel.php(144): Illuminate\\Foundation\\Http\\Kernel->sendRequestThroughRouter(Object(Illuminate\\Http\\Request))
#34 C:\\laragon\\www\\api\\vendor\\laravel\\framework\\src\\Illuminate\\Foundation\\Application.php(1220): Illuminate\\Foundation\\Http\\Kernel->handle(Object(Illuminate\\Http\\Request))
#35 C:\\laragon\\www\\api\\public\\index.php(20): Illuminate\\Foundation\\Application->handleRequest(Object(Illuminate\\Http\\Request))
#36 C:\\laragon\\www\\api\\vendor\\laravel\\framework\\src\\Illuminate\\Foundation\\resources\\server.php(23): require_once('C:\\\\laragon\\\\www\\\\...')
#37 {main}
"} 
[2026-04-30 09:55:38] local.ERROR: syntax error, unexpected token "<<" {"exception":"[object] (ParseError(code: 0): syntax error, unexpected token \"<<\" at C:\\laragon\\www\\api\\app\\Http\\Controllers\\GameController.php:54)
[stacktrace]
#0 C:\\laragon\\www\\api\\vendor\\composer\\ClassLoader.php(427): Composer\\Autoload\\{closure}('C:\\\\laragon\\\\www\\\\...')
#1 [internal function]: Composer\\Autoload\\ClassLoader->loadClass('App\\\\Http\\\\Contro...')
#2 C:\\laragon\\www\\api\\vendor\\laravel\\framework\\src\\Illuminate\\Routing\\Route.php(1125): is_a('App\\\\Http\\\\Contro...', 'Illuminate\\\\Rout...', true)
#3 C:\\laragon\\www\\api\\vendor\\laravel\\framework\\src\\Illuminate\\Routing\\Route.php(1062): Illuminate\\Routing\\Route->controllerMiddleware()
#4 C:\\laragon\\www\\api\\vendor\\laravel\\framework\\src\\Illuminate\\Routing\\Router.php(834): Illuminate\\Routing\\Route->gatherMiddleware()
#5 C:\\laragon\\www\\api\\vendor\\laravel\\framework\\src\\Illuminate\\Routing\\Router.php(816): Illuminate\\Routing\\Router->gatherRouteMiddleware(Object(Illuminate\\Routing\\Route))
#6 C:\\laragon\\www\\api\\vendor\\laravel\\framework\\src\\Illuminate\\Routing\\Router.php(800): Illuminate\\Routing\\Router->runRouteWithinStack(Object(Illuminate\\Routing\\Route), Object(Illuminate\\Http\\Request))
#7 C:\\laragon\\www\\api\\vendor\\laravel\\framework\\src\\Illuminate\\Routing\\Router.php(764): Illuminate\\Routing\\Router->runRoute(Object(Illuminate\\Http\\Request), Object(Illuminate\\Routing\\Route))
#8 C:\\laragon\\www\\api\\vendor\\laravel\\framework\\src\\Illuminate\\Routing\\Router.php(753): Illuminate\\Routing\\Router->dispatchToRoute(Object(Illuminate\\Http\\Request))
#9 C:\\laragon\\www\\api\\vendor\\laravel\\framework\\src\\Illuminate\\Foundation\\Http\\Kernel.php(200): Illuminate\\Routing\\Router->dispatch(Object(Illuminate\\Http\\Request))
#10 C:\\laragon\\www\\api\\vendor\\laravel\\framework\\src\\Illuminate\\Pipeline\\Pipeline.php(180): Illuminate\\Foundation\\Http\\Kernel->Illuminate\\Foundation\\Http\\{closure}(Object(Illuminate\\Http\\Request))
#11 C:\\laragon\\www\\api\\app\\Http\\Middleware\\HandleCors.php(20): Illuminate\\Pipeline\\Pipeline->Illuminate\\Pipeline\\{closure}(Object(Illuminate\\Http\\Request))
#12 C:\\laragon\\www\\api\\vendor\\laravel\\framework\\src\\Illuminate\\Pipeline\\Pipeline.php(219): App\\Http\\Middleware\\HandleCors->handle(Object(Illuminate\\Http\\Request), Object(Closure))
#13 C:\\laragon\\www\\api\\vendor\\laravel\\framework\\src\\Illuminate\\Foundation\\Http\\Middleware\\TransformsRequest.php(21): Illuminate\\Pipeline\\Pipeline->Illuminate\\Pipeline\\{closure}(Object(Illuminate\\Http\\Request))
#14 C:\\laragon\\www\\api\\vendor\\laravel\\framework\\src\\Illuminate\\Foundation\\Http\\Middleware\\ConvertEmptyStringsToNull.php(31): Illuminate\\Foundation\\Http\\Middleware\\TransformsRequest->handle(Object(Illuminate\\Http\\Request), Object(Closure))
#15 C:\\laragon\\www\\api\\vendor\\laravel\\framework\\src\\Illuminate\\Pipeline\\Pipeline.php(219): Illuminate\\Foundation\\Http\\Middleware\\ConvertEmptyStringsToNull->handle(Object(Illuminate\\Http\\Request), Object(Closure))
#16 C:\\laragon\\www\\api\\vendor\\laravel\\framework\\src\\Illuminate\\Foundation\\Http\\Middleware\\TransformsRequest.php(21): Illuminate\\Pipeline\\Pipeline->Illuminate\\Pipeline\\{closure}(Object(Illuminate\\Http\\Request))
#17 C:\\laragon\\www\\api\\vendor\\laravel\\framework\\src\\Illuminate\\Foundation\\Http\\Middleware\\TrimStrings.php(51): Illuminate\\Foundation\\Http\\Middleware\\TransformsRequest->handle(Object(Illuminate\\Http\\Request), Object(Closure))
#18 C:\\laragon\\www\\api\\vendor\\laravel\\framework\\src\\Illuminate\\Pipeline\\Pipeline.php(219): Illuminate\\Foundation\\Http\\Middleware\\TrimStrings->handle(Object(Illuminate\\Http\\Request), Object(Closure))
#19 C:\\laragon\\www\\api\\vendor\\laravel\\framework\\src\\Illuminate\\Http\\Middleware\\ValidatePostSize.php(27): Illuminate\\Pipeline\\Pipeline->Illuminate\\Pipeline\\{closure}(Object(Illuminate\\Http\\Request))
#20 C:\\laragon\\www\\api\\vendor\\laravel\\framework\\src\\Illuminate\\Pipeline\\Pipeline.php(219): Illuminate\\Http\\Middleware\\ValidatePostSize->handle(Object(Illuminate\\Http\\Request), Object(Closure))
#21 C:\\laragon\\www\\api\\vendor\\laravel\\framework\\src\\Illuminate\\Foundation\\Http\\Middleware\\PreventRequestsDuringMaintenance.php(109): Illuminate\\Pipeline\\Pipeline->Illuminate\\Pipeline\\{closure}(Object(Illuminate\\Http\\Request))
#22 C:\\laragon\\www\\api\\vendor\\laravel\\framework\\src\\Illuminate\\Pipeline\\Pipeline.php(219): Illuminate\\Foundation\\Http\\Middleware\\PreventRequestsDuringMaintenance->handle(Object(Illuminate\\Http\\Request), Object(Closure))
#23 C:\\laragon\\www\\api\\vendor\\laravel\\framework\\src\\Illuminate\\Http\\Middleware\\HandleCors.php(61): Illuminate\\Pipeline\\Pipeline->Illuminate\\Pipeline\\{closure}(Object(Illuminate\\Http\\Request))
#24 C:\\laragon\\www\\api\\vendor\\laravel\\framework\\src\\Illuminate\\Pipeline\\Pipeline.php(219): Illuminate\\Http\\Middleware\\HandleCors->handle(Object(Illuminate\\Http\\Request), Object(Closure))
#25 C:\\laragon\\www\\api\\vendor\\laravel\\framework\\src\\Illuminate\\Http\\Middleware\\TrustProxies.php(58): Illuminate\\Pipeline\\Pipeline->Illuminate\\Pipeline\\{closure}(Object(Illuminate\\Http\\Request))
#26 C:\\laragon\\www\\api\\vendor\\laravel\\framework\\src\\Illuminate\\Pipeline\\Pipeline.php(219): Illuminate\\Http\\Middleware\\TrustProxies->handle(Object(Illuminate\\Http\\Request), Object(Closure))
#27 C:\\laragon\\www\\api\\vendor\\laravel\\framework\\src\\Illuminate\\Foundation\\Http\\Middleware\\InvokeDeferredCallbacks.php(22): Illuminate\\Pipeline\\Pipeline->Illuminate\\Pipeline\\{closure}(Object(Illuminate\\Http\\Request))
#28 C:\\laragon\\www\\api\\vendor\\laravel\\framework\\src\\Illuminate\\Pipeline\\Pipeline.php(219): Illuminate\\Foundation\\Http\\Middleware\\InvokeDeferredCallbacks->handle(Object(Illuminate\\Http\\Request), Object(Closure))
#29 C:\\laragon\\www\\api\\vendor\\laravel\\framework\\src\\Illuminate\\Http\\Middleware\\ValidatePathEncoding.php(26): Illuminate\\Pipeline\\Pipeline->Illuminate\\Pipeline\\{closure}(Object(Illuminate\\Http\\Request))
#30 C:\\laragon\\www\\api\\vendor\\laravel\\framework\\src\\Illuminate\\Pipeline\\Pipeline.php(219): Illuminate\\Http\\Middleware\\ValidatePathEncoding->handle(Object(Illuminate\\Http\\Request), Object(Closure))
#31 C:\\laragon\\www\\api\\vendor\\laravel\\framework\\src\\Illuminate\\Pipeline\\Pipeline.php(137): Illuminate\\Pipeline\\Pipeline->Illuminate\\Pipeline\\{closure}(Object(Illuminate\\Http\\Request))
#32 C:\\laragon\\www\\api\\vendor\\laravel\\framework\\src\\Illuminate\\Foundation\\Http\\Kernel.php(175): Illuminate\\Pipeline\\Pipeline->then(Object(Closure))
#33 C:\\laragon\\www\\api\\vendor\\laravel\\framework\\src\\Illuminate\\Foundation\\Http\\Kernel.php(144): Illuminate\\Foundation\\Http\\Kernel->sendRequestThroughRouter(Object(Illuminate\\Http\\Request))
#34 C:\\laragon\\www\\api\\vendor\\laravel\\framework\\src\\Illuminate\\Foundation\\Application.php(1220): Illuminate\\Foundation\\Http\\Kernel->handle(Object(Illuminate\\Http\\Request))
#35 C:\\laragon\\www\\api\\public\\index.php(20): Illuminate\\Foundation\\Application->handleRequest(Object(Illuminate\\Http\\Request))
#36 C:\\laragon\\www\\api\\vendor\\laravel\\framework\\src\\Illuminate\\Foundation\\resources\\server.php(23): require_once('C:\\\\laragon\\\\www\\\\...')
#37 {main}
"} 
[2026-04-30 09:58:49] local.INFO: Fetching questions {"category":"Science","difficulty":"Easy","year_level":"ALL"} 
[2026-04-30 09:58:49] local.INFO: Questions found {"count":192} 
[2026-04-30 09:58:49] local.INFO: Difficulty setting applied {"difficulty":"Easy","num_questions":10} 
[2026-04-30 12:32:44] local.INFO: Leaderboard request: {"mode":"challenge","limit":"20"} 
[2026-04-30 15:25:28] local.INFO: Leaderboard request: {"mode":"challenge","limit":"20"} 
[2026-04-30 15:27:43] local.INFO: Leaderboard request: {"mode":"challenge","limit":"20"} 
[2026-05-01 05:02:21] local.INFO: Leaderboard request: {"mode":"challenge","limit":"20"} 
[2026-05-02 06:01:58] local.INFO: Created new player_stats record {"player_id":"69f2caa3602dc8ffb2042bd2","game_type":"memory_match"} 
[2026-05-02 06:06:32] local.INFO: ✅ Incremented stats {"player_id":"69f2caa3602dc8ffb2042bd2","game_type":"puzzle","category":"solar system","difficulty":"easy","new_count":1} 
[2026-05-02 06:06:51] local.INFO: Leaderboard request: {"mode":"challenge","limit":"20"} 
[2026-05-02 06:07:47] local.INFO: Leaderboard request: {"mode":"challenge","limit":"20"} 
[2026-05-04 04:24:26] local.INFO: Fetching questions {"category":"Science","difficulty":"Easy","year_level":"ALL"} 
[2026-05-04 04:24:26] local.INFO: Questions found {"count":192} 
[2026-05-04 04:24:26] local.INFO: Difficulty setting applied {"difficulty":"Easy","num_questions":10} 
[2026-05-04 04:26:53] local.ERROR: syntax error, unexpected token "<<" {"exception":"[object] (ParseError(code: 0): syntax error, unexpected token \"<<\" at C:\\laragon\\www\\api\\app\\Http\\Controllers\\GameController.php:54)
[stacktrace]
#0 C:\\laragon\\www\\api\\vendor\\composer\\ClassLoader.php(427): Composer\\Autoload\\{closure}('C:\\\\laragon\\\\www\\\\...')
#1 [internal function]: Composer\\Autoload\\ClassLoader->loadClass('App\\\\Http\\\\Contro...')
#2 C:\\laragon\\www\\api\\vendor\\laravel\\framework\\src\\Illuminate\\Routing\\Route.php(1125): is_a('App\\\\Http\\\\Contro...', 'Illuminate\\\\Rout...', true)
#3 C:\\laragon\\www\\api\\vendor\\laravel\\framework\\src\\Illuminate\\Routing\\Route.php(1062): Illuminate\\Routing\\Route->controllerMiddleware()
#4 C:\\laragon\\www\\api\\vendor\\laravel\\framework\\src\\Illuminate\\Routing\\Router.php(834): Illuminate\\Routing\\Route->gatherMiddleware()
#5 C:\\laragon\\www\\api\\vendor\\laravel\\framework\\src\\Illuminate\\Routing\\Router.php(816): Illuminate\\Routing\\Router->gatherRouteMiddleware(Object(Illuminate\\Routing\\Route))
#6 C:\\laragon\\www\\api\\vendor\\laravel\\framework\\src\\Illuminate\\Routing\\Router.php(800): Illuminate\\Routing\\Router->runRouteWithinStack(Object(Illuminate\\Routing\\Route), Object(Illuminate\\Http\\Request))
#7 C:\\laragon\\www\\api\\vendor\\laravel\\framework\\src\\Illuminate\\Routing\\Router.php(764): Illuminate\\Routing\\Router->runRoute(Object(Illuminate\\Http\\Request), Object(Illuminate\\Routing\\Route))
#8 C:\\laragon\\www\\api\\vendor\\laravel\\framework\\src\\Illuminate\\Routing\\Router.php(753): Illuminate\\Routing\\Router->dispatchToRoute(Object(Illuminate\\Http\\Request))
#9 C:\\laragon\\www\\api\\vendor\\laravel\\framework\\src\\Illuminate\\Foundation\\Http\\Kernel.php(200): Illuminate\\Routing\\Router->dispatch(Object(Illuminate\\Http\\Request))
#10 C:\\laragon\\www\\api\\vendor\\laravel\\framework\\src\\Illuminate\\Pipeline\\Pipeline.php(180): Illuminate\\Foundation\\Http\\Kernel->Illuminate\\Foundation\\Http\\{closure}(Object(Illuminate\\Http\\Request))
#11 C:\\laragon\\www\\api\\app\\Http\\Middleware\\HandleCors.php(20): Illuminate\\Pipeline\\Pipeline->Illuminate\\Pipeline\\{closure}(Object(Illuminate\\Http\\Request))
#12 C:\\laragon\\www\\api\\vendor\\laravel\\framework\\src\\Illuminate\\Pipeline\\Pipeline.php(219): App\\Http\\Middleware\\HandleCors->handle(Object(Illuminate\\Http\\Request), Object(Closure))
#13 C:\\laragon\\www\\api\\vendor\\laravel\\framework\\src\\Illuminate\\Foundation\\Http\\Middleware\\TransformsRequest.php(21): Illuminate\\Pipeline\\Pipeline->Illuminate\\Pipeline\\{closure}(Object(Illuminate\\Http\\Request))
#14 C:\\laragon\\www\\api\\vendor\\laravel\\framework\\src\\Illuminate\\Foundation\\Http\\Middleware\\ConvertEmptyStringsToNull.php(31): Illuminate\\Foundation\\Http\\Middleware\\TransformsRequest->handle(Object(Illuminate\\Http\\Request), Object(Closure))
#15 C:\\laragon\\www\\api\\vendor\\laravel\\framework\\src\\Illuminate\\Pipeline\\Pipeline.php(219): Illuminate\\Foundation\\Http\\Middleware\\ConvertEmptyStringsToNull->handle(Object(Illuminate\\Http\\Request), Object(Closure))
#16 C:\\laragon\\www\\api\\vendor\\laravel\\framework\\src\\Illuminate\\Foundation\\Http\\Middleware\\TransformsRequest.php(21): Illuminate\\Pipeline\\Pipeline->Illuminate\\Pipeline\\{closure}(Object(Illuminate\\Http\\Request))
#17 C:\\laragon\\www\\api\\vendor\\laravel\\framework\\src\\Illuminate\\Foundation\\Http\\Middleware\\TrimStrings.php(51): Illuminate\\Foundation\\Http\\Middleware\\TransformsRequest->handle(Object(Illuminate\\Http\\Request), Object(Closure))
#18 C:\\laragon\\www\\api\\vendor\\laravel\\framework\\src\\Illuminate\\Pipeline\\Pipeline.php(219): Illuminate\\Foundation\\Http\\Middleware\\TrimStrings->handle(Object(Illuminate\\Http\\Request), Object(Closure))
#19 C:\\laragon\\www\\api\\vendor\\laravel\\framework\\src\\Illuminate\\Http\\Middleware\\ValidatePostSize.php(27): Illuminate\\Pipeline\\Pipeline->Illuminate\\Pipeline\\{closure}(Object(Illuminate\\Http\\Request))
#20 C:\\laragon\\www\\api\\vendor\\laravel\\framework\\src\\Illuminate\\Pipeline\\Pipeline.php(219): Illuminate\\Http\\Middleware\\ValidatePostSize->handle(Object(Illuminate\\Http\\Request), Object(Closure))
#21 C:\\laragon\\www\\api\\vendor\\laravel\\framework\\src\\Illuminate\\Foundation\\Http\\Middleware\\PreventRequestsDuringMaintenance.php(109): Illuminate\\Pipeline\\Pipeline->Illuminate\\Pipeline\\{closure}(Object(Illuminate\\Http\\Request))
#22 C:\\laragon\\www\\api\\vendor\\laravel\\framework\\src\\Illuminate\\Pipeline\\Pipeline.php(219): Illuminate\\Foundation\\Http\\Middleware\\PreventRequestsDuringMaintenance->handle(Object(Illuminate\\Http\\Request), Object(Closure))
#23 C:\\laragon\\www\\api\\vendor\\laravel\\framework\\src\\Illuminate\\Http\\Middleware\\HandleCors.php(61): Illuminate\\Pipeline\\Pipeline->Illuminate\\Pipeline\\{closure}(Object(Illuminate\\Http\\Request))
#24 C:\\laragon\\www\\api\\vendor\\laravel\\framework\\src\\Illuminate\\Pipeline\\Pipeline.php(219): Illuminate\\Http\\Middleware\\HandleCors->handle(Object(Illuminate\\Http\\Request), Object(Closure))
#25 C:\\laragon\\www\\api\\vendor\\laravel\\framework\\src\\Illuminate\\Http\\Middleware\\TrustProxies.php(58): Illuminate\\Pipeline\\Pipeline->Illuminate\\Pipeline\\{closure}(Object(Illuminate\\Http\\Request))
#26 C:\\laragon\\www\\api\\vendor\\laravel\\framework\\src\\Illuminate\\Pipeline\\Pipeline.php(219): Illuminate\\Http\\Middleware\\TrustProxies->handle(Object(Illuminate\\Http\\Request), Object(Closure))
#27 C:\\laragon\\www\\api\\vendor\\laravel\\framework\\src\\Illuminate\\Foundation\\Http\\Middleware\\InvokeDeferredCallbacks.php(22): Illuminate\\Pipeline\\Pipeline->Illuminate\\Pipeline\\{closure}(Object(Illuminate\\Http\\Request))
#28 C:\\laragon\\www\\api\\vendor\\laravel\\framework\\src\\Illuminate\\Pipeline\\Pipeline.php(219): Illuminate\\Foundation\\Http\\Middleware\\InvokeDeferredCallbacks->handle(Object(Illuminate\\Http\\Request), Object(Closure))
#29 C:\\laragon\\www\\api\\vendor\\laravel\\framework\\src\\Illuminate\\Http\\Middleware\\ValidatePathEncoding.php(26): Illuminate\\Pipeline\\Pipeline->Illuminate\\Pipeline\\{closure}(Object(Illuminate\\Http\\Request))
#30 C:\\laragon\\www\\api\\vendor\\laravel\\framework\\src\\Illuminate\\Pipeline\\Pipeline.php(219): Illuminate\\Http\\Middleware\\ValidatePathEncoding->handle(Object(Illuminate\\Http\\Request), Object(Closure))
#31 C:\\laragon\\www\\api\\vendor\\laravel\\framework\\src\\Illuminate\\Pipeline\\Pipeline.php(137): Illuminate\\Pipeline\\Pipeline->Illuminate\\Pipeline\\{closure}(Object(Illuminate\\Http\\Request))
#32 C:\\laragon\\www\\api\\vendor\\laravel\\framework\\src\\Illuminate\\Foundation\\Http\\Kernel.php(175): Illuminate\\Pipeline\\Pipeline->then(Object(Closure))
#33 C:\\laragon\\www\\api\\vendor\\laravel\\framework\\src\\Illuminate\\Foundation\\Http\\Kernel.php(144): Illuminate\\Foundation\\Http\\Kernel->sendRequestThroughRouter(Object(Illuminate\\Http\\Request))
#34 C:\\laragon\\www\\api\\vendor\\laravel\\framework\\src\\Illuminate\\Foundation\\Application.php(1220): Illuminate\\Foundation\\Http\\Kernel->handle(Object(Illuminate\\Http\\Request))
#35 C:\\laragon\\www\\api\\public\\index.php(20): Illuminate\\Foundation\\Application->handleRequest(Object(Illuminate\\Http\\Request))
#36 C:\\laragon\\www\\api\\vendor\\laravel\\framework\\src\\Illuminate\\Foundation\\resources\\server.php(23): require_once('C:\\\\laragon\\\\www\\\\...')
#37 {main}
"} 
[2026-05-04 04:27:24] local.ERROR: syntax error, unexpected token "<<" {"exception":"[object] (ParseError(code: 0): syntax error, unexpected token \"<<\" at C:\\laragon\\www\\api\\app\\Http\\Controllers\\GameController.php:54)
[stacktrace]
#0 C:\\laragon\\www\\api\\vendor\\composer\\ClassLoader.php(427): Composer\\Autoload\\{closure}('C:\\\\laragon\\\\www\\\\...')
#1 [internal function]: Composer\\Autoload\\ClassLoader->loadClass('App\\\\Http\\\\Contro...')
#2 C:\\laragon\\www\\api\\vendor\\laravel\\framework\\src\\Illuminate\\Routing\\Route.php(1125): is_a('App\\\\Http\\\\Contro...', 'Illuminate\\\\Rout...', true)
#3 C:\\laragon\\www\\api\\vendor\\laravel\\framework\\src\\Illuminate\\Routing\\Route.php(1062): Illuminate\\Routing\\Route->controllerMiddleware()
#4 C:\\laragon\\www\\api\\vendor\\laravel\\framework\\src\\Illuminate\\Routing\\Router.php(834): Illuminate\\Routing\\Route->gatherMiddleware()
#5 C:\\laragon\\www\\api\\vendor\\laravel\\framework\\src\\Illuminate\\Routing\\Router.php(816): Illuminate\\Routing\\Router->gatherRouteMiddleware(Object(Illuminate\\Routing\\Route))
#6 C:\\laragon\\www\\api\\vendor\\laravel\\framework\\src\\Illuminate\\Routing\\Router.php(800): Illuminate\\Routing\\Router->runRouteWithinStack(Object(Illuminate\\Routing\\Route), Object(Illuminate\\Http\\Request))
#7 C:\\laragon\\www\\api\\vendor\\laravel\\framework\\src\\Illuminate\\Routing\\Router.php(764): Illuminate\\Routing\\Router->runRoute(Object(Illuminate\\Http\\Request), Object(Illuminate\\Routing\\Route))
#8 C:\\laragon\\www\\api\\vendor\\laravel\\framework\\src\\Illuminate\\Routing\\Router.php(753): Illuminate\\Routing\\Router->dispatchToRoute(Object(Illuminate\\Http\\Request))
#9 C:\\laragon\\www\\api\\vendor\\laravel\\framework\\src\\Illuminate\\Foundation\\Http\\Kernel.php(200): Illuminate\\Routing\\Router->dispatch(Object(Illuminate\\Http\\Request))
#10 C:\\laragon\\www\\api\\vendor\\laravel\\framework\\src\\Illuminate\\Pipeline\\Pipeline.php(180): Illuminate\\Foundation\\Http\\Kernel->Illuminate\\Foundation\\Http\\{closure}(Object(Illuminate\\Http\\Request))
#11 C:\\laragon\\www\\api\\app\\Http\\Middleware\\HandleCors.php(20): Illuminate\\Pipeline\\Pipeline->Illuminate\\Pipeline\\{closure}(Object(Illuminate\\Http\\Request))
#12 C:\\laragon\\www\\api\\vendor\\laravel\\framework\\src\\Illuminate\\Pipeline\\Pipeline.php(219): App\\Http\\Middleware\\HandleCors->handle(Object(Illuminate\\Http\\Request), Object(Closure))
#13 C:\\laragon\\www\\api\\vendor\\laravel\\framework\\src\\Illuminate\\Foundation\\Http\\Middleware\\TransformsRequest.php(21): Illuminate\\Pipeline\\Pipeline->Illuminate\\Pipeline\\{closure}(Object(Illuminate\\Http\\Request))
#14 C:\\laragon\\www\\api\\vendor\\laravel\\framework\\src\\Illuminate\\Foundation\\Http\\Middleware\\ConvertEmptyStringsToNull.php(31): Illuminate\\Foundation\\Http\\Middleware\\TransformsRequest->handle(Object(Illuminate\\Http\\Request), Object(Closure))
#15 C:\\laragon\\www\\api\\vendor\\laravel\\framework\\src\\Illuminate\\Pipeline\\Pipeline.php(219): Illuminate\\Foundation\\Http\\Middleware\\ConvertEmptyStringsToNull->handle(Object(Illuminate\\Http\\Request), Object(Closure))
#16 C:\\laragon\\www\\api\\vendor\\laravel\\framework\\src\\Illuminate\\Foundation\\Http\\Middleware\\TransformsRequest.php(21): Illuminate\\Pipeline\\Pipeline->Illuminate\\Pipeline\\{closure}(Object(Illuminate\\Http\\Request))
#17 C:\\laragon\\www\\api\\vendor\\laravel\\framework\\src\\Illuminate\\Foundation\\Http\\Middleware\\TrimStrings.php(51): Illuminate\\Foundation\\Http\\Middleware\\TransformsRequest->handle(Object(Illuminate\\Http\\Request), Object(Closure))
#18 C:\\laragon\\www\\api\\vendor\\laravel\\framework\\src\\Illuminate\\Pipeline\\Pipeline.php(219): Illuminate\\Foundation\\Http\\Middleware\\TrimStrings->handle(Object(Illuminate\\Http\\Request), Object(Closure))
#19 C:\\laragon\\www\\api\\vendor\\laravel\\framework\\src\\Illuminate\\Http\\Middleware\\ValidatePostSize.php(27): Illuminate\\Pipeline\\Pipeline->Illuminate\\Pipeline\\{closure}(Object(Illuminate\\Http\\Request))
#20 C:\\laragon\\www\\api\\vendor\\laravel\\framework\\src\\Illuminate\\Pipeline\\Pipeline.php(219): Illuminate\\Http\\Middleware\\ValidatePostSize->handle(Object(Illuminate\\Http\\Request), Object(Closure))
#21 C:\\laragon\\www\\api\\vendor\\laravel\\framework\\src\\Illuminate\\Foundation\\Http\\Middleware\\PreventRequestsDuringMaintenance.php(109): Illuminate\\Pipeline\\Pipeline->Illuminate\\Pipeline\\{closure}(Object(Illuminate\\Http\\Request))
#22 C:\\laragon\\www\\api\\vendor\\laravel\\framework\\src\\Illuminate\\Pipeline\\Pipeline.php(219): Illuminate\\Foundation\\Http\\Middleware\\PreventRequestsDuringMaintenance->handle(Object(Illuminate\\Http\\Request), Object(Closure))
#23 C:\\laragon\\www\\api\\vendor\\laravel\\framework\\src\\Illuminate\\Http\\Middleware\\HandleCors.php(61): Illuminate\\Pipeline\\Pipeline->Illuminate\\Pipeline\\{closure}(Object(Illuminate\\Http\\Request))
#24 C:\\laragon\\www\\api\\vendor\\laravel\\framework\\src\\Illuminate\\Pipeline\\Pipeline.php(219): Illuminate\\Http\\Middleware\\HandleCors->handle(Object(Illuminate\\Http\\Request), Object(Closure))
#25 C:\\laragon\\www\\api\\vendor\\laravel\\framework\\src\\Illuminate\\Http\\Middleware\\TrustProxies.php(58): Illuminate\\Pipeline\\Pipeline->Illuminate\\Pipeline\\{closure}(Object(Illuminate\\Http\\Request))
#26 C:\\laragon\\www\\api\\vendor\\laravel\\framework\\src\\Illuminate\\Pipeline\\Pipeline.php(219): Illuminate\\Http\\Middleware\\TrustProxies->handle(Object(Illuminate\\Http\\Request), Object(Closure))
#27 C:\\laragon\\www\\api\\vendor\\laravel\\framework\\src\\Illuminate\\Foundation\\Http\\Middleware\\InvokeDeferredCallbacks.php(22): Illuminate\\Pipeline\\Pipeline->Illuminate\\Pipeline\\{closure}(Object(Illuminate\\Http\\Request))
#28 C:\\laragon\\www\\api\\vendor\\laravel\\framework\\src\\Illuminate\\Pipeline\\Pipeline.php(219): Illuminate\\Foundation\\Http\\Middleware\\InvokeDeferredCallbacks->handle(Object(Illuminate\\Http\\Request), Object(Closure))
#29 C:\\laragon\\www\\api\\vendor\\laravel\\framework\\src\\Illuminate\\Http\\Middleware\\ValidatePathEncoding.php(26): Illuminate\\Pipeline\\Pipeline->Illuminate\\Pipeline\\{closure}(Object(Illuminate\\Http\\Request))
#30 C:\\laragon\\www\\api\\vendor\\laravel\\framework\\src\\Illuminate\\Pipeline\\Pipeline.php(219): Illuminate\\Http\\Middleware\\ValidatePathEncoding->handle(Object(Illuminate\\Http\\Request), Object(Closure))
#31 C:\\laragon\\www\\api\\vendor\\laravel\\framework\\src\\Illuminate\\Pipeline\\Pipeline.php(137): Illuminate\\Pipeline\\Pipeline->Illuminate\\Pipeline\\{closure}(Object(Illuminate\\Http\\Request))
#32 C:\\laragon\\www\\api\\vendor\\laravel\\framework\\src\\Illuminate\\Foundation\\Http\\Kernel.php(175): Illuminate\\Pipeline\\Pipeline->then(Object(Closure))
#33 C:\\laragon\\www\\api\\vendor\\laravel\\framework\\src\\Illuminate\\Foundation\\Http\\Kernel.php(144): Illuminate\\Foundation\\Http\\Kernel->sendRequestThroughRouter(Object(Illuminate\\Http\\Request))
#34 C:\\laragon\\www\\api\\vendor\\laravel\\framework\\src\\Illuminate\\Foundation\\Application.php(1220): Illuminate\\Foundation\\Http\\Kernel->handle(Object(Illuminate\\Http\\Request))
#35 C:\\laragon\\www\\api\\public\\index.php(20): Illuminate\\Foundation\\Application->handleRequest(Object(Illuminate\\Http\\Request))
#36 C:\\laragon\\www\\api\\vendor\\laravel\\framework\\src\\Illuminate\\Foundation\\resources\\server.php(23): require_once('C:\\\\laragon\\\\www\\\\...')
#37 {main}
"} 
[2026-05-04 04:27:25] local.ERROR: syntax error, unexpected token "<<" {"exception":"[object] (ParseError(code: 0): syntax error, unexpected token \"<<\" at C:\\laragon\\www\\api\\app\\Http\\Controllers\\GameController.php:54)
[stacktrace]
#0 C:\\laragon\\www\\api\\vendor\\composer\\ClassLoader.php(427): Composer\\Autoload\\{closure}('C:\\\\laragon\\\\www\\\\...')
#1 [internal function]: Composer\\Autoload\\ClassLoader->loadClass('App\\\\Http\\\\Contro...')
#2 C:\\laragon\\www\\api\\vendor\\laravel\\framework\\src\\Illuminate\\Routing\\Route.php(1125): is_a('App\\\\Http\\\\Contro...', 'Illuminate\\\\Rout...', true)
#3 C:\\laragon\\www\\api\\vendor\\laravel\\framework\\src\\Illuminate\\Routing\\Route.php(1062): Illuminate\\Routing\\Route->controllerMiddleware()
#4 C:\\laragon\\www\\api\\vendor\\laravel\\framework\\src\\Illuminate\\Routing\\Router.php(834): Illuminate\\Routing\\Route->gatherMiddleware()
#5 C:\\laragon\\www\\api\\vendor\\laravel\\framework\\src\\Illuminate\\Routing\\Router.php(816): Illuminate\\Routing\\Router->gatherRouteMiddleware(Object(Illuminate\\Routing\\Route))
#6 C:\\laragon\\www\\api\\vendor\\laravel\\framework\\src\\Illuminate\\Routing\\Router.php(800): Illuminate\\Routing\\Router->runRouteWithinStack(Object(Illuminate\\Routing\\Route), Object(Illuminate\\Http\\Request))
#7 C:\\laragon\\www\\api\\vendor\\laravel\\framework\\src\\Illuminate\\Routing\\Router.php(764): Illuminate\\Routing\\Router->runRoute(Object(Illuminate\\Http\\Request), Object(Illuminate\\Routing\\Route))
#8 C:\\laragon\\www\\api\\vendor\\laravel\\framework\\src\\Illuminate\\Routing\\Router.php(753): Illuminate\\Routing\\Router->dispatchToRoute(Object(Illuminate\\Http\\Request))
#9 C:\\laragon\\www\\api\\vendor\\laravel\\framework\\src\\Illuminate\\Foundation\\Http\\Kernel.php(200): Illuminate\\Routing\\Router->dispatch(Object(Illuminate\\Http\\Request))
#10 C:\\laragon\\www\\api\\vendor\\laravel\\framework\\src\\Illuminate\\Pipeline\\Pipeline.php(180): Illuminate\\Foundation\\Http\\Kernel->Illuminate\\Foundation\\Http\\{closure}(Object(Illuminate\\Http\\Request))
#11 C:\\laragon\\www\\api\\app\\Http\\Middleware\\HandleCors.php(20): Illuminate\\Pipeline\\Pipeline->Illuminate\\Pipeline\\{closure}(Object(Illuminate\\Http\\Request))
#12 C:\\laragon\\www\\api\\vendor\\laravel\\framework\\src\\Illuminate\\Pipeline\\Pipeline.php(219): App\\Http\\Middleware\\HandleCors->handle(Object(Illuminate\\Http\\Request), Object(Closure))
#13 C:\\laragon\\www\\api\\vendor\\laravel\\framework\\src\\Illuminate\\Foundation\\Http\\Middleware\\TransformsRequest.php(21): Illuminate\\Pipeline\\Pipeline->Illuminate\\Pipeline\\{closure}(Object(Illuminate\\Http\\Request))
#14 C:\\laragon\\www\\api\\vendor\\laravel\\framework\\src\\Illuminate\\Foundation\\Http\\Middleware\\ConvertEmptyStringsToNull.php(31): Illuminate\\Foundation\\Http\\Middleware\\TransformsRequest->handle(Object(Illuminate\\Http\\Request), Object(Closure))
#15 C:\\laragon\\www\\api\\vendor\\laravel\\framework\\src\\Illuminate\\Pipeline\\Pipeline.php(219): Illuminate\\Foundation\\Http\\Middleware\\ConvertEmptyStringsToNull->handle(Object(Illuminate\\Http\\Request), Object(Closure))
#16 C:\\laragon\\www\\api\\vendor\\laravel\\framework\\src\\Illuminate\\Foundation\\Http\\Middleware\\TransformsRequest.php(21): Illuminate\\Pipeline\\Pipeline->Illuminate\\Pipeline\\{closure}(Object(Illuminate\\Http\\Request))
#17 C:\\laragon\\www\\api\\vendor\\laravel\\framework\\src\\Illuminate\\Foundation\\Http\\Middleware\\TrimStrings.php(51): Illuminate\\Foundation\\Http\\Middleware\\TransformsRequest->handle(Object(Illuminate\\Http\\Request), Object(Closure))
#18 C:\\laragon\\www\\api\\vendor\\laravel\\framework\\src\\Illuminate\\Pipeline\\Pipeline.php(219): Illuminate\\Foundation\\Http\\Middleware\\TrimStrings->handle(Object(Illuminate\\Http\\Request), Object(Closure))
#19 C:\\laragon\\www\\api\\vendor\\laravel\\framework\\src\\Illuminate\\Http\\Middleware\\ValidatePostSize.php(27): Illuminate\\Pipeline\\Pipeline->Illuminate\\Pipeline\\{closure}(Object(Illuminate\\Http\\Request))
#20 C:\\laragon\\www\\api\\vendor\\laravel\\framework\\src\\Illuminate\\Pipeline\\Pipeline.php(219): Illuminate\\Http\\Middleware\\ValidatePostSize->handle(Object(Illuminate\\Http\\Request), Object(Closure))
#21 C:\\laragon\\www\\api\\vendor\\laravel\\framework\\src\\Illuminate\\Foundation\\Http\\Middleware\\PreventRequestsDuringMaintenance.php(109): Illuminate\\Pipeline\\Pipeline->Illuminate\\Pipeline\\{closure}(Object(Illuminate\\Http\\Request))
#22 C:\\laragon\\www\\api\\vendor\\laravel\\framework\\src\\Illuminate\\Pipeline\\Pipeline.php(219): Illuminate\\Foundation\\Http\\Middleware\\PreventRequestsDuringMaintenance->handle(Object(Illuminate\\Http\\Request), Object(Closure))
#23 C:\\laragon\\www\\api\\vendor\\laravel\\framework\\src\\Illuminate\\Http\\Middleware\\HandleCors.php(61): Illuminate\\Pipeline\\Pipeline->Illuminate\\Pipeline\\{closure}(Object(Illuminate\\Http\\Request))
#24 C:\\laragon\\www\\api\\vendor\\laravel\\framework\\src\\Illuminate\\Pipeline\\Pipeline.php(219): Illuminate\\Http\\Middleware\\HandleCors->handle(Object(Illuminate\\Http\\Request), Object(Closure))
#25 C:\\laragon\\www\\api\\vendor\\laravel\\framework\\src\\Illuminate\\Http\\Middleware\\TrustProxies.php(58): Illuminate\\Pipeline\\Pipeline->Illuminate\\Pipeline\\{closure}(Object(Illuminate\\Http\\Request))
#26 C:\\laragon\\www\\api\\vendor\\laravel\\framework\\src\\Illuminate\\Pipeline\\Pipeline.php(219): Illuminate\\Http\\Middleware\\TrustProxies->handle(Object(Illuminate\\Http\\Request), Object(Closure))
#27 C:\\laragon\\www\\api\\vendor\\laravel\\framework\\src\\Illuminate\\Foundation\\Http\\Middleware\\InvokeDeferredCallbacks.php(22): Illuminate\\Pipeline\\Pipeline->Illuminate\\Pipeline\\{closure}(Object(Illuminate\\Http\\Request))
#28 C:\\laragon\\www\\api\\vendor\\laravel\\framework\\src\\Illuminate\\Pipeline\\Pipeline.php(219): Illuminate\\Foundation\\Http\\Middleware\\InvokeDeferredCallbacks->handle(Object(Illuminate\\Http\\Request), Object(Closure))
#29 C:\\laragon\\www\\api\\vendor\\laravel\\framework\\src\\Illuminate\\Http\\Middleware\\ValidatePathEncoding.php(26): Illuminate\\Pipeline\\Pipeline->Illuminate\\Pipeline\\{closure}(Object(Illuminate\\Http\\Request))
#30 C:\\laragon\\www\\api\\vendor\\laravel\\framework\\src\\Illuminate\\Pipeline\\Pipeline.php(219): Illuminate\\Http\\Middleware\\ValidatePathEncoding->handle(Object(Illuminate\\Http\\Request), Object(Closure))
#31 C:\\laragon\\www\\api\\vendor\\laravel\\framework\\src\\Illuminate\\Pipeline\\Pipeline.php(137): Illuminate\\Pipeline\\Pipeline->Illuminate\\Pipeline\\{closure}(Object(Illuminate\\Http\\Request))
#32 C:\\laragon\\www\\api\\vendor\\laravel\\framework\\src\\Illuminate\\Foundation\\Http\\Kernel.php(175): Illuminate\\Pipeline\\Pipeline->then(Object(Closure))
#33 C:\\laragon\\www\\api\\vendor\\laravel\\framework\\src\\Illuminate\\Foundation\\Http\\Kernel.php(144): Illuminate\\Foundation\\Http\\Kernel->sendRequestThroughRouter(Object(Illuminate\\Http\\Request))
#34 C:\\laragon\\www\\api\\vendor\\laravel\\framework\\src\\Illuminate\\Foundation\\Application.php(1220): Illuminate\\Foundation\\Http\\Kernel->handle(Object(Illuminate\\Http\\Request))
#35 C:\\laragon\\www\\api\\public\\index.php(20): Illuminate\\Foundation\\Application->handleRequest(Object(Illuminate\\Http\\Request))
#36 C:\\laragon\\www\\api\\vendor\\laravel\\framework\\src\\Illuminate\\Foundation\\resources\\server.php(23): require_once('C:\\\\laragon\\\\www\\\\...')
#37 {main}
"} 
[2026-05-04 04:29:18] local.INFO: Leaderboard request: {"mode":"challenge","limit":"20"} 
[2026-05-04 04:32:03] local.INFO: Created new player_stats record {"player_id":"69f81f48b46b770eb5091dc2","game_type":"memory_match"} 
[2026-05-04 04:33:03] local.INFO: Leaderboard request: {"mode":"challenge","limit":"20"} 
[2026-05-04 05:41:09] local.INFO: Leaderboard request: {"mode":"challenge","limit":"20"} 
[2026-05-04 06:55:51] local.INFO: Leaderboard request: {"mode":"challenge","limit":"20"} 
[2026-05-04 07:50:52] local.INFO: Fetching questions {"category":"Science","difficulty":"Easy","year_level":"ALL"} 
[2026-05-04 07:50:53] local.INFO: Questions found {"count":192} 
[2026-05-04 07:50:53] local.INFO: Difficulty setting applied {"difficulty":"Easy","num_questions":10} 
[2026-05-08 08:16:43] local.INFO: Leaderboard request: {"mode":"challenge","limit":"20"} 
[2026-05-12 15:50:10] local.INFO: Leaderboard request: {"mode":"challenge","limit":"20"} 
[2026-05-12 20:42:26] local.INFO: Fetching questions {"category":"Math","difficulty":"Easy","year_level":"ALL"} 
[2026-05-12 20:42:27] local.INFO: Questions found {"count":1208} 
[2026-05-12 20:42:27] local.INFO: Difficulty setting applied {"difficulty":"Easy","num_questions":10} 
[2026-05-12 20:44:52] local.ERROR: syntax error, unexpected token "<<" {"exception":"[object] (ParseError(code: 0): syntax error, unexpected token \"<<\" at C:\\laragon\\www\\api\\app\\Http\\Controllers\\GameController.php:54)
[stacktrace]
#0 C:\\laragon\\www\\api\\vendor\\composer\\ClassLoader.php(427): Composer\\Autoload\\{closure}('C:\\\\laragon\\\\www\\\\...')
#1 [internal function]: Composer\\Autoload\\ClassLoader->loadClass('App\\\\Http\\\\Contro...')
#2 C:\\laragon\\www\\api\\vendor\\laravel\\framework\\src\\Illuminate\\Routing\\Route.php(1125): is_a('App\\\\Http\\\\Contro...', 'Illuminate\\\\Rout...', true)
#3 C:\\laragon\\www\\api\\vendor\\laravel\\framework\\src\\Illuminate\\Routing\\Route.php(1062): Illuminate\\Routing\\Route->controllerMiddleware()
#4 C:\\laragon\\www\\api\\vendor\\laravel\\framework\\src\\Illuminate\\Routing\\Router.php(834): Illuminate\\Routing\\Route->gatherMiddleware()
#5 C:\\laragon\\www\\api\\vendor\\laravel\\framework\\src\\Illuminate\\Routing\\Router.php(816): Illuminate\\Routing\\Router->gatherRouteMiddleware(Object(Illuminate\\Routing\\Route))
#6 C:\\laragon\\www\\api\\vendor\\laravel\\framework\\src\\Illuminate\\Routing\\Router.php(800): Illuminate\\Routing\\Router->runRouteWithinStack(Object(Illuminate\\Routing\\Route), Object(Illuminate\\Http\\Request))
#7 C:\\laragon\\www\\api\\vendor\\laravel\\framework\\src\\Illuminate\\Routing\\Router.php(764): Illuminate\\Routing\\Router->runRoute(Object(Illuminate\\Http\\Request), Object(Illuminate\\Routing\\Route))
#8 C:\\laragon\\www\\api\\vendor\\laravel\\framework\\src\\Illuminate\\Routing\\Router.php(753): Illuminate\\Routing\\Router->dispatchToRoute(Object(Illuminate\\Http\\Request))
#9 C:\\laragon\\www\\api\\vendor\\laravel\\framework\\src\\Illuminate\\Foundation\\Http\\Kernel.php(200): Illuminate\\Routing\\Router->dispatch(Object(Illuminate\\Http\\Request))
#10 C:\\laragon\\www\\api\\vendor\\laravel\\framework\\src\\Illuminate\\Pipeline\\Pipeline.php(180): Illuminate\\Foundation\\Http\\Kernel->Illuminate\\Foundation\\Http\\{closure}(Object(Illuminate\\Http\\Request))
#11 C:\\laragon\\www\\api\\app\\Http\\Middleware\\HandleCors.php(20): Illuminate\\Pipeline\\Pipeline->Illuminate\\Pipeline\\{closure}(Object(Illuminate\\Http\\Request))
#12 C:\\laragon\\www\\api\\vendor\\laravel\\framework\\src\\Illuminate\\Pipeline\\Pipeline.php(219): App\\Http\\Middleware\\HandleCors->handle(Object(Illuminate\\Http\\Request), Object(Closure))
#13 C:\\laragon\\www\\api\\vendor\\laravel\\framework\\src\\Illuminate\\Foundation\\Http\\Middleware\\TransformsRequest.php(21): Illuminate\\Pipeline\\Pipeline->Illuminate\\Pipeline\\{closure}(Object(Illuminate\\Http\\Request))
#14 C:\\laragon\\www\\api\\vendor\\laravel\\framework\\src\\Illuminate\\Foundation\\Http\\Middleware\\ConvertEmptyStringsToNull.php(31): Illuminate\\Foundation\\Http\\Middleware\\TransformsRequest->handle(Object(Illuminate\\Http\\Request), Object(Closure))
#15 C:\\laragon\\www\\api\\vendor\\laravel\\framework\\src\\Illuminate\\Pipeline\\Pipeline.php(219): Illuminate\\Foundation\\Http\\Middleware\\ConvertEmptyStringsToNull->handle(Object(Illuminate\\Http\\Request), Object(Closure))
#16 C:\\laragon\\www\\api\\vendor\\laravel\\framework\\src\\Illuminate\\Foundation\\Http\\Middleware\\TransformsRequest.php(21): Illuminate\\Pipeline\\Pipeline->Illuminate\\Pipeline\\{closure}(Object(Illuminate\\Http\\Request))
#17 C:\\laragon\\www\\api\\vendor\\laravel\\framework\\src\\Illuminate\\Foundation\\Http\\Middleware\\TrimStrings.php(51): Illuminate\\Foundation\\Http\\Middleware\\TransformsRequest->handle(Object(Illuminate\\Http\\Request), Object(Closure))
#18 C:\\laragon\\www\\api\\vendor\\laravel\\framework\\src\\Illuminate\\Pipeline\\Pipeline.php(219): Illuminate\\Foundation\\Http\\Middleware\\TrimStrings->handle(Object(Illuminate\\Http\\Request), Object(Closure))
#19 C:\\laragon\\www\\api\\vendor\\laravel\\framework\\src\\Illuminate\\Http\\Middleware\\ValidatePostSize.php(27): Illuminate\\Pipeline\\Pipeline->Illuminate\\Pipeline\\{closure}(Object(Illuminate\\Http\\Request))
#20 C:\\laragon\\www\\api\\vendor\\laravel\\framework\\src\\Illuminate\\Pipeline\\Pipeline.php(219): Illuminate\\Http\\Middleware\\ValidatePostSize->handle(Object(Illuminate\\Http\\Request), Object(Closure))
#21 C:\\laragon\\www\\api\\vendor\\laravel\\framework\\src\\Illuminate\\Foundation\\Http\\Middleware\\PreventRequestsDuringMaintenance.php(109): Illuminate\\Pipeline\\Pipeline->Illuminate\\Pipeline\\{closure}(Object(Illuminate\\Http\\Request))
#22 C:\\laragon\\www\\api\\vendor\\laravel\\framework\\src\\Illuminate\\Pipeline\\Pipeline.php(219): Illuminate\\Foundation\\Http\\Middleware\\PreventRequestsDuringMaintenance->handle(Object(Illuminate\\Http\\Request), Object(Closure))
#23 C:\\laragon\\www\\api\\vendor\\laravel\\framework\\src\\Illuminate\\Http\\Middleware\\HandleCors.php(61): Illuminate\\Pipeline\\Pipeline->Illuminate\\Pipeline\\{closure}(Object(Illuminate\\Http\\Request))
#24 C:\\laragon\\www\\api\\vendor\\laravel\\framework\\src\\Illuminate\\Pipeline\\Pipeline.php(219): Illuminate\\Http\\Middleware\\HandleCors->handle(Object(Illuminate\\Http\\Request), Object(Closure))
#25 C:\\laragon\\www\\api\\vendor\\laravel\\framework\\src\\Illuminate\\Http\\Middleware\\TrustProxies.php(58): Illuminate\\Pipeline\\Pipeline->Illuminate\\Pipeline\\{closure}(Object(Illuminate\\Http\\Request))
#26 C:\\laragon\\www\\api\\vendor\\laravel\\framework\\src\\Illuminate\\Pipeline\\Pipeline.php(219): Illuminate\\Http\\Middleware\\TrustProxies->handle(Object(Illuminate\\Http\\Request), Object(Closure))
#27 C:\\laragon\\www\\api\\vendor\\laravel\\framework\\src\\Illuminate\\Foundation\\Http\\Middleware\\InvokeDeferredCallbacks.php(22): Illuminate\\Pipeline\\Pipeline->Illuminate\\Pipeline\\{closure}(Object(Illuminate\\Http\\Request))
#28 C:\\laragon\\www\\api\\vendor\\laravel\\framework\\src\\Illuminate\\Pipeline\\Pipeline.php(219): Illuminate\\Foundation\\Http\\Middleware\\InvokeDeferredCallbacks->handle(Object(Illuminate\\Http\\Request), Object(Closure))
#29 C:\\laragon\\www\\api\\vendor\\laravel\\framework\\src\\Illuminate\\Http\\Middleware\\ValidatePathEncoding.php(26): Illuminate\\Pipeline\\Pipeline->Illuminate\\Pipeline\\{closure}(Object(Illuminate\\Http\\Request))
#30 C:\\laragon\\www\\api\\vendor\\laravel\\framework\\src\\Illuminate\\Pipeline\\Pipeline.php(219): Illuminate\\Http\\Middleware\\ValidatePathEncoding->handle(Object(Illuminate\\Http\\Request), Object(Closure))
#31 C:\\laragon\\www\\api\\vendor\\laravel\\framework\\src\\Illuminate\\Pipeline\\Pipeline.php(137): Illuminate\\Pipeline\\Pipeline->Illuminate\\Pipeline\\{closure}(Object(Illuminate\\Http\\Request))
#32 C:\\laragon\\www\\api\\vendor\\laravel\\framework\\src\\Illuminate\\Foundation\\Http\\Kernel.php(175): Illuminate\\Pipeline\\Pipeline->then(Object(Closure))
#33 C:\\laragon\\www\\api\\vendor\\laravel\\framework\\src\\Illuminate\\Foundation\\Http\\Kernel.php(144): Illuminate\\Foundation\\Http\\Kernel->sendRequestThroughRouter(Object(Illuminate\\Http\\Request))
#34 C:\\laragon\\www\\api\\vendor\\laravel\\framework\\src\\Illuminate\\Foundation\\Application.php(1220): Illuminate\\Foundation\\Http\\Kernel->handle(Object(Illuminate\\Http\\Request))
#35 C:\\laragon\\www\\api\\public\\index.php(20): Illuminate\\Foundation\\Application->handleRequest(Object(Illuminate\\Http\\Request))
#36 {main}
"} 
[2026-05-12 20:44:54] local.ERROR: syntax error, unexpected token "<<" {"exception":"[object] (ParseError(code: 0): syntax error, unexpected token \"<<\" at C:\\laragon\\www\\api\\app\\Http\\Controllers\\GameController.php:54)
[stacktrace]
#0 C:\\laragon\\www\\api\\vendor\\composer\\ClassLoader.php(427): Composer\\Autoload\\{closure}('C:\\\\laragon\\\\www\\\\...')
#1 [internal function]: Composer\\Autoload\\ClassLoader->loadClass('App\\\\Http\\\\Contro...')
#2 C:\\laragon\\www\\api\\vendor\\laravel\\framework\\src\\Illuminate\\Routing\\Route.php(1125): is_a('App\\\\Http\\\\Contro...', 'Illuminate\\\\Rout...', true)
#3 C:\\laragon\\www\\api\\vendor\\laravel\\framework\\src\\Illuminate\\Routing\\Route.php(1062): Illuminate\\Routing\\Route->controllerMiddleware()
#4 C:\\laragon\\www\\api\\vendor\\laravel\\framework\\src\\Illuminate\\Routing\\Router.php(834): Illuminate\\Routing\\Route->gatherMiddleware()
#5 C:\\laragon\\www\\api\\vendor\\laravel\\framework\\src\\Illuminate\\Routing\\Router.php(816): Illuminate\\Routing\\Router->gatherRouteMiddleware(Object(Illuminate\\Routing\\Route))
#6 C:\\laragon\\www\\api\\vendor\\laravel\\framework\\src\\Illuminate\\Routing\\Router.php(800): Illuminate\\Routing\\Router->runRouteWithinStack(Object(Illuminate\\Routing\\Route), Object(Illuminate\\Http\\Request))
#7 C:\\laragon\\www\\api\\vendor\\laravel\\framework\\src\\Illuminate\\Routing\\Router.php(764): Illuminate\\Routing\\Router->runRoute(Object(Illuminate\\Http\\Request), Object(Illuminate\\Routing\\Route))
#8 C:\\laragon\\www\\api\\vendor\\laravel\\framework\\src\\Illuminate\\Routing\\Router.php(753): Illuminate\\Routing\\Router->dispatchToRoute(Object(Illuminate\\Http\\Request))
#9 C:\\laragon\\www\\api\\vendor\\laravel\\framework\\src\\Illuminate\\Foundation\\Http\\Kernel.php(200): Illuminate\\Routing\\Router->dispatch(Object(Illuminate\\Http\\Request))
#10 C:\\laragon\\www\\api\\vendor\\laravel\\framework\\src\\Illuminate\\Pipeline\\Pipeline.php(180): Illuminate\\Foundation\\Http\\Kernel->Illuminate\\Foundation\\Http\\{closure}(Object(Illuminate\\Http\\Request))
#11 C:\\laragon\\www\\api\\app\\Http\\Middleware\\HandleCors.php(20): Illuminate\\Pipeline\\Pipeline->Illuminate\\Pipeline\\{closure}(Object(Illuminate\\Http\\Request))
#12 C:\\laragon\\www\\api\\vendor\\laravel\\framework\\src\\Illuminate\\Pipeline\\Pipeline.php(219): App\\Http\\Middleware\\HandleCors->handle(Object(Illuminate\\Http\\Request), Object(Closure))
#13 C:\\laragon\\www\\api\\vendor\\laravel\\framework\\src\\Illuminate\\Foundation\\Http\\Middleware\\TransformsRequest.php(21): Illuminate\\Pipeline\\Pipeline->Illuminate\\Pipeline\\{closure}(Object(Illuminate\\Http\\Request))
#14 C:\\laragon\\www\\api\\vendor\\laravel\\framework\\src\\Illuminate\\Foundation\\Http\\Middleware\\ConvertEmptyStringsToNull.php(31): Illuminate\\Foundation\\Http\\Middleware\\TransformsRequest->handle(Object(Illuminate\\Http\\Request), Object(Closure))
#15 C:\\laragon\\www\\api\\vendor\\laravel\\framework\\src\\Illuminate\\Pipeline\\Pipeline.php(219): Illuminate\\Foundation\\Http\\Middleware\\ConvertEmptyStringsToNull->handle(Object(Illuminate\\Http\\Request), Object(Closure))
#16 C:\\laragon\\www\\api\\vendor\\laravel\\framework\\src\\Illuminate\\Foundation\\Http\\Middleware\\TransformsRequest.php(21): Illuminate\\Pipeline\\Pipeline->Illuminate\\Pipeline\\{closure}(Object(Illuminate\\Http\\Request))
#17 C:\\laragon\\www\\api\\vendor\\laravel\\framework\\src\\Illuminate\\Foundation\\Http\\Middleware\\TrimStrings.php(51): Illuminate\\Foundation\\Http\\Middleware\\TransformsRequest->handle(Object(Illuminate\\Http\\Request), Object(Closure))
#18 C:\\laragon\\www\\api\\vendor\\laravel\\framework\\src\\Illuminate\\Pipeline\\Pipeline.php(219): Illuminate\\Foundation\\Http\\Middleware\\TrimStrings->handle(Object(Illuminate\\Http\\Request), Object(Closure))
#19 C:\\laragon\\www\\api\\vendor\\laravel\\framework\\src\\Illuminate\\Http\\Middleware\\ValidatePostSize.php(27): Illuminate\\Pipeline\\Pipeline->Illuminate\\Pipeline\\{closure}(Object(Illuminate\\Http\\Request))
#20 C:\\laragon\\www\\api\\vendor\\laravel\\framework\\src\\Illuminate\\Pipeline\\Pipeline.php(219): Illuminate\\Http\\Middleware\\ValidatePostSize->handle(Object(Illuminate\\Http\\Request), Object(Closure))
#21 C:\\laragon\\www\\api\\vendor\\laravel\\framework\\src\\Illuminate\\Foundation\\Http\\Middleware\\PreventRequestsDuringMaintenance.php(109): Illuminate\\Pipeline\\Pipeline->Illuminate\\Pipeline\\{closure}(Object(Illuminate\\Http\\Request))
#22 C:\\laragon\\www\\api\\vendor\\laravel\\framework\\src\\Illuminate\\Pipeline\\Pipeline.php(219): Illuminate\\Foundation\\Http\\Middleware\\PreventRequestsDuringMaintenance->handle(Object(Illuminate\\Http\\Request), Object(Closure))
#23 C:\\laragon\\www\\api\\vendor\\laravel\\framework\\src\\Illuminate\\Http\\Middleware\\HandleCors.php(61): Illuminate\\Pipeline\\Pipeline->Illuminate\\Pipeline\\{closure}(Object(Illuminate\\Http\\Request))
#24 C:\\laragon\\www\\api\\vendor\\laravel\\framework\\src\\Illuminate\\Pipeline\\Pipeline.php(219): Illuminate\\Http\\Middleware\\HandleCors->handle(Object(Illuminate\\Http\\Request), Object(Closure))
#25 C:\\laragon\\www\\api\\vendor\\laravel\\framework\\src\\Illuminate\\Http\\Middleware\\TrustProxies.php(58): Illuminate\\Pipeline\\Pipeline->Illuminate\\Pipeline\\{closure}(Object(Illuminate\\Http\\Request))
#26 C:\\laragon\\www\\api\\vendor\\laravel\\framework\\src\\Illuminate\\Pipeline\\Pipeline.php(219): Illuminate\\Http\\Middleware\\TrustProxies->handle(Object(Illuminate\\Http\\Request), Object(Closure))
#27 C:\\laragon\\www\\api\\vendor\\laravel\\framework\\src\\Illuminate\\Foundation\\Http\\Middleware\\InvokeDeferredCallbacks.php(22): Illuminate\\Pipeline\\Pipeline->Illuminate\\Pipeline\\{closure}(Object(Illuminate\\Http\\Request))
#28 C:\\laragon\\www\\api\\vendor\\laravel\\framework\\src\\Illuminate\\Pipeline\\Pipeline.php(219): Illuminate\\Foundation\\Http\\Middleware\\InvokeDeferredCallbacks->handle(Object(Illuminate\\Http\\Request), Object(Closure))
#29 C:\\laragon\\www\\api\\vendor\\laravel\\framework\\src\\Illuminate\\Http\\Middleware\\ValidatePathEncoding.php(26): Illuminate\\Pipeline\\Pipeline->Illuminate\\Pipeline\\{closure}(Object(Illuminate\\Http\\Request))
#30 C:\\laragon\\www\\api\\vendor\\laravel\\framework\\src\\Illuminate\\Pipeline\\Pipeline.php(219): Illuminate\\Http\\Middleware\\ValidatePathEncoding->handle(Object(Illuminate\\Http\\Request), Object(Closure))
#31 C:\\laragon\\www\\api\\vendor\\laravel\\framework\\src\\Illuminate\\Pipeline\\Pipeline.php(137): Illuminate\\Pipeline\\Pipeline->Illuminate\\Pipeline\\{closure}(Object(Illuminate\\Http\\Request))
#32 C:\\laragon\\www\\api\\vendor\\laravel\\framework\\src\\Illuminate\\Foundation\\Http\\Kernel.php(175): Illuminate\\Pipeline\\Pipeline->then(Object(Closure))
#33 C:\\laragon\\www\\api\\vendor\\laravel\\framework\\src\\Illuminate\\Foundation\\Http\\Kernel.php(144): Illuminate\\Foundation\\Http\\Kernel->sendRequestThroughRouter(Object(Illuminate\\Http\\Request))
#34 C:\\laragon\\www\\api\\vendor\\laravel\\framework\\src\\Illuminate\\Foundation\\Application.php(1220): Illuminate\\Foundation\\Http\\Kernel->handle(Object(Illuminate\\Http\\Request))
#35 C:\\laragon\\www\\api\\public\\index.php(20): Illuminate\\Foundation\\Application->handleRequest(Object(Illuminate\\Http\\Request))
#36 {main}
"} 
[2026-05-12 20:44:56] local.ERROR: syntax error, unexpected token "<<" {"exception":"[object] (ParseError(code: 0): syntax error, unexpected token \"<<\" at C:\\laragon\\www\\api\\app\\Http\\Controllers\\GameController.php:54)
[stacktrace]
#0 C:\\laragon\\www\\api\\vendor\\composer\\ClassLoader.php(427): Composer\\Autoload\\{closure}('C:\\\\laragon\\\\www\\\\...')
#1 [internal function]: Composer\\Autoload\\ClassLoader->loadClass('App\\\\Http\\\\Contro...')
#2 C:\\laragon\\www\\api\\vendor\\laravel\\framework\\src\\Illuminate\\Routing\\Route.php(1125): is_a('App\\\\Http\\\\Contro...', 'Illuminate\\\\Rout...', true)
#3 C:\\laragon\\www\\api\\vendor\\laravel\\framework\\src\\Illuminate\\Routing\\Route.php(1062): Illuminate\\Routing\\Route->controllerMiddleware()
#4 C:\\laragon\\www\\api\\vendor\\laravel\\framework\\src\\Illuminate\\Routing\\Router.php(834): Illuminate\\Routing\\Route->gatherMiddleware()
#5 C:\\laragon\\www\\api\\vendor\\laravel\\framework\\src\\Illuminate\\Routing\\Router.php(816): Illuminate\\Routing\\Router->gatherRouteMiddleware(Object(Illuminate\\Routing\\Route))
#6 C:\\laragon\\www\\api\\vendor\\laravel\\framework\\src\\Illuminate\\Routing\\Router.php(800): Illuminate\\Routing\\Router->runRouteWithinStack(Object(Illuminate\\Routing\\Route), Object(Illuminate\\Http\\Request))
#7 C:\\laragon\\www\\api\\vendor\\laravel\\framework\\src\\Illuminate\\Routing\\Router.php(764): Illuminate\\Routing\\Router->runRoute(Object(Illuminate\\Http\\Request), Object(Illuminate\\Routing\\Route))
#8 C:\\laragon\\www\\api\\vendor\\laravel\\framework\\src\\Illuminate\\Routing\\Router.php(753): Illuminate\\Routing\\Router->dispatchToRoute(Object(Illuminate\\Http\\Request))
#9 C:\\laragon\\www\\api\\vendor\\laravel\\framework\\src\\Illuminate\\Foundation\\Http\\Kernel.php(200): Illuminate\\Routing\\Router->dispatch(Object(Illuminate\\Http\\Request))
#10 C:\\laragon\\www\\api\\vendor\\laravel\\framework\\src\\Illuminate\\Pipeline\\Pipeline.php(180): Illuminate\\Foundation\\Http\\Kernel->Illuminate\\Foundation\\Http\\{closure}(Object(Illuminate\\Http\\Request))
#11 C:\\laragon\\www\\api\\app\\Http\\Middleware\\HandleCors.php(20): Illuminate\\Pipeline\\Pipeline->Illuminate\\Pipeline\\{closure}(Object(Illuminate\\Http\\Request))
#12 C:\\laragon\\www\\api\\vendor\\laravel\\framework\\src\\Illuminate\\Pipeline\\Pipeline.php(219): App\\Http\\Middleware\\HandleCors->handle(Object(Illuminate\\Http\\Request), Object(Closure))
#13 C:\\laragon\\www\\api\\vendor\\laravel\\framework\\src\\Illuminate\\Foundation\\Http\\Middleware\\TransformsRequest.php(21): Illuminate\\Pipeline\\Pipeline->Illuminate\\Pipeline\\{closure}(Object(Illuminate\\Http\\Request))
#14 C:\\laragon\\www\\api\\vendor\\laravel\\framework\\src\\Illuminate\\Foundation\\Http\\Middleware\\ConvertEmptyStringsToNull.php(31): Illuminate\\Foundation\\Http\\Middleware\\TransformsRequest->handle(Object(Illuminate\\Http\\Request), Object(Closure))
#15 C:\\laragon\\www\\api\\vendor\\laravel\\framework\\src\\Illuminate\\Pipeline\\Pipeline.php(219): Illuminate\\Foundation\\Http\\Middleware\\ConvertEmptyStringsToNull->handle(Object(Illuminate\\Http\\Request), Object(Closure))
#16 C:\\laragon\\www\\api\\vendor\\laravel\\framework\\src\\Illuminate\\Foundation\\Http\\Middleware\\TransformsRequest.php(21): Illuminate\\Pipeline\\Pipeline->Illuminate\\Pipeline\\{closure}(Object(Illuminate\\Http\\Request))
#17 C:\\laragon\\www\\api\\vendor\\laravel\\framework\\src\\Illuminate\\Foundation\\Http\\Middleware\\TrimStrings.php(51): Illuminate\\Foundation\\Http\\Middleware\\TransformsRequest->handle(Object(Illuminate\\Http\\Request), Object(Closure))
#18 C:\\laragon\\www\\api\\vendor\\laravel\\framework\\src\\Illuminate\\Pipeline\\Pipeline.php(219): Illuminate\\Foundation\\Http\\Middleware\\TrimStrings->handle(Object(Illuminate\\Http\\Request), Object(Closure))
#19 C:\\laragon\\www\\api\\vendor\\laravel\\framework\\src\\Illuminate\\Http\\Middleware\\ValidatePostSize.php(27): Illuminate\\Pipeline\\Pipeline->Illuminate\\Pipeline\\{closure}(Object(Illuminate\\Http\\Request))
#20 C:\\laragon\\www\\api\\vendor\\laravel\\framework\\src\\Illuminate\\Pipeline\\Pipeline.php(219): Illuminate\\Http\\Middleware\\ValidatePostSize->handle(Object(Illuminate\\Http\\Request), Object(Closure))
#21 C:\\laragon\\www\\api\\vendor\\laravel\\framework\\src\\Illuminate\\Foundation\\Http\\Middleware\\PreventRequestsDuringMaintenance.php(109): Illuminate\\Pipeline\\Pipeline->Illuminate\\Pipeline\\{closure}(Object(Illuminate\\Http\\Request))
#22 C:\\laragon\\www\\api\\vendor\\laravel\\framework\\src\\Illuminate\\Pipeline\\Pipeline.php(219): Illuminate\\Foundation\\Http\\Middleware\\PreventRequestsDuringMaintenance->handle(Object(Illuminate\\Http\\Request), Object(Closure))
#23 C:\\laragon\\www\\api\\vendor\\laravel\\framework\\src\\Illuminate\\Http\\Middleware\\HandleCors.php(61): Illuminate\\Pipeline\\Pipeline->Illuminate\\Pipeline\\{closure}(Object(Illuminate\\Http\\Request))
#24 C:\\laragon\\www\\api\\vendor\\laravel\\framework\\src\\Illuminate\\Pipeline\\Pipeline.php(219): Illuminate\\Http\\Middleware\\HandleCors->handle(Object(Illuminate\\Http\\Request), Object(Closure))
#25 C:\\laragon\\www\\api\\vendor\\laravel\\framework\\src\\Illuminate\\Http\\Middleware\\TrustProxies.php(58): Illuminate\\Pipeline\\Pipeline->Illuminate\\Pipeline\\{closure}(Object(Illuminate\\Http\\Request))
#26 C:\\laragon\\www\\api\\vendor\\laravel\\framework\\src\\Illuminate\\Pipeline\\Pipeline.php(219): Illuminate\\Http\\Middleware\\TrustProxies->handle(Object(Illuminate\\Http\\Request), Object(Closure))
#27 C:\\laragon\\www\\api\\vendor\\laravel\\framework\\src\\Illuminate\\Foundation\\Http\\Middleware\\InvokeDeferredCallbacks.php(22): Illuminate\\Pipeline\\Pipeline->Illuminate\\Pipeline\\{closure}(Object(Illuminate\\Http\\Request))
#28 C:\\laragon\\www\\api\\vendor\\laravel\\framework\\src\\Illuminate\\Pipeline\\Pipeline.php(219): Illuminate\\Foundation\\Http\\Middleware\\InvokeDeferredCallbacks->handle(Object(Illuminate\\Http\\Request), Object(Closure))
#29 C:\\laragon\\www\\api\\vendor\\laravel\\framework\\src\\Illuminate\\Http\\Middleware\\ValidatePathEncoding.php(26): Illuminate\\Pipeline\\Pipeline->Illuminate\\Pipeline\\{closure}(Object(Illuminate\\Http\\Request))
#30 C:\\laragon\\www\\api\\vendor\\laravel\\framework\\src\\Illuminate\\Pipeline\\Pipeline.php(219): Illuminate\\Http\\Middleware\\ValidatePathEncoding->handle(Object(Illuminate\\Http\\Request), Object(Closure))
#31 C:\\laragon\\www\\api\\vendor\\laravel\\framework\\src\\Illuminate\\Pipeline\\Pipeline.php(137): Illuminate\\Pipeline\\Pipeline->Illuminate\\Pipeline\\{closure}(Object(Illuminate\\Http\\Request))
#32 C:\\laragon\\www\\api\\vendor\\laravel\\framework\\src\\Illuminate\\Foundation\\Http\\Kernel.php(175): Illuminate\\Pipeline\\Pipeline->then(Object(Closure))
#33 C:\\laragon\\www\\api\\vendor\\laravel\\framework\\src\\Illuminate\\Foundation\\Http\\Kernel.php(144): Illuminate\\Foundation\\Http\\Kernel->sendRequestThroughRouter(Object(Illuminate\\Http\\Request))
#34 C:\\laragon\\www\\api\\vendor\\laravel\\framework\\src\\Illuminate\\Foundation\\Application.php(1220): Illuminate\\Foundation\\Http\\Kernel->handle(Object(Illuminate\\Http\\Request))
#35 C:\\laragon\\www\\api\\public\\index.php(20): Illuminate\\Foundation\\Application->handleRequest(Object(Illuminate\\Http\\Request))
#36 {main}
"} 
[2026-05-13 01:18:39] local.INFO: Fetching questions {"category":"Math","difficulty":"Easy","year_level":"ALL"} 
[2026-05-13 01:18:45] local.INFO: Questions found {"count":1208} 
[2026-05-13 01:18:45] local.INFO: Difficulty setting applied {"difficulty":"Easy","num_questions":10} 
[2026-05-13 01:18:49] local.INFO: Fetching questions {"category":"Math","difficulty":"Easy","year_level":"ALL"} 
[2026-05-13 01:18:50] local.INFO: Questions found {"count":1208} 
[2026-05-13 01:18:50] local.INFO: Difficulty setting applied {"difficulty":"Easy","num_questions":10} 
[2026-05-13 01:19:20] local.INFO: Fetching questions {"category":"Math","difficulty":"Easy","year_level":"ALL"} 
[2026-05-13 01:19:22] local.INFO: Questions found {"count":1208} 
[2026-05-13 01:19:23] local.INFO: Difficulty setting applied {"difficulty":"Easy","num_questions":10} 
[2026-05-13 01:21:49] local.INFO: Leaderboard request: {"mode":"challenge","limit":"20"} 
[2026-05-13 01:22:10] local.INFO: Leaderboard request: {"mode":"challenge","limit":"20"} 
[2026-05-13 01:24:06] local.INFO: Fetching questions {"category":"Science","difficulty":"Easy","year_level":"ALL"} 
[2026-05-13 01:24:06] local.INFO: Questions found {"count":192} 
[2026-05-13 01:24:06] local.INFO: Difficulty setting applied {"difficulty":"Easy","num_questions":10} 
[2026-05-13 01:24:40] local.INFO: Fetching questions {"category":"Science","difficulty":"Easy","year_level":"ALL"} 
[2026-05-13 01:24:40] local.INFO: Questions found {"count":192} 
[2026-05-13 01:24:40] local.INFO: Difficulty setting applied {"difficulty":"Easy","num_questions":10} 
[2026-05-13 02:04:24] local.INFO: Leaderboard request: {"mode":"challenge","limit":"20"} 
[2026-05-16 17:25:18] local.ERROR: syntax error, unexpected token "<<" {"exception":"[object] (ParseError(code: 0): syntax error, unexpected token \"<<\" at C:\\laragon\\www\\api\\app\\Http\\Controllers\\GameController.php:54)
[stacktrace]
#0 C:\\laragon\\www\\api\\vendor\\composer\\ClassLoader.php(427): Composer\\Autoload\\{closure}('C:\\\\laragon\\\\www\\\\...')
#1 [internal function]: Composer\\Autoload\\ClassLoader->loadClass('App\\\\Http\\\\Contro...')
#2 C:\\laragon\\www\\api\\vendor\\laravel\\framework\\src\\Illuminate\\Routing\\Route.php(1125): is_a('App\\\\Http\\\\Contro...', 'Illuminate\\\\Rout...', true)
#3 C:\\laragon\\www\\api\\vendor\\laravel\\framework\\src\\Illuminate\\Routing\\Route.php(1062): Illuminate\\Routing\\Route->controllerMiddleware()
#4 C:\\laragon\\www\\api\\vendor\\laravel\\framework\\src\\Illuminate\\Routing\\Router.php(834): Illuminate\\Routing\\Route->gatherMiddleware()
#5 C:\\laragon\\www\\api\\vendor\\laravel\\framework\\src\\Illuminate\\Foundation\\Console\\RouteListCommand.php(211): Illuminate\\Routing\\Router->gatherRouteMiddleware(Object(Illuminate\\Routing\\Route))
#6 C:\\laragon\\www\\api\\vendor\\laravel\\framework\\src\\Illuminate\\Foundation\\Console\\RouteListCommand.php(148): Illuminate\\Foundation\\Console\\RouteListCommand->getMiddleware(Object(Illuminate\\Routing\\Route))
#7 C:\\laragon\\www\\api\\vendor\\laravel\\framework\\src\\Illuminate\\Foundation\\Console\\RouteListCommand.php(117): Illuminate\\Foundation\\Console\\RouteListCommand->getRouteInformation(Object(Illuminate\\Routing\\Route))
#8 [internal function]: Illuminate\\Foundation\\Console\\RouteListCommand->Illuminate\\Foundation\\Console\\{closure}(Object(Illuminate\\Routing\\Route), 18)
#9 C:\\laragon\\www\\api\\vendor\\laravel\\framework\\src\\Illuminate\\Collections\\Arr.php(786): array_map(Object(Closure), Array, Array)
#10 C:\\laragon\\www\\api\\vendor\\laravel\\framework\\src\\Illuminate\\Collections\\Collection.php(814): Illuminate\\Support\\Arr::map(Array, Object(Closure))
#11 C:\\laragon\\www\\api\\vendor\\laravel\\framework\\src\\Illuminate\\Foundation\\Console\\RouteListCommand.php(117): Illuminate\\Support\\Collection->map(Object(Closure))
#12 C:\\laragon\\www\\api\\vendor\\laravel\\framework\\src\\Illuminate\\Foundation\\Console\\RouteListCommand.php(102): Illuminate\\Foundation\\Console\\RouteListCommand->getRoutes()
#13 C:\\laragon\\www\\api\\vendor\\laravel\\framework\\src\\Illuminate\\Container\\BoundMethod.php(36): Illuminate\\Foundation\\Console\\RouteListCommand->handle()
#14 C:\\laragon\\www\\api\\vendor\\laravel\\framework\\src\\Illuminate\\Container\\Util.php(43): Illuminate\\Container\\BoundMethod::Illuminate\\Container\\{closure}()
#15 C:\\laragon\\www\\api\\vendor\\laravel\\framework\\src\\Illuminate\\Container\\BoundMethod.php(96): Illuminate\\Container\\Util::unwrapIfClosure(Object(Closure))
#16 C:\\laragon\\www\\api\\vendor\\laravel\\framework\\src\\Illuminate\\Container\\BoundMethod.php(35): Illuminate\\Container\\BoundMethod::callBoundMethod(Object(Illuminate\\Foundation\\Application), Array, Object(Closure))
#17 C:\\laragon\\www\\api\\vendor\\laravel\\framework\\src\\Illuminate\\Container\\Container.php(836): Illuminate\\Container\\BoundMethod::call(Object(Illuminate\\Foundation\\Application), Array, Array, NULL)
#18 C:\\laragon\\www\\api\\vendor\\laravel\\framework\\src\\Illuminate\\Console\\Command.php(211): Illuminate\\Container\\Container->call(Array)
#19 C:\\laragon\\www\\api\\vendor\\symfony\\console\\Command\\Command.php(318): Illuminate\\Console\\Command->execute(Object(Symfony\\Component\\Console\\Input\\ArgvInput), Object(Illuminate\\Console\\OutputStyle))
#20 C:\\laragon\\www\\api\\vendor\\laravel\\framework\\src\\Illuminate\\Console\\Command.php(180): Symfony\\Component\\Console\\Command\\Command->run(Object(Symfony\\Component\\Console\\Input\\ArgvInput), Object(Illuminate\\Console\\OutputStyle))
#21 C:\\laragon\\www\\api\\vendor\\symfony\\console\\Application.php(1073): Illuminate\\Console\\Command->run(Object(Symfony\\Component\\Console\\Input\\ArgvInput), Object(Symfony\\Component\\Console\\Output\\ConsoleOutput))
#22 C:\\laragon\\www\\api\\vendor\\symfony\\console\\Application.php(356): Symfony\\Component\\Console\\Application->doRunCommand(Object(Illuminate\\Foundation\\Console\\RouteListCommand), Object(Symfony\\Component\\Console\\Input\\ArgvInput), Object(Symfony\\Component\\Console\\Output\\ConsoleOutput))
#23 C:\\laragon\\www\\api\\vendor\\symfony\\console\\Application.php(195): Symfony\\Component\\Console\\Application->doRun(Object(Symfony\\Component\\Console\\Input\\ArgvInput), Object(Symfony\\Component\\Console\\Output\\ConsoleOutput))
#24 C:\\laragon\\www\\api\\vendor\\laravel\\framework\\src\\Illuminate\\Foundation\\Console\\Kernel.php(197): Symfony\\Component\\Console\\Application->run(Object(Symfony\\Component\\Console\\Input\\ArgvInput), Object(Symfony\\Component\\Console\\Output\\ConsoleOutput))
#25 C:\\laragon\\www\\api\\vendor\\laravel\\framework\\src\\Illuminate\\Foundation\\Application.php(1235): Illuminate\\Foundation\\Console\\Kernel->handle(Object(Symfony\\Component\\Console\\Input\\ArgvInput), Object(Symfony\\Component\\Console\\Output\\ConsoleOutput))
#26 C:\\laragon\\www\\api\\artisan(16): Illuminate\\Foundation\\Application->handleCommand(Object(Symfony\\Component\\Console\\Input\\ArgvInput))
#27 {main}
"} 
[2026-05-16 17:40:29] local.INFO: Leaderboard request: {"mode":"challenge","limit":"20"} 
[2026-05-16 17:40:46] local.INFO: Leaderboard request: {"mode":"challenge","limit":"20"} 
[2026-05-16 23:19:17] local.INFO: Fetching questions {"category":"Science","difficulty":"Easy","year_level":"ALL"} 
[2026-05-16 23:19:18] local.INFO: Questions found {"count":192} 
[2026-05-16 23:19:18] local.INFO: Difficulty setting applied {"difficulty":"Easy","num_questions":10} 
[2026-05-16 23:21:29] local.INFO: Fetching questions {"category":"Science","difficulty":"Easy","year_level":"ALL"} 
[2026-05-16 23:21:29] local.INFO: Questions found {"count":192} 
[2026-05-16 23:21:29] local.INFO: Difficulty setting applied {"difficulty":"Easy","num_questions":10} 
[2026-05-16 23:27:07] local.INFO: Fetching questions {"category":"Science","difficulty":"Easy","year_level":"ALL"} 
[2026-05-16 23:27:07] local.INFO: Questions found {"count":192} 
[2026-05-16 23:27:07] local.INFO: Difficulty setting applied {"difficulty":"Easy","num_questions":10} 
[2026-05-16 23:29:35] local.INFO: === BATTLE RESULT REQUEST RECEIVED ===  
[2026-05-16 23:29:35] local.INFO: === BATTLE RESULT REQUEST RECEIVED ===  
[2026-05-16 23:29:35] local.INFO: Request Data: {"player_id":"6a08aba87f6f023fc50d9237","category":"Science","difficulty_level":"Easy","player_score":21,"result":"lost","battle_id":"VBLX1S","questions_answered":10,"correct_answers":2} 
[2026-05-16 23:29:35] local.INFO: Request Data: {"player_id":"6a08f9f27f6f023fc50d9244","category":"Science","difficulty_level":"Easy","player_score":45,"result":"won","battle_id":"VBLX1S","questions_answered":10,"correct_answers":4} 
[2026-05-16 23:29:35] local.INFO: ✅ Validation passed {"player_id":"6a08f9f27f6f023fc50d9244","category":"Science","difficulty_level":"Easy","player_score":45,"result":"won","battle_id":"VBLX1S","questions_answered":10,"correct_answers":4} 
[2026-05-16 23:29:35] local.INFO: ✅ Validation passed {"player_id":"6a08aba87f6f023fc50d9237","category":"Science","difficulty_level":"Easy","player_score":21,"result":"lost","battle_id":"VBLX1S","questions_answered":10,"correct_answers":2} 
[2026-05-16 23:29:36] local.INFO: ✅ Battle result saved to battle collection  
[2026-05-16 23:29:36] local.INFO: ✅ Battle result saved to battle collection  
[2026-05-16 23:29:36] local.INFO: Skipping player_stats creation - no win to record {"player_id":"6a08aba87f6f023fc50d9237","game_type":"battle","result":"lost"} 
[2026-05-16 23:29:36] local.INFO: ℹ️ Player LOST - no badges awarded  
[2026-05-16 23:29:36] local.INFO: === BATTLE RESULT SAVED SUCCESSFULLY ===  
[2026-05-16 23:29:36] local.INFO: Created new player_stats record {"player_id":"6a08f9f27f6f023fc50d9244","game_type":"battle"} 
[2026-05-16 23:29:36] local.INFO: 🏆 Player WON - awarding badge progress  
[2026-05-16 23:29:36] local.INFO: 🎯 Recording badge progress from battle {"player_id":"6a08f9f27f6f023fc50d9244","difficulty":"easy"} 
[2026-05-16 23:29:36] local.INFO: 📊 Badge progress updated {"total_count":1,"current_in_set":1,"milestone_reached":false} 
[2026-05-16 23:29:36] local.INFO: Badge awarded result {"badge_awarded":{"difficulty":"Easy","progress":1,"remaining":2,"badge_unlocked":false,"message":"2 more battle wins needed for next badge"}} 
[2026-05-16 23:29:36] local.INFO: === BATTLE RESULT SAVED SUCCESSFULLY ===  
[2026-05-16 23:30:24] local.INFO: Leaderboard request: {"mode":"challenge","limit":"20"} 
[2026-05-17 01:08:52] local.INFO: Leaderboard request: {"mode":"challenge","limit":"20"} 
[2026-05-17 01:11:33] local.INFO: Fetching questions {"category":"Science","difficulty":"Easy","year_level":"ALL"} 
[2026-05-17 01:11:33] local.INFO: Questions found {"count":192} 
[2026-05-17 01:11:33] local.INFO: Difficulty setting applied {"difficulty":"Easy","num_questions":10} 
[2026-05-17 02:13:27] local.INFO: Created new player_stats record {"player_id":"6a08aba87f6f023fc50d9237","game_type":"memory_match"} 
[2026-05-17 02:34:48] local.INFO: ✅ Incremented stats {"player_id":"6a08aba87f6f023fc50d9237","game_type":"memory_match","category":"general","difficulty":"difficult","new_count":2} 
[2026-05-17 02:37:12] local.INFO: ✅ Incremented stats {"player_id":"6a08aba87f6f023fc50d9237","game_type":"memory_match","category":"general","difficulty":"difficult","new_count":3} 
[2026-05-17 02:38:38] local.INFO: Leaderboard request: {"mode":"challenge","limit":"20"} 
[2026-05-17 02:39:04] local.INFO: Leaderboard request: {"mode":"challenge","limit":"20"} 
[2026-05-17 06:29:19] local.INFO: Fetching questions {"category":"Science","difficulty":"Easy","year_level":"ALL"} 
[2026-05-17 06:29:20] local.INFO: Questions found {"count":192} 
[2026-05-17 06:29:20] local.INFO: Difficulty setting applied {"difficulty":"Easy","num_questions":10} 
[2026-05-17 06:38:32] local.INFO: Fetching questions {"category":"Science","difficulty":"Easy","year_level":"ALL"} 
[2026-05-17 06:38:37] local.INFO: Questions found {"count":192} 
[2026-05-17 06:38:37] local.INFO: Difficulty setting applied {"difficulty":"Easy","num_questions":10} 
[2026-05-17 06:38:45] local.INFO: Fetching questions {"category":"Science","difficulty":"Easy","year_level":"ALL"} 
[2026-05-17 06:38:46] local.INFO: Questions found {"count":192} 
[2026-05-17 06:38:47] local.INFO: Difficulty setting applied {"difficulty":"Easy","num_questions":10} 
[2026-05-17 06:40:49] local.INFO: Fetching questions {"category":"Science","difficulty":"Easy","year_level":"ALL"} 
[2026-05-17 06:40:49] local.INFO: Questions found {"count":192} 
[2026-05-17 06:40:49] local.INFO: Difficulty setting applied {"difficulty":"Easy","num_questions":10} 
[2026-05-17 06:42:29] local.INFO: === BATTLE RESULT REQUEST RECEIVED ===  
[2026-05-17 06:42:29] local.INFO: Request Data: {"player_id":"6a08f9f27f6f023fc50d9244","category":"Science","difficulty_level":"Easy","player_score":18,"result":"lost","battle_id":"YI829J","questions_answered":10,"correct_answers":2} 
[2026-05-17 06:42:29] local.INFO: ✅ Validation passed {"player_id":"6a08f9f27f6f023fc50d9244","category":"Science","difficulty_level":"Easy","player_score":18,"result":"lost","battle_id":"YI829J","questions_answered":10,"correct_answers":2} 
[2026-05-17 06:42:29] local.INFO: === BATTLE RESULT REQUEST RECEIVED ===  
[2026-05-17 06:42:29] local.INFO: Request Data: {"player_id":"6a08aba87f6f023fc50d9237","category":"Science","difficulty_level":"Easy","player_score":26,"result":"won","battle_id":"YI829J","questions_answered":10,"correct_answers":2} 
[2026-05-17 06:42:29] local.INFO: ✅ Validation passed {"player_id":"6a08aba87f6f023fc50d9237","category":"Science","difficulty_level":"Easy","player_score":26,"result":"won","battle_id":"YI829J","questions_answered":10,"correct_answers":2} 
[2026-05-17 06:42:29] local.INFO: ✅ Battle result saved to battle collection  
[2026-05-17 06:42:30] local.INFO: ✅ Battle result saved to battle collection  
[2026-05-17 06:42:30] local.INFO: Skipping stats increment - loss recorded {"player_id":"6a08f9f27f6f023fc50d9244","result":"lost"} 
[2026-05-17 06:42:30] local.INFO: ℹ️ Player LOST - no badges awarded  
[2026-05-17 06:42:30] local.INFO: === BATTLE RESULT SAVED SUCCESSFULLY ===  
[2026-05-17 06:42:30] local.INFO: ✅ Incremented stats {"player_id":"6a08aba87f6f023fc50d9237","game_type":"battle","category":"science","difficulty":"easy","new_count":1} 
[2026-05-17 06:42:30] local.INFO: 🏆 Player WON - awarding badge progress  
[2026-05-17 06:42:30] local.INFO: 🎯 Recording badge progress from battle {"player_id":"6a08aba87f6f023fc50d9237","difficulty":"easy"} 
[2026-05-17 06:42:30] local.INFO: 📊 Badge progress updated {"total_count":1,"current_in_set":1,"milestone_reached":false} 
[2026-05-17 06:42:30] local.INFO: Badge awarded result {"badge_awarded":{"difficulty":"Easy","progress":1,"remaining":2,"badge_unlocked":false,"message":"2 more battle wins needed for next badge"}} 
[2026-05-17 06:42:30] local.INFO: === BATTLE RESULT SAVED SUCCESSFULLY ===  
[2026-05-17 06:44:25] local.INFO: Fetching questions {"category":"Science","difficulty":"Easy","year_level":"ALL"} 
[2026-05-17 06:44:25] local.INFO: Questions found {"count":192} 
[2026-05-17 06:44:25] local.INFO: Difficulty setting applied {"difficulty":"Easy","num_questions":10} 
[2026-05-17 07:08:13] local.INFO: Fetching questions {"category":"Science","difficulty":"Easy","year_level":"ALL"} 
[2026-05-17 07:08:19] local.INFO: Questions found {"count":192} 
[2026-05-17 07:08:23] local.INFO: Difficulty setting applied {"difficulty":"Easy","num_questions":10} 
[2026-05-17 07:08:42] production.INFO: Fetching questions {"category":"Science","difficulty":"Easy","year_level":"ALL"} 
[2026-05-17 07:08:56] production.INFO: Questions found {"count":192} 
[2026-05-17 07:08:58] production.INFO: Difficulty setting applied {"difficulty":"Easy","num_questions":10} 
[2026-05-17 07:09:03] local.INFO: Fetching questions {"category":"Science","difficulty":"Easy","year_level":"ALL"} 
[2026-05-17 07:09:06] local.INFO: Questions found {"count":192} 
[2026-05-17 07:09:06] local.INFO: Difficulty setting applied {"difficulty":"Easy","num_questions":10} 
[2026-05-17 07:09:49] local.INFO: Fetching questions {"category":"Science","difficulty":"Easy","year_level":"ALL"} 
[2026-05-17 07:09:50] local.INFO: Questions found {"count":192} 
[2026-05-17 07:09:50] local.INFO: Difficulty setting applied {"difficulty":"Easy","num_questions":10} 
[2026-05-17 07:12:44] local.INFO: Challenge result saved {"player_id":"6a08aba87f6f023fc50d9237","correct_answers":10,"total_questions":10,"is_perfect":true} 
[2026-05-17 07:12:45] local.INFO: Perfect score detected {"player_id":"6a08aba87f6f023fc50d9237","difficulty":"Easy"} 
[2026-05-17 07:12:49] local.INFO: ✅ Incremented stats {"player_id":"6a08aba87f6f023fc50d9237","game_type":"challenge","category":"science","difficulty":"easy","new_count":1} 
[2026-05-17 07:12:49] local.INFO: Player stats updated  
[2026-05-17 07:12:49] local.INFO: 🎯 Recording badge progress from challenge {"player_id":"6a08aba87f6f023fc50d9237","difficulty":"easy"} 
[2026-05-17 07:12:50] local.INFO: 📊 Badge progress updated {"total_count":2,"current_in_set":2,"milestone_reached":false} 
[2026-05-17 07:12:50] local.INFO: Badge progress recorded {"badge_awarded":{"difficulty":"Easy","progress":2,"remaining":1,"badge_unlocked":false,"message":"1 more perfect score needed for next badge"}} 
[2026-05-17 07:12:55] local.INFO: Challenge result saved {"player_id":"6a08aba87f6f023fc50d9237","correct_answers":10,"total_questions":10,"is_perfect":true} 
[2026-05-17 07:12:55] local.INFO: Perfect score detected {"player_id":"6a08aba87f6f023fc50d9237","difficulty":"Easy"} 
[2026-05-17 07:12:56] local.INFO: ✅ Incremented stats {"player_id":"6a08aba87f6f023fc50d9237","game_type":"challenge","category":"science","difficulty":"easy","new_count":2} 
[2026-05-17 07:12:56] local.INFO: Player stats updated  
[2026-05-17 07:12:56] local.INFO: 🎯 Recording badge progress from challenge {"player_id":"6a08aba87f6f023fc50d9237","difficulty":"easy"} 
[2026-05-17 07:13:00] local.INFO: 📊 Badge progress updated {"total_count":3,"current_in_set":0,"milestone_reached":true} 
[2026-05-17 07:13:00] local.INFO: 🎊 MILESTONE REACHED! {"difficulty":"easy","badge_number":1,"total_badges_earned":3} 
[2026-05-17 07:13:00] local.INFO: Claimable reward created — awaiting player claim {"difficulty":"easy","badge_number":1} 
[2026-05-17 07:13:00] local.INFO: ✅ Claimable reward created in player_rewards {"difficulty":"easy","badge_number":1,"must_claim":true} 
[2026-05-17 07:13:00] local.INFO: Badge progress recorded {"badge_awarded":{"difficulty":"Easy","badge_unlocked":true,"badge_number":1,"can_claim":true,"message":"Congratulations! You've earned badge #1 for Easy difficulty! Visit the badge screen to claim it."}} 
[2026-05-17 07:13:03] local.INFO: Challenge result saved {"player_id":"6a08aba87f6f023fc50d9237","correct_answers":10,"total_questions":10,"is_perfect":true} 
[2026-05-17 07:13:03] local.INFO: Perfect score detected {"player_id":"6a08aba87f6f023fc50d9237","difficulty":"Easy"} 
[2026-05-17 07:13:04] local.INFO: ✅ Incremented stats {"player_id":"6a08aba87f6f023fc50d9237","game_type":"challenge","category":"science","difficulty":"easy","new_count":3} 
[2026-05-17 07:13:04] local.INFO: Player stats updated  
[2026-05-17 07:13:04] local.INFO: 🎯 Recording badge progress from challenge {"player_id":"6a08aba87f6f023fc50d9237","difficulty":"easy"} 
[2026-05-17 07:13:04] local.INFO: 📊 Badge progress updated {"total_count":4,"current_in_set":1,"milestone_reached":false} 
[2026-05-17 07:13:04] local.INFO: Badge progress recorded {"badge_awarded":{"difficulty":"Easy","progress":1,"remaining":2,"badge_unlocked":false,"message":"2 more perfect scores needed for next badge"}} 
[2026-05-17 07:55:35] local.INFO: ✅ Incremented stats {"player_id":"6a08aba87f6f023fc50d9237","game_type":"memory_match","category":"general","difficulty":"difficult","new_count":4} 
[2026-05-17 08:01:12] local.INFO: ✅ Incremented stats {"player_id":"6a08aba87f6f023fc50d9237","game_type":"memory_match","category":"general","difficulty":"difficult","new_count":5} 
[2026-05-17 08:03:01] local.INFO: ✅ Incremented stats {"player_id":"6a08aba87f6f023fc50d9237","game_type":"puzzle","category":"scientists","difficulty":"average","new_count":1} 
[2026-05-17 08:03:37] local.INFO: Leaderboard request: {"mode":"challenge","limit":"20"} 
[2026-05-17 08:20:45] local.INFO: Fetching questions {"category":"Science","difficulty":"Easy","year_level":"ALL"} 
[2026-05-17 08:20:46] local.INFO: Questions found {"count":192} 
[2026-05-17 08:20:46] local.INFO: Difficulty setting applied {"difficulty":"Easy","num_questions":10} 
[2026-05-17 08:22:31] local.INFO: === BATTLE RESULT REQUEST RECEIVED ===  
[2026-05-17 08:22:31] local.INFO: Request Data: {"player_id":"6a08aba87f6f023fc50d9237","category":"Science","difficulty_level":"Easy","player_score":12,"result":"lost","battle_id":"ZWZY7L","questions_answered":10,"correct_answers":1} 
[2026-05-17 08:22:31] local.INFO: ✅ Validation passed {"player_id":"6a08aba87f6f023fc50d9237","category":"Science","difficulty_level":"Easy","player_score":12,"result":"lost","battle_id":"ZWZY7L","questions_answered":10,"correct_answers":1} 
[2026-05-17 08:22:32] local.INFO: ✅ Battle result saved to battle collection  
[2026-05-17 08:22:32] local.INFO: === BATTLE RESULT REQUEST RECEIVED ===  
[2026-05-17 08:22:32] local.INFO: Request Data: {"player_id":"6a08f9f27f6f023fc50d9244","category":"Science","difficulty_level":"Easy","player_score":29,"result":"won","battle_id":"ZWZY7L","questions_answered":10,"correct_answers":3} 
[2026-05-17 08:22:32] local.INFO: Skipping stats increment - loss recorded {"player_id":"6a08aba87f6f023fc50d9237","result":"lost"} 
[2026-05-17 08:22:32] local.INFO: ℹ️ Player LOST - no badges awarded  
[2026-05-17 08:22:32] local.INFO: === BATTLE RESULT SAVED SUCCESSFULLY ===  
[2026-05-17 08:22:32] local.INFO: ✅ Validation passed {"player_id":"6a08f9f27f6f023fc50d9244","category":"Science","difficulty_level":"Easy","player_score":29,"result":"won","battle_id":"ZWZY7L","questions_answered":10,"correct_answers":3} 
[2026-05-17 08:22:33] local.INFO: ✅ Battle result saved to battle collection  
[2026-05-17 08:22:33] local.INFO: ✅ Incremented stats {"player_id":"6a08f9f27f6f023fc50d9244","game_type":"battle","category":"science","difficulty":"easy","new_count":2} 
[2026-05-17 08:22:33] local.INFO: 🏆 Player WON - awarding badge progress  
[2026-05-17 08:22:33] local.INFO: 🎯 Recording badge progress from battle {"player_id":"6a08f9f27f6f023fc50d9244","difficulty":"easy"} 
[2026-05-17 08:22:33] local.INFO: 📊 Badge progress updated {"total_count":2,"current_in_set":2,"milestone_reached":false} 
[2026-05-17 08:22:33] local.INFO: Badge awarded result {"badge_awarded":{"difficulty":"Easy","progress":2,"remaining":1,"badge_unlocked":false,"message":"1 more battle win needed for next badge"}} 
[2026-05-17 08:22:33] local.INFO: === BATTLE RESULT SAVED SUCCESSFULLY ===  
[2026-05-17 14:02:09] local.INFO: Fetching questions {"category":"Science","difficulty":"Easy","year_level":"ALL"} 
[2026-05-17 14:02:10] local.INFO: Questions found {"count":192} 
[2026-05-17 14:02:10] local.INFO: Difficulty setting applied {"difficulty":"Easy","num_questions":10} 
[2026-05-17 14:05:13] local.INFO: === BATTLE RESULT REQUEST RECEIVED ===  
[2026-05-17 14:05:13] local.INFO: === BATTLE RESULT REQUEST RECEIVED ===  
[2026-05-17 14:05:13] local.INFO: Request Data: {"player_id":"6a08aba87f6f023fc50d9237","category":"Science","difficulty_level":"Easy","player_score":0,"result":"lost","battle_id":"XMS98Q","questions_answered":10,"correct_answers":0} 
[2026-05-17 14:05:13] local.INFO: Request Data: {"player_id":"6a08f9f27f6f023fc50d9244","category":"Science","difficulty_level":"Easy","player_score":13,"result":"won","battle_id":"XMS98Q","questions_answered":10,"correct_answers":1} 
[2026-05-17 14:05:13] local.INFO: ✅ Validation passed {"player_id":"6a08f9f27f6f023fc50d9244","category":"Science","difficulty_level":"Easy","player_score":13,"result":"won","battle_id":"XMS98Q","questions_answered":10,"correct_answers":1} 
[2026-05-17 14:05:13] local.INFO: ✅ Validation passed {"player_id":"6a08aba87f6f023fc50d9237","category":"Science","difficulty_level":"Easy","player_score":0,"result":"lost","battle_id":"XMS98Q","questions_answered":10,"correct_answers":0} 
[2026-05-17 14:05:13] local.INFO: ✅ Battle result saved to battle collection  
[2026-05-17 14:05:13] local.INFO: ✅ Incremented stats {"player_id":"6a08f9f27f6f023fc50d9244","game_type":"battle","category":"science","difficulty":"easy","new_count":3} 
[2026-05-17 14:05:13] local.INFO: 🏆 Player WON - awarding badge progress  
[2026-05-17 14:05:13] local.INFO: 🎯 Recording badge progress from battle {"player_id":"6a08f9f27f6f023fc50d9244","difficulty":"easy"} 
[2026-05-17 14:05:13] local.INFO: 📊 Badge progress updated {"total_count":3,"current_in_set":0,"milestone_reached":true} 
[2026-05-17 14:05:13] local.INFO: 🎊 MILESTONE REACHED! {"difficulty":"easy","badge_number":1,"total_badges_earned":3} 
[2026-05-17 14:05:13] local.INFO: Claimable reward created — awaiting player claim {"difficulty":"easy","badge_number":1} 
[2026-05-17 14:05:13] local.INFO: ✅ Claimable reward created in player_rewards {"difficulty":"easy","badge_number":1,"must_claim":true} 
[2026-05-17 14:05:13] local.INFO: Badge awarded result {"badge_awarded":{"difficulty":"Easy","badge_unlocked":true,"badge_number":1,"can_claim":true,"message":"Congratulations! You've earned badge #1 for Easy difficulty! Visit the badge screen to claim it."}} 
[2026-05-17 14:05:13] local.INFO: === BATTLE RESULT SAVED SUCCESSFULLY ===  
[2026-05-17 14:05:13] local.INFO: ✅ Battle result saved to battle collection  
[2026-05-17 14:05:13] local.INFO: Skipping stats increment - loss recorded {"player_id":"6a08aba87f6f023fc50d9237","result":"lost"} 
[2026-05-17 14:05:13] local.INFO: ℹ️ Player LOST - no badges awarded  
[2026-05-17 14:05:13] local.INFO: === BATTLE RESULT SAVED SUCCESSFULLY ===  
[2026-05-17 14:40:10] local.INFO: Fetching questions {"category":"Science","difficulty":"Easy","year_level":"ALL"} 
[2026-05-17 14:40:10] local.INFO: Questions found {"count":192} 
[2026-05-17 14:40:11] local.INFO: Difficulty setting applied {"difficulty":"Easy","num_questions":10} 
[2026-05-17 14:43:54] local.INFO: Fetching questions {"category":"Science","difficulty":"Easy","year_level":"ALL"} 
[2026-05-17 14:43:55] local.INFO: Questions found {"count":192} 
[2026-05-17 14:43:55] local.INFO: Difficulty setting applied {"difficulty":"Easy","num_questions":10} 
[2026-05-17 15:50:21] local.INFO: Fetching questions {"category":"Science","difficulty":"Easy","year_level":"ALL"} 
[2026-05-17 15:50:24] local.INFO: Questions found {"count":192} 
[2026-05-17 15:50:24] local.INFO: Difficulty setting applied {"difficulty":"Easy","num_questions":10} 
[2026-05-17 16:27:53] local.INFO: Fetching questions {"category":"Science","difficulty":"Easy","year_level":"ALL"} 
[2026-05-17 16:27:53] local.INFO: Questions found {"count":192} 
[2026-05-17 16:27:53] local.INFO: Difficulty setting applied {"difficulty":"Easy","num_questions":10} 
[2026-05-17 16:39:25] local.INFO: Fetching questions {"category":"Science","difficulty":"Easy","year_level":"ALL"} 
[2026-05-17 16:39:26] local.INFO: Questions found {"count":192} 
[2026-05-17 16:39:26] local.INFO: Difficulty setting applied {"difficulty":"Easy","num_questions":10} 
[2026-05-17 23:08:33] local.INFO: Fetching questions {"category":"Science","difficulty":"Easy","year_level":"ALL"} 
[2026-05-17 23:08:33] local.INFO: Questions found {"count":192} 
[2026-05-17 23:08:33] local.INFO: Difficulty setting applied {"difficulty":"Easy","num_questions":10} 
[2026-05-17 23:11:56] local.INFO: Fetching questions {"category":"Science","difficulty":"Easy","year_level":"ALL"} 
[2026-05-17 23:11:56] local.INFO: Questions found {"count":192} 
[2026-05-17 23:11:56] local.INFO: Difficulty setting applied {"difficulty":"Easy","num_questions":10} 
[2026-05-17 23:34:06] local.INFO: Fetching questions {"category":"Science","difficulty":"Easy","year_level":"ALL"} 
[2026-05-17 23:34:06] local.INFO: Questions found {"count":192} 
[2026-05-17 23:34:06] local.INFO: Difficulty setting applied {"difficulty":"Easy","num_questions":10} 
[2026-05-17 23:35:15] local.INFO: Fetching questions {"category":"Science","difficulty":"Easy","year_level":"ALL"} 
[2026-05-17 23:35:15] local.INFO: Questions found {"count":192} 
[2026-05-17 23:35:15] local.INFO: Difficulty setting applied {"difficulty":"Easy","num_questions":10} 
[2026-05-17 23:38:35] local.INFO: === BATTLE RESULT REQUEST RECEIVED ===  
[2026-05-17 23:38:35] local.INFO: Request Data: {"player_id":"6a08aba87f6f023fc50d9237","category":"Science","difficulty_level":"Easy","player_score":0,"result":"lost","battle_id":"P50W35","questions_answered":10,"correct_answers":0} 
[2026-05-17 23:38:36] local.INFO: === BATTLE RESULT REQUEST RECEIVED ===  
[2026-05-17 23:38:36] local.INFO: Request Data: {"player_id":"6a08f9f27f6f023fc50d9244","category":"Science","difficulty_level":"Easy","player_score":0,"result":"lost","battle_id":"P50W35","questions_answered":10,"correct_answers":0} 
[2026-05-17 23:38:38] local.INFO: ✅ Validation passed {"player_id":"6a08aba87f6f023fc50d9237","category":"Science","difficulty_level":"Easy","player_score":0,"result":"lost","battle_id":"P50W35","questions_answered":10,"correct_answers":0} 
[2026-05-17 23:38:40] local.INFO: ✅ Battle result saved to battle collection  
[2026-05-17 23:38:40] local.INFO: ✅ Battle result saved to battle collection  
[2026-05-17 23:38:42] local.INFO: Skipping stats increment - loss recorded {"player_id":"6a08f9f27f6f023fc50d9244","result":"lost"} 
[2026-05-17 23:38:42] local.INFO: Skipping stats increment - loss recorded {"player_id":"6a08aba87f6f023fc50d9237","result":"lost"} 
[2026-05-17 23:38:42] local.INFO: ℹ️ Player LOST - no badges awarded  
[2026-05-17 23:38:42] local.INFO: === BATTLE RESULT SAVED SUCCESSFULLY ===  
[2026-05-17 23:38:42] local.INFO: ℹ️ Player LOST - no badges awarded  
[2026-05-17 23:38:42] local.INFO: === BATTLE RESULT SAVED SUCCESSFULLY ===  
[2026-05-17 23:48:30] local.INFO: Fetching questions {"category":"Science","difficulty":"Easy","year_level":"ALL"} 
[2026-05-17 23:48:30] local.INFO: Questions found {"count":192} 
[2026-05-17 23:48:30] local.INFO: Difficulty setting applied {"difficulty":"Easy","num_questions":10} 
[2026-05-18 01:15:38] local.INFO: Fetching questions {"category":"Science","difficulty":"Easy","year_level":"ALL"} 
[2026-05-18 01:15:38] local.INFO: Questions found {"count":192} 
[2026-05-18 01:15:38] local.INFO: Difficulty setting applied {"difficulty":"Easy","num_questions":10} 
[2026-05-18 01:18:49] local.INFO: === BATTLE RESULT REQUEST RECEIVED ===  
[2026-05-18 01:18:49] local.INFO: Request Data: {"player_id":"6a08aba87f6f023fc50d9237","category":"Science","difficulty_level":"Easy","player_score":0,"result":"lost","battle_id":"P2MGCQ","questions_answered":10,"correct_answers":0} 
[2026-05-18 01:18:49] local.INFO: ✅ Validation passed {"player_id":"6a08aba87f6f023fc50d9237","category":"Science","difficulty_level":"Easy","player_score":0,"result":"lost","battle_id":"P2MGCQ","questions_answered":10,"correct_answers":0} 
[2026-05-18 01:18:49] local.INFO: === BATTLE RESULT REQUEST RECEIVED ===  
[2026-05-18 01:18:49] local.INFO: Request Data: {"player_id":"6a08f9f27f6f023fc50d9244","category":"Science","difficulty_level":"Easy","player_score":0,"result":"lost","battle_id":"P2MGCQ","questions_answered":10,"correct_answers":0} 
[2026-05-18 01:18:49] local.INFO: ✅ Validation passed {"player_id":"6a08f9f27f6f023fc50d9244","category":"Science","difficulty_level":"Easy","player_score":0,"result":"lost","battle_id":"P2MGCQ","questions_answered":10,"correct_answers":0} 
[2026-05-18 01:18:49] local.INFO: ✅ Battle result saved to battle collection  
[2026-05-18 01:18:50] local.INFO: Skipping stats increment - loss recorded {"player_id":"6a08aba87f6f023fc50d9237","result":"lost"} 
[2026-05-18 01:18:50] local.INFO: ℹ️ Player LOST - no badges awarded  
[2026-05-18 01:18:50] local.INFO: === BATTLE RESULT SAVED SUCCESSFULLY ===  
[2026-05-18 01:18:50] local.INFO: ✅ Battle result saved to battle collection  
[2026-05-18 01:18:50] local.INFO: Skipping stats increment - loss recorded {"player_id":"6a08f9f27f6f023fc50d9244","result":"lost"} 
[2026-05-18 01:18:50] local.INFO: ℹ️ Player LOST - no badges awarded  
[2026-05-18 01:18:50] local.INFO: === BATTLE RESULT SAVED SUCCESSFULLY ===  
[2026-05-18 01:35:38] local.INFO: Leaderboard request: {"mode":"battle","limit":"50"} 
[2026-05-18 01:35:38] local.INFO: Leaderboard request: {"mode":"challenge","limit":"50"} 
[2026-05-18 01:51:57] local.INFO: Fetching questions {"category":"Science","difficulty":"Easy","year_level":"ALL"} 
[2026-05-18 01:51:58] local.INFO: Questions found {"count":192} 
[2026-05-18 01:51:58] local.INFO: Difficulty setting applied {"difficulty":"Easy","num_questions":10} 
[2026-05-18 02:25:07] local.INFO: Fetching questions {"category":"Math","difficulty":"Easy","year_level":"ALL"} 
[2026-05-18 02:25:07] local.INFO: Questions found {"count":1208} 
[2026-05-18 02:25:07] local.INFO: Difficulty setting applied {"difficulty":"Easy","num_questions":10} 
[2026-05-18 04:06:41] local.INFO: Fetching questions {"category":"Science","difficulty":"Easy","year_level":"ALL"} 
[2026-05-18 04:06:42] local.INFO: Questions found {"count":192} 
[2026-05-18 04:06:42] local.INFO: Difficulty setting applied {"difficulty":"Easy","num_questions":10} 
[2026-05-18 04:36:36] local.INFO: Fetching questions {"category":"Science","difficulty":"Easy","year_level":"ALL"} 
[2026-05-18 04:36:36] local.INFO: Questions found {"count":192} 
[2026-05-18 04:36:36] local.INFO: Difficulty setting applied {"difficulty":"Easy","num_questions":10} 
[2026-05-18 04:45:30] local.INFO: Fetching questions {"category":"Science","difficulty":"Easy","year_level":"ALL"} 
[2026-05-18 04:45:30] local.INFO: Questions found {"count":192} 
[2026-05-18 04:45:30] local.INFO: Difficulty setting applied {"difficulty":"Easy","num_questions":10} 
[2026-05-18 04:55:41] local.INFO: Fetching questions {"category":"Science","difficulty":"Easy","year_level":"ALL"} 
[2026-05-18 04:55:41] local.INFO: Questions found {"count":192} 
[2026-05-18 04:55:41] local.INFO: Difficulty setting applied {"difficulty":"Easy","num_questions":10} 
[2026-05-18 04:56:40] local.INFO: === BATTLE RESULT REQUEST RECEIVED ===  
[2026-05-18 04:56:40] local.INFO: Request Data: {"player_id":"6a08aba87f6f023fc50d9237","category":"Science","difficulty_level":"Easy","player_score":55,"result":"won","battle_id":"AYJUDF","questions_answered":10,"correct_answers":4} 
[2026-05-18 04:56:40] local.INFO: === BATTLE RESULT REQUEST RECEIVED ===  
[2026-05-18 04:56:40] local.INFO: Request Data: {"player_id":"6a08f9f27f6f023fc50d9244","category":"Science","difficulty_level":"Easy","player_score":42,"result":"lost","battle_id":"AYJUDF","questions_answered":10,"correct_answers":3} 
[2026-05-18 04:56:40] local.INFO: ✅ Validation passed {"player_id":"6a08aba87f6f023fc50d9237","category":"Science","difficulty_level":"Easy","player_score":55,"result":"won","battle_id":"AYJUDF","questions_answered":10,"correct_answers":4} 
[2026-05-18 04:56:40] local.INFO: ✅ Validation passed {"player_id":"6a08f9f27f6f023fc50d9244","category":"Science","difficulty_level":"Easy","player_score":42,"result":"lost","battle_id":"AYJUDF","questions_answered":10,"correct_answers":3} 
[2026-05-18 04:56:40] local.INFO: ✅ Battle result saved to battle collection  
[2026-05-18 04:56:41] local.INFO: Skipping stats increment - loss recorded {"player_id":"6a08f9f27f6f023fc50d9244","result":"lost"} 
[2026-05-18 04:56:41] local.INFO: ℹ️ Player LOST - no badges awarded  
[2026-05-18 04:56:41] local.INFO: === BATTLE RESULT SAVED SUCCESSFULLY ===  
[2026-05-18 04:56:41] local.INFO: ✅ Incremented stats {"player_id":"6a08aba87f6f023fc50d9237","game_type":"battle","category":"science","difficulty":"easy","new_count":2} 
[2026-05-18 04:56:41] local.INFO: 🏆 Player WON - awarding badge progress  
[2026-05-18 04:56:41] local.INFO: 🎯 Recording badge progress from battle {"player_id":"6a08aba87f6f023fc50d9237","difficulty":"easy"} 
[2026-05-18 04:56:41] local.INFO: 📊 Badge progress updated {"total_count":5,"current_in_set":2,"milestone_reached":false} 
[2026-05-18 04:56:41] local.INFO: Badge awarded result {"badge_awarded":{"difficulty":"Easy","progress":2,"remaining":1,"badge_unlocked":false,"message":"1 more battle win needed for next badge"}} 
[2026-05-18 04:56:41] local.INFO: === BATTLE RESULT SAVED SUCCESSFULLY ===  
[2026-05-18 05:06:38] local.INFO: Fetching questions {"category":"Science","difficulty":"Difficult","year_level":"ALL"} 
[2026-05-18 05:06:39] local.INFO: Questions found {"count":1498} 
[2026-05-18 05:06:39] local.INFO: Difficulty setting applied {"difficulty":"Difficult","num_questions":10} 
[2026-05-18 06:03:46] local.INFO: Fetching questions {"category":"Science","difficulty":"Difficult","year_level":"ALL"} 
[2026-05-18 06:03:46] local.INFO: Questions found {"count":1498} 
[2026-05-18 06:03:47] local.INFO: Difficulty setting applied {"difficulty":"Difficult","num_questions":10} 
[2026-05-18 06:30:07] local.INFO: Fetching questions {"category":"Science","difficulty":"Difficult","year_level":"ALL"} 
[2026-05-18 06:30:08] local.INFO: Questions found {"count":1498} 
[2026-05-18 06:30:09] local.INFO: Difficulty setting applied {"difficulty":"Difficult","num_questions":10} 
[2026-05-18 06:33:38] local.INFO: Fetching questions {"category":"Science","difficulty":"Difficult","year_level":"ALL"} 
[2026-05-18 06:33:38] local.INFO: Questions found {"count":1498} 
[2026-05-18 06:33:39] local.INFO: Difficulty setting applied {"difficulty":"Difficult","num_questions":10} 
[2026-05-18 06:37:23] local.INFO: === BATTLE RESULT REQUEST RECEIVED ===  
[2026-05-18 06:37:23] local.INFO: Request Data: {"player_id":"6a08f9f27f6f023fc50d9244","category":"Science","difficulty_level":"Difficult","player_score":0,"result":"lost","battle_id":"K9TUZQ","questions_answered":10,"correct_answers":0} 
[2026-05-18 06:37:23] local.INFO: === BATTLE RESULT REQUEST RECEIVED ===  
[2026-05-18 06:37:23] local.INFO: Request Data: {"player_id":"6a08aba87f6f023fc50d9237","category":"Science","difficulty_level":"Difficult","player_score":0,"result":"lost","battle_id":"K9TUZQ","questions_answered":10,"correct_answers":0} 
[2026-05-18 06:37:24] local.INFO: ✅ Validation passed {"player_id":"6a08f9f27f6f023fc50d9244","category":"Science","difficulty_level":"Difficult","player_score":0,"result":"lost","battle_id":"K9TUZQ","questions_answered":10,"correct_answers":0} 
[2026-05-18 06:37:24] local.INFO: ✅ Validation passed {"player_id":"6a08aba87f6f023fc50d9237","category":"Science","difficulty_level":"Difficult","player_score":0,"result":"lost","battle_id":"K9TUZQ","questions_answered":10,"correct_answers":0} 
[2026-05-18 06:37:24] local.INFO: ✅ Battle result saved to battle collection  
[2026-05-18 06:37:24] local.INFO: ✅ Battle result saved to battle collection  
[2026-05-18 06:37:24] local.INFO: Skipping stats increment - loss recorded {"player_id":"6a08f9f27f6f023fc50d9244","result":"lost"} 
[2026-05-18 06:37:24] local.INFO: Skipping stats increment - loss recorded {"player_id":"6a08aba87f6f023fc50d9237","result":"lost"} 
[2026-05-18 06:37:24] local.INFO: ℹ️ Player LOST - no badges awarded  
[2026-05-18 06:37:24] local.INFO: ℹ️ Player LOST - no badges awarded  
[2026-05-18 06:37:24] local.INFO: === BATTLE RESULT SAVED SUCCESSFULLY ===  
[2026-05-18 06:37:24] local.INFO: === BATTLE RESULT SAVED SUCCESSFULLY ===  
[2026-05-18 07:05:12] local.INFO: Fetching questions {"category":"Science","difficulty":"Difficult","year_level":"ALL"} 
[2026-05-18 07:05:13] local.INFO: Questions found {"count":1498} 
[2026-05-18 07:05:13] local.INFO: Difficulty setting applied {"difficulty":"Difficult","num_questions":10} 
[2026-05-18 07:14:40] local.INFO: Fetching questions {"category":"Science","difficulty":"Difficult","year_level":"ALL"} 
[2026-05-18 07:14:40] local.INFO: Questions found {"count":1498} 
[2026-05-18 07:14:40] local.INFO: Difficulty setting applied {"difficulty":"Difficult","num_questions":10} 
[2026-05-18 07:30:06] local.INFO: Fetching questions {"category":"Science","difficulty":"Difficult","year_level":"ALL"} 
[2026-05-18 07:30:06] local.INFO: Questions found {"count":1498} 
[2026-05-18 07:30:06] local.INFO: Difficulty setting applied {"difficulty":"Difficult","num_questions":10} 
[2026-05-18 07:44:32] local.INFO: Fetching questions {"category":"Science","difficulty":"Difficult","year_level":"ALL"} 
[2026-05-18 07:44:32] local.INFO: Questions found {"count":1498} 
[2026-05-18 07:44:32] local.INFO: Difficulty setting applied {"difficulty":"Difficult","num_questions":10} 
[2026-05-18 07:50:31] local.INFO: Fetching questions {"category":"Science","difficulty":"Easy","year_level":"ALL"} 
[2026-05-18 07:50:32] local.INFO: Questions found {"count":192} 
[2026-05-18 07:50:32] local.INFO: Difficulty setting applied {"difficulty":"Easy","num_questions":10} 
[2026-05-18 08:15:48] local.INFO: Fetching questions {"category":"Science","difficulty":"Difficult","year_level":"ALL"} 
[2026-05-18 08:15:48] local.INFO: Questions found {"count":1498} 
[2026-05-18 08:15:48] local.INFO: Difficulty setting applied {"difficulty":"Difficult","num_questions":10} 
[2026-05-18 09:00:48] local.INFO: Fetching questions {"category":"Science","difficulty":"Difficult","year_level":"ALL"} 
[2026-05-18 09:00:48] local.INFO: Questions found {"count":1498} 
[2026-05-18 09:00:48] local.INFO: Difficulty setting applied {"difficulty":"Difficult","num_questions":10} 
[2026-05-18 09:51:49] local.INFO: Fetching questions {"category":"Science","difficulty":"Difficult","year_level":"ALL"} 
[2026-05-18 09:51:50] local.INFO: Questions found {"count":1498} 
[2026-05-18 09:51:50] local.INFO: Difficulty setting applied {"difficulty":"Difficult","num_questions":10} 
[2026-05-18 10:28:05] local.INFO: Fetching questions {"category":"Science","difficulty":"Difficult","year_level":"ALL"} 
[2026-05-18 10:28:06] local.INFO: Questions found {"count":1498} 
[2026-05-18 10:28:06] local.INFO: Difficulty setting applied {"difficulty":"Difficult","num_questions":10} 
[2026-05-18 10:29:21] local.INFO: Fetching questions {"category":"Science","difficulty":"Difficult","year_level":"ALL"} 
[2026-05-18 10:29:21] local.INFO: Questions found {"count":1498} 
[2026-05-18 10:29:21] local.INFO: Difficulty setting applied {"difficulty":"Difficult","num_questions":10} 
[2026-05-18 10:30:22] local.INFO: Fetching questions {"category":"Science","difficulty":"Difficult","year_level":"ALL"} 
[2026-05-18 10:30:22] local.INFO: Questions found {"count":1498} 
[2026-05-18 10:30:22] local.INFO: Difficulty setting applied {"difficulty":"Difficult","num_questions":10} 
[2026-05-18 11:10:42] local.INFO: Fetching questions {"category":"Science","difficulty":"Difficult","year_level":"ALL"} 
[2026-05-18 11:10:42] local.INFO: Questions found {"count":1498} 
[2026-05-18 11:10:42] local.INFO: Difficulty setting applied {"difficulty":"Difficult","num_questions":10} 
[2026-05-18 12:28:53] local.INFO: Fetching questions {"category":"Science","difficulty":"Difficult","year_level":"ALL"} 
[2026-05-18 12:28:54] local.INFO: Questions found {"count":1498} 
[2026-05-18 12:28:54] local.INFO: Difficulty setting applied {"difficulty":"Difficult","num_questions":10} 
[2026-05-18 12:32:08] local.INFO: Fetching questions {"category":"Science","difficulty":"Difficult","year_level":"ALL"} 
[2026-05-18 12:32:08] local.INFO: Questions found {"count":1498} 
[2026-05-18 12:32:08] local.INFO: Difficulty setting applied {"difficulty":"Difficult","num_questions":10} 
[2026-05-18 12:35:24] local.INFO: === BATTLE RESULT REQUEST RECEIVED ===  
[2026-05-18 12:35:24] local.INFO: Request Data: {"player_id":"6a0b069c470baa591703eac9","category":"Science","difficulty_level":"Difficult","player_score":0,"result":"lost","battle_id":"A47H35","questions_answered":10,"correct_answers":0} 
[2026-05-18 12:35:24] local.INFO: Request Data: {"player_id":"6a0b065f470baa591703eac8","category":"Science","difficulty_level":"Difficult","player_score":0,"result":"lost","battle_id":"A47H35","questions_answered":10,"correct_answers":0} 
[2026-05-18 12:35:24] local.INFO: ✅ Validation passed {"player_id":"6a0b069c470baa591703eac9","category":"Science","difficulty_level":"Difficult","player_score":0,"result":"lost","battle_id":"A47H35","questions_answered":10,"correct_answers":0} 
[2026-05-18 12:35:24] local.INFO: ✅ Validation passed {"player_id":"6a0b065f470baa591703eac8","category":"Science","difficulty_level":"Difficult","player_score":0,"result":"lost","battle_id":"A47H35","questions_answered":10,"correct_answers":0} 
[2026-05-18 12:35:25] local.INFO: ✅ Battle result saved to battle collection  
[2026-05-18 12:35:26] local.INFO: Skipping player_stats creation - no win to record {"player_id":"6a0b065f470baa591703eac8","game_type":"battle","result":"lost"} 
[2026-05-18 12:35:26] local.INFO: ℹ️ Player LOST - no badges awarded  
[2026-05-18 12:35:26] local.INFO: Skipping player_stats creation - no win to record {"player_id":"6a0b069c470baa591703eac9","game_type":"battle","result":"lost"} 
[2026-05-18 12:35:26] local.INFO: ℹ️ Player LOST - no badges awarded  
[2026-05-18 12:35:26] local.INFO: === BATTLE RESULT SAVED SUCCESSFULLY ===  
[2026-05-18 12:35:26] local.INFO: === BATTLE RESULT SAVED SUCCESSFULLY ===  
[2026-05-18 12:37:19] local.INFO: Fetching questions {"category":"Science","difficulty":"Difficult","year_level":"ALL"} 
[2026-05-18 12:37:19] local.INFO: Questions found {"count":1498} 
[2026-05-18 12:37:20] local.INFO: Difficulty setting applied {"difficulty":"Difficult","num_questions":10} 
[2026-05-18 13:15:48] local.INFO: Fetching questions {"category":"Science","difficulty":"Difficult","year_level":"ALL"} 
[2026-05-18 13:15:48] local.INFO: Questions found {"count":1498} 
[2026-05-18 13:15:48] local.INFO: Difficulty setting applied {"difficulty":"Difficult","num_questions":10} 
[2026-05-18 13:39:27] local.INFO: Fetching questions {"category":"Science","difficulty":"Difficult","year_level":"ALL"} 
[2026-05-18 13:39:27] local.INFO: Questions found {"count":1498} 
[2026-05-18 13:39:27] local.INFO: Difficulty setting applied {"difficulty":"Difficult","num_questions":10} 
[2026-05-18 13:42:38] local.INFO: === BATTLE RESULT REQUEST RECEIVED ===  
[2026-05-18 13:42:38] local.INFO: Request Data: {"player_id":"6a0b065f470baa591703eac8","category":"Science","difficulty_level":"Difficult","player_score":0,"result":"lost","battle_id":"JMP3RS","questions_answered":10,"correct_answers":0} 
[2026-05-18 13:42:38] local.INFO: === BATTLE RESULT REQUEST RECEIVED ===  
[2026-05-18 13:42:38] local.INFO: Request Data: {"player_id":"6a0b069c470baa591703eac9","category":"Science","difficulty_level":"Difficult","player_score":0,"result":"lost","battle_id":"JMP3RS","questions_answered":10,"correct_answers":0} 
[2026-05-18 13:42:38] local.INFO: ✅ Validation passed {"player_id":"6a0b069c470baa591703eac9","category":"Science","difficulty_level":"Difficult","player_score":0,"result":"lost","battle_id":"JMP3RS","questions_answered":10,"correct_answers":0} 
[2026-05-18 13:42:38] local.INFO: ✅ Validation passed {"player_id":"6a0b065f470baa591703eac8","category":"Science","difficulty_level":"Difficult","player_score":0,"result":"lost","battle_id":"JMP3RS","questions_answered":10,"correct_answers":0} 
[2026-05-18 13:42:38] local.INFO: ✅ Battle result saved to battle collection  
[2026-05-18 13:42:38] local.INFO: ✅ Battle result saved to battle collection  
[2026-05-18 13:42:38] local.INFO: Skipping player_stats creation - no win to record {"player_id":"6a0b065f470baa591703eac8","game_type":"battle","result":"lost"} 
[2026-05-18 13:42:38] local.INFO: ℹ️ Player LOST - no badges awarded  
[2026-05-18 13:42:38] local.INFO: ℹ️ Player LOST - no badges awarded  
[2026-05-18 13:42:38] local.INFO: === BATTLE RESULT SAVED SUCCESSFULLY ===  
[2026-05-18 13:42:38] local.INFO: === BATTLE RESULT SAVED SUCCESSFULLY ===  
[2026-05-18 13:54:51] local.INFO: Fetching questions {"category":"Science","difficulty":"Difficult","year_level":"ALL"} 
[2026-05-18 13:54:51] local.INFO: Questions found {"count":1498} 
[2026-05-18 13:54:51] local.INFO: Difficulty setting applied {"difficulty":"Difficult","num_questions":10} 
[2026-05-18 14:04:36] local.INFO: Fetching questions {"category":"Science","difficulty":"Difficult","year_level":"ALL"} 
[2026-05-18 14:04:36] local.INFO: Questions found {"count":1498} 
[2026-05-18 14:04:36] local.INFO: Difficulty setting applied {"difficulty":"Difficult","num_questions":10} 
[2026-05-18 15:39:25] local.INFO: Leaderboard request: {"mode":"battle","limit":"50"} 
[2026-05-18 15:39:26] local.INFO: Leaderboard request: {"mode":"challenge","limit":"50"} 
[2026-05-18 15:42:39] local.INFO: Created new player_stats record {"player_id":"6a0b069c470baa591703eac9","game_type":"memory_match"} 
[2026-05-18 15:43:12] local.INFO: Leaderboard request: {"mode":"challenge","limit":"50"} 
[2026-05-18 15:43:18] local.INFO: Leaderboard request: {"mode":"battle","limit":"50"} 
[2026-05-18 16:10:34] local.INFO: Leaderboard request: {"mode":"challenge","limit":"50"} 
[2026-05-18 16:10:39] local.INFO: Leaderboard request: {"mode":"battle","limit":"50"} 
[2026-05-18 16:11:25] local.INFO: Fetching questions {"category":"Science","difficulty":"Difficult","year_level":"ALL"} 
[2026-05-18 16:11:26] local.INFO: Questions found {"count":1498} 
[2026-05-18 16:11:26] local.INFO: Difficulty setting applied {"difficulty":"Difficult","num_questions":10} 
[2026-05-18 16:13:09] local.INFO: === BATTLE RESULT REQUEST RECEIVED ===  
[2026-05-18 16:13:09] local.INFO: === BATTLE RESULT REQUEST RECEIVED ===  
[2026-05-18 16:13:09] local.INFO: Request Data: {"player_id":"6a0b065f470baa591703eac8","category":"Science","difficulty_level":"Difficult","player_score":11,"result":"lost","battle_id":"RDF2RN","questions_answered":10,"correct_answers":1} 
[2026-05-18 16:13:09] local.INFO: Request Data: {"player_id":"6a0b069c470baa591703eac9","category":"Science","difficulty_level":"Difficult","player_score":47,"result":"won","battle_id":"RDF2RN","questions_answered":10,"correct_answers":4} 
[2026-05-18 16:13:09] local.INFO: ✅ Validation passed {"player_id":"6a0b065f470baa591703eac8","category":"Science","difficulty_level":"Difficult","player_score":11,"result":"lost","battle_id":"RDF2RN","questions_answered":10,"correct_answers":1} 
[2026-05-18 16:13:09] local.INFO: ✅ Validation passed {"player_id":"6a0b069c470baa591703eac9","category":"Science","difficulty_level":"Difficult","player_score":47,"result":"won","battle_id":"RDF2RN","questions_answered":10,"correct_answers":4} 
[2026-05-18 16:13:09] local.INFO: ✅ Battle result saved to battle collection  
[2026-05-18 16:13:09] local.INFO: ✅ Battle result saved to battle collection  
[2026-05-18 16:13:10] local.INFO: Skipping player_stats creation - no win to record {"player_id":"6a0b065f470baa591703eac8","game_type":"battle","result":"lost"} 
[2026-05-18 16:13:10] local.INFO: ℹ️ Player LOST - no badges awarded  
[2026-05-18 16:13:10] local.INFO: === BATTLE RESULT SAVED SUCCESSFULLY ===  
[2026-05-18 16:13:10] local.INFO: ✅ Incremented stats {"player_id":"6a0b069c470baa591703eac9","game_type":"battle","category":"science","difficulty":"difficult","new_count":1} 
[2026-05-18 16:13:10] local.INFO: 🏆 Player WON - awarding badge progress  
[2026-05-18 16:13:10] local.INFO: 🎯 Recording badge progress from battle {"player_id":"6a0b069c470baa591703eac9","difficulty":"difficult"} 
[2026-05-18 16:13:10] local.INFO: 📊 Badge progress updated {"total_count":1,"current_in_set":1,"milestone_reached":false} 
[2026-05-18 16:13:10] local.INFO: Badge awarded result {"badge_awarded":{"difficulty":"Difficult","progress":1,"remaining":2,"badge_unlocked":false,"message":"2 more battle wins needed for next badge"}} 
[2026-05-18 16:13:10] local.INFO: === BATTLE RESULT SAVED SUCCESSFULLY ===  
[2026-05-18 16:13:37] local.INFO: Leaderboard request: {"mode":"battle","limit":"50"} 
[2026-05-18 16:13:38] local.INFO: Leaderboard request: {"mode":"challenge","limit":"50"} 
[2026-05-18 16:14:46] local.INFO: ✅ Incremented stats {"player_id":"6a0b069c470baa591703eac9","game_type":"puzzle","category":"solar system","difficulty":"easy","new_count":1} 
[2026-05-18 16:18:16] local.INFO: Leaderboard request: {"mode":"challenge","limit":"50"} 
[2026-05-18 16:18:16] local.INFO: Leaderboard request: {"mode":"battle","limit":"50"} 
[2026-05-18 16:37:10] local.ERROR: Target class [Database\Seeders\LeaderboardDataSeeder] does not exist. {"exception":"[object] (Illuminate\\Contracts\\Container\\BindingResolutionException(code: 0): Target class [Database\\Seeders\\LeaderboardDataSeeder] does not exist. at C:\\laragon\\www\\api\\vendor\\laravel\\framework\\src\\Illuminate\\Container\\Container.php:1163)
[stacktrace]
#0 C:\\laragon\\www\\api\\vendor\\laravel\\framework\\src\\Illuminate\\Container\\Container.php(972): Illuminate\\Container\\Container->build('Database\\\\Seeder...')
#1 C:\\laragon\\www\\api\\vendor\\laravel\\framework\\src\\Illuminate\\Foundation\\Application.php(1078): Illuminate\\Container\\Container->resolve('Database\\\\Seeder...', Array, true)
#2 C:\\laragon\\www\\api\\vendor\\laravel\\framework\\src\\Illuminate\\Container\\Container.php(903): Illuminate\\Foundation\\Application->resolve('Database\\\\Seeder...', Array)
#3 C:\\laragon\\www\\api\\vendor\\laravel\\framework\\src\\Illuminate\\Foundation\\Application.php(1058): Illuminate\\Container\\Container->make('Database\\\\Seeder...', Array)
#4 C:\\laragon\\www\\api\\vendor\\laravel\\framework\\src\\Illuminate\\Database\\Console\\Seeds\\SeedCommand.php(99): Illuminate\\Foundation\\Application->make('Database\\\\Seeder...')
#5 C:\\laragon\\www\\api\\vendor\\laravel\\framework\\src\\Illuminate\\Database\\Console\\Seeds\\SeedCommand.php(71): Illuminate\\Database\\Console\\Seeds\\SeedCommand->getSeeder()
#6 C:\\laragon\\www\\api\\vendor\\laravel\\framework\\src\\Illuminate\\Database\\Eloquent\\Concerns\\GuardsAttributes.php(157): Illuminate\\Database\\Console\\Seeds\\SeedCommand->Illuminate\\Database\\Console\\Seeds\\{closure}()
#7 C:\\laragon\\www\\api\\vendor\\laravel\\framework\\src\\Illuminate\\Database\\Console\\Seeds\\SeedCommand.php(70): Illuminate\\Database\\Eloquent\\Model::unguarded(Object(Closure))
#8 C:\\laragon\\www\\api\\vendor\\laravel\\framework\\src\\Illuminate\\Container\\BoundMethod.php(36): Illuminate\\Database\\Console\\Seeds\\SeedCommand->handle()
#9 C:\\laragon\\www\\api\\vendor\\laravel\\framework\\src\\Illuminate\\Container\\Util.php(43): Illuminate\\Container\\BoundMethod::Illuminate\\Container\\{closure}()
#10 C:\\laragon\\www\\api\\vendor\\laravel\\framework\\src\\Illuminate\\Container\\BoundMethod.php(96): Illuminate\\Container\\Util::unwrapIfClosure(Object(Closure))
#11 C:\\laragon\\www\\api\\vendor\\laravel\\framework\\src\\Illuminate\\Container\\BoundMethod.php(35): Illuminate\\Container\\BoundMethod::callBoundMethod(Object(Illuminate\\Foundation\\Application), Array, Object(Closure))
#12 C:\\laragon\\www\\api\\vendor\\laravel\\framework\\src\\Illuminate\\Container\\Container.php(836): Illuminate\\Container\\BoundMethod::call(Object(Illuminate\\Foundation\\Application), Array, Array, NULL)
#13 C:\\laragon\\www\\api\\vendor\\laravel\\framework\\src\\Illuminate\\Console\\Command.php(211): Illuminate\\Container\\Container->call(Array)
#14 C:\\laragon\\www\\api\\vendor\\symfony\\console\\Command\\Command.php(318): Illuminate\\Console\\Command->execute(Object(Symfony\\Component\\Console\\Input\\ArgvInput), Object(Illuminate\\Console\\OutputStyle))
#15 C:\\laragon\\www\\api\\vendor\\laravel\\framework\\src\\Illuminate\\Console\\Command.php(180): Symfony\\Component\\Console\\Command\\Command->run(Object(Symfony\\Component\\Console\\Input\\ArgvInput), Object(Illuminate\\Console\\OutputStyle))
#16 C:\\laragon\\www\\api\\vendor\\symfony\\console\\Application.php(1073): Illuminate\\Console\\Command->run(Object(Symfony\\Component\\Console\\Input\\ArgvInput), Object(Symfony\\Component\\Console\\Output\\ConsoleOutput))
#17 C:\\laragon\\www\\api\\vendor\\symfony\\console\\Application.php(356): Symfony\\Component\\Console\\Application->doRunCommand(Object(Illuminate\\Database\\Console\\Seeds\\SeedCommand), Object(Symfony\\Component\\Console\\Input\\ArgvInput), Object(Symfony\\Component\\Console\\Output\\ConsoleOutput))
#18 C:\\laragon\\www\\api\\vendor\\symfony\\console\\Application.php(195): Symfony\\Component\\Console\\Application->doRun(Object(Symfony\\Component\\Console\\Input\\ArgvInput), Object(Symfony\\Component\\Console\\Output\\ConsoleOutput))
#19 C:\\laragon\\www\\api\\vendor\\laravel\\framework\\src\\Illuminate\\Foundation\\Console\\Kernel.php(197): Symfony\\Component\\Console\\Application->run(Object(Symfony\\Component\\Console\\Input\\ArgvInput), Object(Symfony\\Component\\Console\\Output\\ConsoleOutput))
#20 C:\\laragon\\www\\api\\vendor\\laravel\\framework\\src\\Illuminate\\Foundation\\Application.php(1235): Illuminate\\Foundation\\Console\\Kernel->handle(Object(Symfony\\Component\\Console\\Input\\ArgvInput), Object(Symfony\\Component\\Console\\Output\\ConsoleOutput))
#21 C:\\laragon\\www\\api\\artisan(16): Illuminate\\Foundation\\Application->handleCommand(Object(Symfony\\Component\\Console\\Input\\ArgvInput))
#22 {main}

[previous exception] [object] (ReflectionException(code: -1): Class \"Database\\Seeders\\LeaderboardDataSeeder\" does not exist at C:\\laragon\\www\\api\\vendor\\laravel\\framework\\src\\Illuminate\\Container\\Container.php:1161)
[stacktrace]
#0 C:\\laragon\\www\\api\\vendor\\laravel\\framework\\src\\Illuminate\\Container\\Container.php(1161): ReflectionClass->__construct('Database\\\\Seeder...')
#1 C:\\laragon\\www\\api\\vendor\\laravel\\framework\\src\\Illuminate\\Container\\Container.php(972): Illuminate\\Container\\Container->build('Database\\\\Seeder...')
#2 C:\\laragon\\www\\api\\vendor\\laravel\\framework\\src\\Illuminate\\Foundation\\Application.php(1078): Illuminate\\Container\\Container->resolve('Database\\\\Seeder...', Array, true)
#3 C:\\laragon\\www\\api\\vendor\\laravel\\framework\\src\\Illuminate\\Container\\Container.php(903): Illuminate\\Foundation\\Application->resolve('Database\\\\Seeder...', Array)
#4 C:\\laragon\\www\\api\\vendor\\laravel\\framework\\src\\Illuminate\\Foundation\\Application.php(1058): Illuminate\\Container\\Container->make('Database\\\\Seeder...', Array)
#5 C:\\laragon\\www\\api\\vendor\\laravel\\framework\\src\\Illuminate\\Database\\Console\\Seeds\\SeedCommand.php(99): Illuminate\\Foundation\\Application->make('Database\\\\Seeder...')
#6 C:\\laragon\\www\\api\\vendor\\laravel\\framework\\src\\Illuminate\\Database\\Console\\Seeds\\SeedCommand.php(71): Illuminate\\Database\\Console\\Seeds\\SeedCommand->getSeeder()
#7 C:\\laragon\\www\\api\\vendor\\laravel\\framework\\src\\Illuminate\\Database\\Eloquent\\Concerns\\GuardsAttributes.php(157): Illuminate\\Database\\Console\\Seeds\\SeedCommand->Illuminate\\Database\\Console\\Seeds\\{closure}()
#8 C:\\laragon\\www\\api\\vendor\\laravel\\framework\\src\\Illuminate\\Database\\Console\\Seeds\\SeedCommand.php(70): Illuminate\\Database\\Eloquent\\Model::unguarded(Object(Closure))
#9 C:\\laragon\\www\\api\\vendor\\laravel\\framework\\src\\Illuminate\\Container\\BoundMethod.php(36): Illuminate\\Database\\Console\\Seeds\\SeedCommand->handle()
#10 C:\\laragon\\www\\api\\vendor\\laravel\\framework\\src\\Illuminate\\Container\\Util.php(43): Illuminate\\Container\\BoundMethod::Illuminate\\Container\\{closure}()
#11 C:\\laragon\\www\\api\\vendor\\laravel\\framework\\src\\Illuminate\\Container\\BoundMethod.php(96): Illuminate\\Container\\Util::unwrapIfClosure(Object(Closure))
#12 C:\\laragon\\www\\api\\vendor\\laravel\\framework\\src\\Illuminate\\Container\\BoundMethod.php(35): Illuminate\\Container\\BoundMethod::callBoundMethod(Object(Illuminate\\Foundation\\Application), Array, Object(Closure))
#13 C:\\laragon\\www\\api\\vendor\\laravel\\framework\\src\\Illuminate\\Container\\Container.php(836): Illuminate\\Container\\BoundMethod::call(Object(Illuminate\\Foundation\\Application), Array, Array, NULL)
#14 C:\\laragon\\www\\api\\vendor\\laravel\\framework\\src\\Illuminate\\Console\\Command.php(211): Illuminate\\Container\\Container->call(Array)
#15 C:\\laragon\\www\\api\\vendor\\symfony\\console\\Command\\Command.php(318): Illuminate\\Console\\Command->execute(Object(Symfony\\Component\\Console\\Input\\ArgvInput), Object(Illuminate\\Console\\OutputStyle))
#16 C:\\laragon\\www\\api\\vendor\\laravel\\framework\\src\\Illuminate\\Console\\Command.php(180): Symfony\\Component\\Console\\Command\\Command->run(Object(Symfony\\Component\\Console\\Input\\ArgvInput), Object(Illuminate\\Console\\OutputStyle))
#17 C:\\laragon\\www\\api\\vendor\\symfony\\console\\Application.php(1073): Illuminate\\Console\\Command->run(Object(Symfony\\Component\\Console\\Input\\ArgvInput), Object(Symfony\\Component\\Console\\Output\\ConsoleOutput))
#18 C:\\laragon\\www\\api\\vendor\\symfony\\console\\Application.php(356): Symfony\\Component\\Console\\Application->doRunCommand(Object(Illuminate\\Database\\Console\\Seeds\\SeedCommand), Object(Symfony\\Component\\Console\\Input\\ArgvInput), Object(Symfony\\Component\\Console\\Output\\ConsoleOutput))
#19 C:\\laragon\\www\\api\\vendor\\symfony\\console\\Application.php(195): Symfony\\Component\\Console\\Application->doRun(Object(Symfony\\Component\\Console\\Input\\ArgvInput), Object(Symfony\\Component\\Console\\Output\\ConsoleOutput))
#20 C:\\laragon\\www\\api\\vendor\\laravel\\framework\\src\\Illuminate\\Foundation\\Console\\Kernel.php(197): Symfony\\Component\\Console\\Application->run(Object(Symfony\\Component\\Console\\Input\\ArgvInput), Object(Symfony\\Component\\Console\\Output\\ConsoleOutput))
#21 C:\\laragon\\www\\api\\vendor\\laravel\\framework\\src\\Illuminate\\Foundation\\Application.php(1235): Illuminate\\Foundation\\Console\\Kernel->handle(Object(Symfony\\Component\\Console\\Input\\ArgvInput), Object(Symfony\\Component\\Console\\Output\\ConsoleOutput))
#22 C:\\laragon\\www\\api\\artisan(16): Illuminate\\Foundation\\Application->handleCommand(Object(Symfony\\Component\\Console\\Input\\ArgvInput))
#23 {main}
"} 
[2026-05-18 16:38:21] local.ERROR: Target class [DatabaseSeeder] does not exist. {"exception":"[object] (Illuminate\\Contracts\\Container\\BindingResolutionException(code: 0): Target class [DatabaseSeeder] does not exist. at C:\\laragon\\www\\api\\vendor\\laravel\\framework\\src\\Illuminate\\Container\\Container.php:1163)
[stacktrace]
#0 C:\\laragon\\www\\api\\vendor\\laravel\\framework\\src\\Illuminate\\Container\\Container.php(972): Illuminate\\Container\\Container->build('DatabaseSeeder')
#1 C:\\laragon\\www\\api\\vendor\\laravel\\framework\\src\\Illuminate\\Foundation\\Application.php(1078): Illuminate\\Container\\Container->resolve('DatabaseSeeder', Array, true)
#2 C:\\laragon\\www\\api\\vendor\\laravel\\framework\\src\\Illuminate\\Container\\Container.php(903): Illuminate\\Foundation\\Application->resolve('DatabaseSeeder', Array)
#3 C:\\laragon\\www\\api\\vendor\\laravel\\framework\\src\\Illuminate\\Foundation\\Application.php(1058): Illuminate\\Container\\Container->make('DatabaseSeeder', Array)
#4 C:\\laragon\\www\\api\\vendor\\laravel\\framework\\src\\Illuminate\\Database\\Console\\Seeds\\SeedCommand.php(99): Illuminate\\Foundation\\Application->make('DatabaseSeeder')
#5 C:\\laragon\\www\\api\\vendor\\laravel\\framework\\src\\Illuminate\\Database\\Console\\Seeds\\SeedCommand.php(71): Illuminate\\Database\\Console\\Seeds\\SeedCommand->getSeeder()
#6 C:\\laragon\\www\\api\\vendor\\laravel\\framework\\src\\Illuminate\\Database\\Eloquent\\Concerns\\GuardsAttributes.php(157): Illuminate\\Database\\Console\\Seeds\\SeedCommand->Illuminate\\Database\\Console\\Seeds\\{closure}()
#7 C:\\laragon\\www\\api\\vendor\\laravel\\framework\\src\\Illuminate\\Database\\Console\\Seeds\\SeedCommand.php(70): Illuminate\\Database\\Eloquent\\Model::unguarded(Object(Closure))
#8 C:\\laragon\\www\\api\\vendor\\laravel\\framework\\src\\Illuminate\\Container\\BoundMethod.php(36): Illuminate\\Database\\Console\\Seeds\\SeedCommand->handle()
#9 C:\\laragon\\www\\api\\vendor\\laravel\\framework\\src\\Illuminate\\Container\\Util.php(43): Illuminate\\Container\\BoundMethod::Illuminate\\Container\\{closure}()
#10 C:\\laragon\\www\\api\\vendor\\laravel\\framework\\src\\Illuminate\\Container\\BoundMethod.php(96): Illuminate\\Container\\Util::unwrapIfClosure(Object(Closure))
#11 C:\\laragon\\www\\api\\vendor\\laravel\\framework\\src\\Illuminate\\Container\\BoundMethod.php(35): Illuminate\\Container\\BoundMethod::callBoundMethod(Object(Illuminate\\Foundation\\Application), Array, Object(Closure))
#12 C:\\laragon\\www\\api\\vendor\\laravel\\framework\\src\\Illuminate\\Container\\Container.php(836): Illuminate\\Container\\BoundMethod::call(Object(Illuminate\\Foundation\\Application), Array, Array, NULL)
#13 C:\\laragon\\www\\api\\vendor\\laravel\\framework\\src\\Illuminate\\Console\\Command.php(211): Illuminate\\Container\\Container->call(Array)
#14 C:\\laragon\\www\\api\\vendor\\symfony\\console\\Command\\Command.php(318): Illuminate\\Console\\Command->execute(Object(Symfony\\Component\\Console\\Input\\ArgvInput), Object(Illuminate\\Console\\OutputStyle))
#15 C:\\laragon\\www\\api\\vendor\\laravel\\framework\\src\\Illuminate\\Console\\Command.php(180): Symfony\\Component\\Console\\Command\\Command->run(Object(Symfony\\Component\\Console\\Input\\ArgvInput), Object(Illuminate\\Console\\OutputStyle))
#16 C:\\laragon\\www\\api\\vendor\\symfony\\console\\Application.php(1073): Illuminate\\Console\\Command->run(Object(Symfony\\Component\\Console\\Input\\ArgvInput), Object(Symfony\\Component\\Console\\Output\\ConsoleOutput))
#17 C:\\laragon\\www\\api\\vendor\\symfony\\console\\Application.php(356): Symfony\\Component\\Console\\Application->doRunCommand(Object(Illuminate\\Database\\Console\\Seeds\\SeedCommand), Object(Symfony\\Component\\Console\\Input\\ArgvInput), Object(Symfony\\Component\\Console\\Output\\ConsoleOutput))
#18 C:\\laragon\\www\\api\\vendor\\symfony\\console\\Application.php(195): Symfony\\Component\\Console\\Application->doRun(Object(Symfony\\Component\\Console\\Input\\ArgvInput), Object(Symfony\\Component\\Console\\Output\\ConsoleOutput))
#19 C:\\laragon\\www\\api\\vendor\\laravel\\framework\\src\\Illuminate\\Foundation\\Console\\Kernel.php(197): Symfony\\Component\\Console\\Application->run(Object(Symfony\\Component\\Console\\Input\\ArgvInput), Object(Symfony\\Component\\Console\\Output\\ConsoleOutput))
#20 C:\\laragon\\www\\api\\vendor\\laravel\\framework\\src\\Illuminate\\Foundation\\Application.php(1235): Illuminate\\Foundation\\Console\\Kernel->handle(Object(Symfony\\Component\\Console\\Input\\ArgvInput), Object(Symfony\\Component\\Console\\Output\\ConsoleOutput))
#21 C:\\laragon\\www\\api\\artisan(16): Illuminate\\Foundation\\Application->handleCommand(Object(Symfony\\Component\\Console\\Input\\ArgvInput))
#22 {main}

[previous exception] [object] (ReflectionException(code: -1): Class \"DatabaseSeeder\" does not exist at C:\\laragon\\www\\api\\vendor\\laravel\\framework\\src\\Illuminate\\Container\\Container.php:1161)
[stacktrace]
#0 C:\\laragon\\www\\api\\vendor\\laravel\\framework\\src\\Illuminate\\Container\\Container.php(1161): ReflectionClass->__construct('DatabaseSeeder')
#1 C:\\laragon\\www\\api\\vendor\\laravel\\framework\\src\\Illuminate\\Container\\Container.php(972): Illuminate\\Container\\Container->build('DatabaseSeeder')
#2 C:\\laragon\\www\\api\\vendor\\laravel\\framework\\src\\Illuminate\\Foundation\\Application.php(1078): Illuminate\\Container\\Container->resolve('DatabaseSeeder', Array, true)
#3 C:\\laragon\\www\\api\\vendor\\laravel\\framework\\src\\Illuminate\\Container\\Container.php(903): Illuminate\\Foundation\\Application->resolve('DatabaseSeeder', Array)
#4 C:\\laragon\\www\\api\\vendor\\laravel\\framework\\src\\Illuminate\\Foundation\\Application.php(1058): Illuminate\\Container\\Container->make('DatabaseSeeder', Array)
#5 C:\\laragon\\www\\api\\vendor\\laravel\\framework\\src\\Illuminate\\Database\\Console\\Seeds\\SeedCommand.php(99): Illuminate\\Foundation\\Application->make('DatabaseSeeder')
#6 C:\\laragon\\www\\api\\vendor\\laravel\\framework\\src\\Illuminate\\Database\\Console\\Seeds\\SeedCommand.php(71): Illuminate\\Database\\Console\\Seeds\\SeedCommand->getSeeder()
#7 C:\\laragon\\www\\api\\vendor\\laravel\\framework\\src\\Illuminate\\Database\\Eloquent\\Concerns\\GuardsAttributes.php(157): Illuminate\\Database\\Console\\Seeds\\SeedCommand->Illuminate\\Database\\Console\\Seeds\\{closure}()
#8 C:\\laragon\\www\\api\\vendor\\laravel\\framework\\src\\Illuminate\\Database\\Console\\Seeds\\SeedCommand.php(70): Illuminate\\Database\\Eloquent\\Model::unguarded(Object(Closure))
#9 C:\\laragon\\www\\api\\vendor\\laravel\\framework\\src\\Illuminate\\Container\\BoundMethod.php(36): Illuminate\\Database\\Console\\Seeds\\SeedCommand->handle()
#10 C:\\laragon\\www\\api\\vendor\\laravel\\framework\\src\\Illuminate\\Container\\Util.php(43): Illuminate\\Container\\BoundMethod::Illuminate\\Container\\{closure}()
#11 C:\\laragon\\www\\api\\vendor\\laravel\\framework\\src\\Illuminate\\Container\\BoundMethod.php(96): Illuminate\\Container\\Util::unwrapIfClosure(Object(Closure))
#12 C:\\laragon\\www\\api\\vendor\\laravel\\framework\\src\\Illuminate\\Container\\BoundMethod.php(35): Illuminate\\Container\\BoundMethod::callBoundMethod(Object(Illuminate\\Foundation\\Application), Array, Object(Closure))
#13 C:\\laragon\\www\\api\\vendor\\laravel\\framework\\src\\Illuminate\\Container\\Container.php(836): Illuminate\\Container\\BoundMethod::call(Object(Illuminate\\Foundation\\Application), Array, Array, NULL)
#14 C:\\laragon\\www\\api\\vendor\\laravel\\framework\\src\\Illuminate\\Console\\Command.php(211): Illuminate\\Container\\Container->call(Array)
#15 C:\\laragon\\www\\api\\vendor\\symfony\\console\\Command\\Command.php(318): Illuminate\\Console\\Command->execute(Object(Symfony\\Component\\Console\\Input\\ArgvInput), Object(Illuminate\\Console\\OutputStyle))
#16 C:\\laragon\\www\\api\\vendor\\laravel\\framework\\src\\Illuminate\\Console\\Command.php(180): Symfony\\Component\\Console\\Command\\Command->run(Object(Symfony\\Component\\Console\\Input\\ArgvInput), Object(Illuminate\\Console\\OutputStyle))
#17 C:\\laragon\\www\\api\\vendor\\symfony\\console\\Application.php(1073): Illuminate\\Console\\Command->run(Object(Symfony\\Component\\Console\\Input\\ArgvInput), Object(Symfony\\Component\\Console\\Output\\ConsoleOutput))
#18 C:\\laragon\\www\\api\\vendor\\symfony\\console\\Application.php(356): Symfony\\Component\\Console\\Application->doRunCommand(Object(Illuminate\\Database\\Console\\Seeds\\SeedCommand), Object(Symfony\\Component\\Console\\Input\\ArgvInput), Object(Symfony\\Component\\Console\\Output\\ConsoleOutput))
#19 C:\\laragon\\www\\api\\vendor\\symfony\\console\\Application.php(195): Symfony\\Component\\Console\\Application->doRun(Object(Symfony\\Component\\Console\\Input\\ArgvInput), Object(Symfony\\Component\\Console\\Output\\ConsoleOutput))
#20 C:\\laragon\\www\\api\\vendor\\laravel\\framework\\src\\Illuminate\\Foundation\\Console\\Kernel.php(197): Symfony\\Component\\Console\\Application->run(Object(Symfony\\Component\\Console\\Input\\ArgvInput), Object(Symfony\\Component\\Console\\Output\\ConsoleOutput))
#21 C:\\laragon\\www\\api\\vendor\\laravel\\framework\\src\\Illuminate\\Foundation\\Application.php(1235): Illuminate\\Foundation\\Console\\Kernel->handle(Object(Symfony\\Component\\Console\\Input\\ArgvInput), Object(Symfony\\Component\\Console\\Output\\ConsoleOutput))
#22 C:\\laragon\\www\\api\\artisan(16): Illuminate\\Foundation\\Application->handleCommand(Object(Symfony\\Component\\Console\\Input\\ArgvInput))
#23 {main}
"} 
[2026-05-18 16:39:14] local.ERROR: Target class [Database\Seeders\LeaderboardDataSeeder] does not exist. {"exception":"[object] (Illuminate\\Contracts\\Container\\BindingResolutionException(code: 0): Target class [Database\\Seeders\\LeaderboardDataSeeder] does not exist. at C:\\laragon\\www\\api\\vendor\\laravel\\framework\\src\\Illuminate\\Container\\Container.php:1163)
[stacktrace]
#0 C:\\laragon\\www\\api\\vendor\\laravel\\framework\\src\\Illuminate\\Container\\Container.php(972): Illuminate\\Container\\Container->build('Database\\\\Seeder...')
#1 C:\\laragon\\www\\api\\vendor\\laravel\\framework\\src\\Illuminate\\Foundation\\Application.php(1078): Illuminate\\Container\\Container->resolve('Database\\\\Seeder...', Array, true)
#2 C:\\laragon\\www\\api\\vendor\\laravel\\framework\\src\\Illuminate\\Container\\Container.php(903): Illuminate\\Foundation\\Application->resolve('Database\\\\Seeder...', Array)
#3 C:\\laragon\\www\\api\\vendor\\laravel\\framework\\src\\Illuminate\\Foundation\\Application.php(1058): Illuminate\\Container\\Container->make('Database\\\\Seeder...', Array)
#4 C:\\laragon\\www\\api\\vendor\\laravel\\framework\\src\\Illuminate\\Database\\Console\\Seeds\\SeedCommand.php(99): Illuminate\\Foundation\\Application->make('Database\\\\Seeder...')
#5 C:\\laragon\\www\\api\\vendor\\laravel\\framework\\src\\Illuminate\\Database\\Console\\Seeds\\SeedCommand.php(71): Illuminate\\Database\\Console\\Seeds\\SeedCommand->getSeeder()
#6 C:\\laragon\\www\\api\\vendor\\laravel\\framework\\src\\Illuminate\\Database\\Eloquent\\Concerns\\GuardsAttributes.php(157): Illuminate\\Database\\Console\\Seeds\\SeedCommand->Illuminate\\Database\\Console\\Seeds\\{closure}()
#7 C:\\laragon\\www\\api\\vendor\\laravel\\framework\\src\\Illuminate\\Database\\Console\\Seeds\\SeedCommand.php(70): Illuminate\\Database\\Eloquent\\Model::unguarded(Object(Closure))
#8 C:\\laragon\\www\\api\\vendor\\laravel\\framework\\src\\Illuminate\\Container\\BoundMethod.php(36): Illuminate\\Database\\Console\\Seeds\\SeedCommand->handle()
#9 C:\\laragon\\www\\api\\vendor\\laravel\\framework\\src\\Illuminate\\Container\\Util.php(43): Illuminate\\Container\\BoundMethod::Illuminate\\Container\\{closure}()
#10 C:\\laragon\\www\\api\\vendor\\laravel\\framework\\src\\Illuminate\\Container\\BoundMethod.php(96): Illuminate\\Container\\Util::unwrapIfClosure(Object(Closure))
#11 C:\\laragon\\www\\api\\vendor\\laravel\\framework\\src\\Illuminate\\Container\\BoundMethod.php(35): Illuminate\\Container\\BoundMethod::callBoundMethod(Object(Illuminate\\Foundation\\Application), Array, Object(Closure))
#12 C:\\laragon\\www\\api\\vendor\\laravel\\framework\\src\\Illuminate\\Container\\Container.php(836): Illuminate\\Container\\BoundMethod::call(Object(Illuminate\\Foundation\\Application), Array, Array, NULL)
#13 C:\\laragon\\www\\api\\vendor\\laravel\\framework\\src\\Illuminate\\Console\\Command.php(211): Illuminate\\Container\\Container->call(Array)
#14 C:\\laragon\\www\\api\\vendor\\symfony\\console\\Command\\Command.php(318): Illuminate\\Console\\Command->execute(Object(Symfony\\Component\\Console\\Input\\ArgvInput), Object(Illuminate\\Console\\OutputStyle))
#15 C:\\laragon\\www\\api\\vendor\\laravel\\framework\\src\\Illuminate\\Console\\Command.php(180): Symfony\\Component\\Console\\Command\\Command->run(Object(Symfony\\Component\\Console\\Input\\ArgvInput), Object(Illuminate\\Console\\OutputStyle))
#16 C:\\laragon\\www\\api\\vendor\\symfony\\console\\Application.php(1073): Illuminate\\Console\\Command->run(Object(Symfony\\Component\\Console\\Input\\ArgvInput), Object(Symfony\\Component\\Console\\Output\\ConsoleOutput))
#17 C:\\laragon\\www\\api\\vendor\\symfony\\console\\Application.php(356): Symfony\\Component\\Console\\Application->doRunCommand(Object(Illuminate\\Database\\Console\\Seeds\\SeedCommand), Object(Symfony\\Component\\Console\\Input\\ArgvInput), Object(Symfony\\Component\\Console\\Output\\ConsoleOutput))
#18 C:\\laragon\\www\\api\\vendor\\symfony\\console\\Application.php(195): Symfony\\Component\\Console\\Application->doRun(Object(Symfony\\Component\\Console\\Input\\ArgvInput), Object(Symfony\\Component\\Console\\Output\\ConsoleOutput))
#19 C:\\laragon\\www\\api\\vendor\\laravel\\framework\\src\\Illuminate\\Foundation\\Console\\Kernel.php(197): Symfony\\Component\\Console\\Application->run(Object(Symfony\\Component\\Console\\Input\\ArgvInput), Object(Symfony\\Component\\Console\\Output\\ConsoleOutput))
#20 C:\\laragon\\www\\api\\vendor\\laravel\\framework\\src\\Illuminate\\Foundation\\Application.php(1235): Illuminate\\Foundation\\Console\\Kernel->handle(Object(Symfony\\Component\\Console\\Input\\ArgvInput), Object(Symfony\\Component\\Console\\Output\\ConsoleOutput))
#21 C:\\laragon\\www\\api\\artisan(16): Illuminate\\Foundation\\Application->handleCommand(Object(Symfony\\Component\\Console\\Input\\ArgvInput))
#22 {main}

[previous exception] [object] (ReflectionException(code: -1): Class \"Database\\Seeders\\LeaderboardDataSeeder\" does not exist at C:\\laragon\\www\\api\\vendor\\laravel\\framework\\src\\Illuminate\\Container\\Container.php:1161)
[stacktrace]
#0 C:\\laragon\\www\\api\\vendor\\laravel\\framework\\src\\Illuminate\\Container\\Container.php(1161): ReflectionClass->__construct('Database\\\\Seeder...')
#1 C:\\laragon\\www\\api\\vendor\\laravel\\framework\\src\\Illuminate\\Container\\Container.php(972): Illuminate\\Container\\Container->build('Database\\\\Seeder...')
#2 C:\\laragon\\www\\api\\vendor\\laravel\\framework\\src\\Illuminate\\Foundation\\Application.php(1078): Illuminate\\Container\\Container->resolve('Database\\\\Seeder...', Array, true)
#3 C:\\laragon\\www\\api\\vendor\\laravel\\framework\\src\\Illuminate\\Container\\Container.php(903): Illuminate\\Foundation\\Application->resolve('Database\\\\Seeder...', Array)
#4 C:\\laragon\\www\\api\\vendor\\laravel\\framework\\src\\Illuminate\\Foundation\\Application.php(1058): Illuminate\\Container\\Container->make('Database\\\\Seeder...', Array)
#5 C:\\laragon\\www\\api\\vendor\\laravel\\framework\\src\\Illuminate\\Database\\Console\\Seeds\\SeedCommand.php(99): Illuminate\\Foundation\\Application->make('Database\\\\Seeder...')
#6 C:\\laragon\\www\\api\\vendor\\laravel\\framework\\src\\Illuminate\\Database\\Console\\Seeds\\SeedCommand.php(71): Illuminate\\Database\\Console\\Seeds\\SeedCommand->getSeeder()
#7 C:\\laragon\\www\\api\\vendor\\laravel\\framework\\src\\Illuminate\\Database\\Eloquent\\Concerns\\GuardsAttributes.php(157): Illuminate\\Database\\Console\\Seeds\\SeedCommand->Illuminate\\Database\\Console\\Seeds\\{closure}()
#8 C:\\laragon\\www\\api\\vendor\\laravel\\framework\\src\\Illuminate\\Database\\Console\\Seeds\\SeedCommand.php(70): Illuminate\\Database\\Eloquent\\Model::unguarded(Object(Closure))
#9 C:\\laragon\\www\\api\\vendor\\laravel\\framework\\src\\Illuminate\\Container\\BoundMethod.php(36): Illuminate\\Database\\Console\\Seeds\\SeedCommand->handle()
#10 C:\\laragon\\www\\api\\vendor\\laravel\\framework\\src\\Illuminate\\Container\\Util.php(43): Illuminate\\Container\\BoundMethod::Illuminate\\Container\\{closure}()
#11 C:\\laragon\\www\\api\\vendor\\laravel\\framework\\src\\Illuminate\\Container\\BoundMethod.php(96): Illuminate\\Container\\Util::unwrapIfClosure(Object(Closure))
#12 C:\\laragon\\www\\api\\vendor\\laravel\\framework\\src\\Illuminate\\Container\\BoundMethod.php(35): Illuminate\\Container\\BoundMethod::callBoundMethod(Object(Illuminate\\Foundation\\Application), Array, Object(Closure))
#13 C:\\laragon\\www\\api\\vendor\\laravel\\framework\\src\\Illuminate\\Container\\Container.php(836): Illuminate\\Container\\BoundMethod::call(Object(Illuminate\\Foundation\\Application), Array, Array, NULL)
#14 C:\\laragon\\www\\api\\vendor\\laravel\\framework\\src\\Illuminate\\Console\\Command.php(211): Illuminate\\Container\\Container->call(Array)
#15 C:\\laragon\\www\\api\\vendor\\symfony\\console\\Command\\Command.php(318): Illuminate\\Console\\Command->execute(Object(Symfony\\Component\\Console\\Input\\ArgvInput), Object(Illuminate\\Console\\OutputStyle))
#16 C:\\laragon\\www\\api\\vendor\\laravel\\framework\\src\\Illuminate\\Console\\Command.php(180): Symfony\\Component\\Console\\Command\\Command->run(Object(Symfony\\Component\\Console\\Input\\ArgvInput), Object(Illuminate\\Console\\OutputStyle))
#17 C:\\laragon\\www\\api\\vendor\\symfony\\console\\Application.php(1073): Illuminate\\Console\\Command->run(Object(Symfony\\Component\\Console\\Input\\ArgvInput), Object(Symfony\\Component\\Console\\Output\\ConsoleOutput))
#18 C:\\laragon\\www\\api\\vendor\\symfony\\console\\Application.php(356): Symfony\\Component\\Console\\Application->doRunCommand(Object(Illuminate\\Database\\Console\\Seeds\\SeedCommand), Object(Symfony\\Component\\Console\\Input\\ArgvInput), Object(Symfony\\Component\\Console\\Output\\ConsoleOutput))
#19 C:\\laragon\\www\\api\\vendor\\symfony\\console\\Application.php(195): Symfony\\Component\\Console\\Application->doRun(Object(Symfony\\Component\\Console\\Input\\ArgvInput), Object(Symfony\\Component\\Console\\Output\\ConsoleOutput))
#20 C:\\laragon\\www\\api\\vendor\\laravel\\framework\\src\\Illuminate\\Foundation\\Console\\Kernel.php(197): Symfony\\Component\\Console\\Application->run(Object(Symfony\\Component\\Console\\Input\\ArgvInput), Object(Symfony\\Component\\Console\\Output\\ConsoleOutput))
#21 C:\\laragon\\www\\api\\vendor\\laravel\\framework\\src\\Illuminate\\Foundation\\Application.php(1235): Illuminate\\Foundation\\Console\\Kernel->handle(Object(Symfony\\Component\\Console\\Input\\ArgvInput), Object(Symfony\\Component\\Console\\Output\\ConsoleOutput))
#22 C:\\laragon\\www\\api\\artisan(16): Illuminate\\Foundation\\Application->handleCommand(Object(Symfony\\Component\\Console\\Input\\ArgvInput))
#23 {main}
"} 
[2026-05-18 16:43:13] local.INFO: Leaderboard request: {"mode":"challenge","limit":"50"} 
[2026-05-18 16:43:13] local.INFO: Leaderboard request: {"mode":"battle","limit":"50"} 
[2026-05-18 16:44:23] local.INFO: ✅ Incremented stats {"player_id":"6a0b069c470baa591703eac9","game_type":"puzzle","category":"solar system","difficulty":"easy","new_count":2} 
[2026-05-18 16:44:40] local.INFO: Leaderboard request: {"mode":"challenge","limit":"50"} 
[2026-05-18 16:44:40] local.INFO: Leaderboard request: {"mode":"battle","limit":"50"} 
[2026-05-18 16:50:27] local.ERROR: Undefined property: stdClass::$_id {"exception":"[object] (ErrorException(code: 0): Undefined property: stdClass::$_id at C:\\laragon\\www\\api\\database\\seeders\\LeaderboardDataSeeder.php:408)
[stacktrace]
#0 C:\\laragon\\www\\api\\vendor\\laravel\\framework\\src\\Illuminate\\Foundation\\Bootstrap\\HandleExceptions.php(258): Illuminate\\Foundation\\Bootstrap\\HandleExceptions->handleError(2, 'Undefined prope...', 'C:\\\\laragon\\\\www\\\\...', 408)
#1 C:\\laragon\\www\\api\\database\\seeders\\LeaderboardDataSeeder.php(408): Illuminate\\Foundation\\Bootstrap\\HandleExceptions->Illuminate\\Foundation\\Bootstrap\\{closure}(2, 'Undefined prope...', 'C:\\\\laragon\\\\www\\\\...', 408)
#2 C:\\laragon\\www\\api\\database\\seeders\\LeaderboardDataSeeder.php(233): Database\\Seeders\\LeaderboardDataSeeder->resolvePlayerId(Object(MongoDB\\BSON\\ObjectId), 'StarWhiz')
#3 C:\\laragon\\www\\api\\database\\seeders\\LeaderboardDataSeeder.php(89): Database\\Seeders\\LeaderboardDataSeeder->upsertPlayerBadges(Object(MongoDB\\BSON\\ObjectId), 'StarWhiz', Array)
#4 C:\\laragon\\www\\api\\vendor\\laravel\\framework\\src\\Illuminate\\Container\\BoundMethod.php(36): Database\\Seeders\\LeaderboardDataSeeder->run()
#5 C:\\laragon\\www\\api\\vendor\\laravel\\framework\\src\\Illuminate\\Container\\Util.php(43): Illuminate\\Container\\BoundMethod::Illuminate\\Container\\{closure}()
#6 C:\\laragon\\www\\api\\vendor\\laravel\\framework\\src\\Illuminate\\Container\\BoundMethod.php(96): Illuminate\\Container\\Util::unwrapIfClosure(Object(Closure))
#7 C:\\laragon\\www\\api\\vendor\\laravel\\framework\\src\\Illuminate\\Container\\BoundMethod.php(35): Illuminate\\Container\\BoundMethod::callBoundMethod(Object(Illuminate\\Foundation\\Application), Array, Object(Closure))
#8 C:\\laragon\\www\\api\\vendor\\laravel\\framework\\src\\Illuminate\\Container\\Container.php(836): Illuminate\\Container\\BoundMethod::call(Object(Illuminate\\Foundation\\Application), Array, Array, NULL)
#9 C:\\laragon\\www\\api\\vendor\\laravel\\framework\\src\\Illuminate\\Database\\Seeder.php(184): Illuminate\\Container\\Container->call(Array, Array)
#10 C:\\laragon\\www\\api\\vendor\\laravel\\framework\\src\\Illuminate\\Database\\Seeder.php(193): Illuminate\\Database\\Seeder->Illuminate\\Database\\{closure}()
#11 C:\\laragon\\www\\api\\vendor\\laravel\\framework\\src\\Illuminate\\Database\\Console\\Seeds\\SeedCommand.php(71): Illuminate\\Database\\Seeder->__invoke()
#12 C:\\laragon\\www\\api\\vendor\\laravel\\framework\\src\\Illuminate\\Database\\Eloquent\\Concerns\\GuardsAttributes.php(157): Illuminate\\Database\\Console\\Seeds\\SeedCommand->Illuminate\\Database\\Console\\Seeds\\{closure}()
#13 C:\\laragon\\www\\api\\vendor\\laravel\\framework\\src\\Illuminate\\Database\\Console\\Seeds\\SeedCommand.php(70): Illuminate\\Database\\Eloquent\\Model::unguarded(Object(Closure))
#14 C:\\laragon\\www\\api\\vendor\\laravel\\framework\\src\\Illuminate\\Container\\BoundMethod.php(36): Illuminate\\Database\\Console\\Seeds\\SeedCommand->handle()
#15 C:\\laragon\\www\\api\\vendor\\laravel\\framework\\src\\Illuminate\\Container\\Util.php(43): Illuminate\\Container\\BoundMethod::Illuminate\\Container\\{closure}()
#16 C:\\laragon\\www\\api\\vendor\\laravel\\framework\\src\\Illuminate\\Container\\BoundMethod.php(96): Illuminate\\Container\\Util::unwrapIfClosure(Object(Closure))
#17 C:\\laragon\\www\\api\\vendor\\laravel\\framework\\src\\Illuminate\\Container\\BoundMethod.php(35): Illuminate\\Container\\BoundMethod::callBoundMethod(Object(Illuminate\\Foundation\\Application), Array, Object(Closure))
#18 C:\\laragon\\www\\api\\vendor\\laravel\\framework\\src\\Illuminate\\Container\\Container.php(836): Illuminate\\Container\\BoundMethod::call(Object(Illuminate\\Foundation\\Application), Array, Array, NULL)
#19 C:\\laragon\\www\\api\\vendor\\laravel\\framework\\src\\Illuminate\\Console\\Command.php(211): Illuminate\\Container\\Container->call(Array)
#20 C:\\laragon\\www\\api\\vendor\\symfony\\console\\Command\\Command.php(318): Illuminate\\Console\\Command->execute(Object(Symfony\\Component\\Console\\Input\\ArgvInput), Object(Illuminate\\Console\\OutputStyle))
#21 C:\\laragon\\www\\api\\vendor\\laravel\\framework\\src\\Illuminate\\Console\\Command.php(180): Symfony\\Component\\Console\\Command\\Command->run(Object(Symfony\\Component\\Console\\Input\\ArgvInput), Object(Illuminate\\Console\\OutputStyle))
#22 C:\\laragon\\www\\api\\vendor\\symfony\\console\\Application.php(1073): Illuminate\\Console\\Command->run(Object(Symfony\\Component\\Console\\Input\\ArgvInput), Object(Symfony\\Component\\Console\\Output\\ConsoleOutput))
#23 C:\\laragon\\www\\api\\vendor\\symfony\\console\\Application.php(356): Symfony\\Component\\Console\\Application->doRunCommand(Object(Illuminate\\Database\\Console\\Seeds\\SeedCommand), Object(Symfony\\Component\\Console\\Input\\ArgvInput), Object(Symfony\\Component\\Console\\Output\\ConsoleOutput))
#24 C:\\laragon\\www\\api\\vendor\\symfony\\console\\Application.php(195): Symfony\\Component\\Console\\Application->doRun(Object(Symfony\\Component\\Console\\Input\\ArgvInput), Object(Symfony\\Component\\Console\\Output\\ConsoleOutput))
#25 C:\\laragon\\www\\api\\vendor\\laravel\\framework\\src\\Illuminate\\Foundation\\Console\\Kernel.php(197): Symfony\\Component\\Console\\Application->run(Object(Symfony\\Component\\Console\\Input\\ArgvInput), Object(Symfony\\Component\\Console\\Output\\ConsoleOutput))
#26 C:\\laragon\\www\\api\\vendor\\laravel\\framework\\src\\Illuminate\\Foundation\\Application.php(1235): Illuminate\\Foundation\\Console\\Kernel->handle(Object(Symfony\\Component\\Console\\Input\\ArgvInput), Object(Symfony\\Component\\Console\\Output\\ConsoleOutput))
#27 C:\\laragon\\www\\api\\artisan(16): Illuminate\\Foundation\\Application->handleCommand(Object(Symfony\\Component\\Console\\Input\\ArgvInput))
#28 {main}
"} 
[2026-05-18 16:54:43] local.INFO: Leaderboard request: {"mode":"battle","limit":"50"} 
[2026-05-18 16:54:45] local.INFO: Leaderboard request: {"mode":"challenge","limit":"50"} 
[2026-05-18 16:56:22] local.INFO: Leaderboard request: {"mode":"battle","limit":"50"} 
[2026-05-18 16:56:22] local.INFO: Leaderboard request: {"mode":"challenge","limit":"50"} 
[2026-05-18 17:05:28] local.INFO: Leaderboard request: {"mode":"challenge","limit":"50"} 
[2026-05-18 17:05:28] local.INFO: Leaderboard request: {"mode":"battle","limit":"50"} 
[2026-05-18 17:09:14] local.INFO: ✅ Incremented stats {"player_id":"6a0b069c470baa591703eac9","game_type":"memory_match","category":"general","difficulty":"average","new_count":1} 
[2026-05-18 17:09:45] local.INFO: Leaderboard request: {"mode":"challenge","limit":"50"} 
[2026-05-18 17:09:45] local.INFO: Leaderboard request: {"mode":"battle","limit":"50"} 
[2026-05-18 17:13:24] local.INFO: ✅ Incremented stats {"player_id":"6a0b069c470baa591703eac9","game_type":"puzzle","category":"scientists","difficulty":"average","new_count":1} 
[2026-05-18 17:13:38] local.INFO: Leaderboard request: {"mode":"challenge","limit":"50"} 
[2026-05-18 17:13:44] local.INFO: Leaderboard request: {"mode":"battle","limit":"50"} 
[2026-05-18 17:25:35] local.INFO: Fetching questions {"category":"Science","difficulty":"Difficult","year_level":"ALL"} 
[2026-05-18 17:25:39] local.INFO: Questions found {"count":1498} 
[2026-05-18 17:25:39] local.INFO: Difficulty setting applied {"difficulty":"Difficult","num_questions":10} 
[2026-05-18 17:26:12] local.INFO: Fetching questions {"category":"Science","difficulty":"Difficult","year_level":"ALL"} 
[2026-05-18 17:26:13] local.INFO: Questions found {"count":1498} 
[2026-05-18 17:26:13] local.INFO: Difficulty setting applied {"difficulty":"Difficult","num_questions":10} 
[2026-05-18 17:27:33] local.INFO: Fetching questions {"category":"Science","difficulty":"Difficult","year_level":"ALL"} 
[2026-05-18 17:27:34] local.INFO: Questions found {"count":1498} 
[2026-05-18 17:27:34] local.INFO: Difficulty setting applied {"difficulty":"Difficult","num_questions":10} 
[2026-05-18 17:29:28] local.INFO: === BATTLE RESULT REQUEST RECEIVED ===  
[2026-05-18 17:29:29] local.INFO: Request Data: {"player_id":"6a0b069c470baa591703eac9","category":"Science","difficulty_level":"Difficult","player_score":55,"result":"won","battle_id":"3D9I8R","questions_answered":10,"correct_answers":5} 
[2026-05-18 17:29:30] local.INFO: ✅ Validation passed {"player_id":"6a0b069c470baa591703eac9","category":"Science","difficulty_level":"Difficult","player_score":55,"result":"won","battle_id":"3D9I8R","questions_answered":10,"correct_answers":5} 
[2026-05-18 17:29:32] local.INFO: ✅ Battle result saved to battle collection  
[2026-05-18 17:29:35] local.INFO: === BATTLE RESULT REQUEST RECEIVED ===  
[2026-05-18 17:29:35] local.INFO: Request Data: {"player_id":"6a0b065f470baa591703eac8","category":"Science","difficulty_level":"Difficult","player_score":42,"result":"lost","battle_id":"3D9I8R","questions_answered":10,"correct_answers":4} 
[2026-05-18 17:29:36] local.INFO: ✅ Incremented stats {"player_id":"6a0b069c470baa591703eac9","game_type":"battle","category":"science","difficulty":"difficult","new_count":2} 
[2026-05-18 17:29:36] local.INFO: 🏆 Player WON - awarding badge progress  
[2026-05-18 17:29:36] local.INFO: 🎯 Recording badge progress from battle {"player_id":"6a0b069c470baa591703eac9","difficulty":"difficult"} 
[2026-05-18 17:29:36] local.INFO: ✅ Validation passed {"player_id":"6a0b065f470baa591703eac8","category":"Science","difficulty_level":"Difficult","player_score":42,"result":"lost","battle_id":"3D9I8R","questions_answered":10,"correct_answers":4} 
[2026-05-18 17:29:36] local.INFO: 📊 Badge progress updated {"total_count":2,"current_in_set":2,"milestone_reached":false} 
[2026-05-18 17:29:36] local.INFO: Badge awarded result {"badge_awarded":{"difficulty":"Difficult","progress":2,"remaining":1,"badge_unlocked":false,"message":"1 more battle win needed for next badge"}} 
[2026-05-18 17:29:36] local.INFO: === BATTLE RESULT SAVED SUCCESSFULLY ===  
[2026-05-18 17:29:38] local.INFO: ✅ Battle result saved to battle collection  
[2026-05-18 17:29:39] local.INFO: Skipping player_stats creation - no win to record {"player_id":"6a0b065f470baa591703eac8","game_type":"battle","result":"lost"} 
[2026-05-18 17:29:39] local.INFO: ℹ️ Player LOST - no badges awarded  
[2026-05-18 17:29:39] local.INFO: === BATTLE RESULT SAVED SUCCESSFULLY ===  
[2026-05-18 17:40:42] local.INFO: Leaderboard request: {"mode":"battle","limit":"50"} 
[2026-05-18 17:40:42] local.INFO: Leaderboard request: {"mode":"challenge","limit":"50"} 
[2026-05-18 17:56:06] local.INFO: ✅ Incremented stats {"player_id":"6a0b069c470baa591703eac9","game_type":"memory_match","category":"general","difficulty":"difficult","new_count":1} 
[2026-05-18 18:07:36] local.INFO: ✅ Incremented stats {"player_id":"6a0b069c470baa591703eac9","game_type":"memory_match","category":"general","difficulty":"difficult","new_count":2} 
[2026-05-18 23:02:24] local.INFO: Leaderboard request: {"mode":"battle","limit":"50"} 
[2026-05-18 23:02:24] local.INFO: Leaderboard request: {"mode":"challenge","limit":"50"} 
[2026-05-18 23:14:19] local.INFO: Leaderboard request: {"mode":"challenge","limit":"50"} 
[2026-05-18 23:14:19] local.INFO: Leaderboard request: {"mode":"battle","limit":"50"} 
[2026-05-18 23:26:13] local.ERROR: PHP Parse error: Syntax error, unexpected T_NS_SEPARATOR, expecting T_VARIABLE on line 1 {"exception":"[object] (Psy\\Exception\\ParseErrorException(code: 0): PHP Parse error: Syntax error, unexpected T_NS_SEPARATOR, expecting T_VARIABLE on line 1 at C:\\laragon\\www\\api\\vendor\\psy\\psysh\\src\\Exception\\ParseErrorException.php:44)
[stacktrace]
#0 C:\\laragon\\www\\api\\vendor\\psy\\psysh\\src\\CodeCleaner.php(560): Psy\\Exception\\ParseErrorException::fromParseError(Object(PhpParser\\Error))
#1 C:\\laragon\\www\\api\\vendor\\psy\\psysh\\src\\CodeCleaner.php(283): Psy\\CodeCleaner->parse('<?php DB::conne...', false)
#2 C:\\laragon\\www\\api\\vendor\\psy\\psysh\\src\\Shell.php(934): Psy\\CodeCleaner->clean(Array, false)
#3 C:\\laragon\\www\\api\\vendor\\psy\\psysh\\src\\Shell.php(968): Psy\\Shell->addCode('DB::connection(...', true)
#4 C:\\laragon\\www\\api\\vendor\\psy\\psysh\\src\\Shell.php(1511): Psy\\Shell->setCode('DB::connection(...', true)
#5 C:\\laragon\\www\\api\\vendor\\laravel\\tinker\\src\\Console\\TinkerCommand.php(76): Psy\\Shell->execute('DB::connection(...')
#6 C:\\laragon\\www\\api\\vendor\\laravel\\framework\\src\\Illuminate\\Container\\BoundMethod.php(36): Laravel\\Tinker\\Console\\TinkerCommand->handle()
#7 C:\\laragon\\www\\api\\vendor\\laravel\\framework\\src\\Illuminate\\Container\\Util.php(43): Illuminate\\Container\\BoundMethod::Illuminate\\Container\\{closure}()
#8 C:\\laragon\\www\\api\\vendor\\laravel\\framework\\src\\Illuminate\\Container\\BoundMethod.php(96): Illuminate\\Container\\Util::unwrapIfClosure(Object(Closure))
#9 C:\\laragon\\www\\api\\vendor\\laravel\\framework\\src\\Illuminate\\Container\\BoundMethod.php(35): Illuminate\\Container\\BoundMethod::callBoundMethod(Object(Illuminate\\Foundation\\Application), Array, Object(Closure))
#10 C:\\laragon\\www\\api\\vendor\\laravel\\framework\\src\\Illuminate\\Container\\Container.php(836): Illuminate\\Container\\BoundMethod::call(Object(Illuminate\\Foundation\\Application), Array, Array, NULL)
#11 C:\\laragon\\www\\api\\vendor\\laravel\\framework\\src\\Illuminate\\Console\\Command.php(211): Illuminate\\Container\\Container->call(Array)
#12 C:\\laragon\\www\\api\\vendor\\symfony\\console\\Command\\Command.php(318): Illuminate\\Console\\Command->execute(Object(Symfony\\Component\\Console\\Input\\ArgvInput), Object(Illuminate\\Console\\OutputStyle))
#13 C:\\laragon\\www\\api\\vendor\\laravel\\framework\\src\\Illuminate\\Console\\Command.php(180): Symfony\\Component\\Console\\Command\\Command->run(Object(Symfony\\Component\\Console\\Input\\ArgvInput), Object(Illuminate\\Console\\OutputStyle))
#14 C:\\laragon\\www\\api\\vendor\\symfony\\console\\Application.php(1073): Illuminate\\Console\\Command->run(Object(Symfony\\Component\\Console\\Input\\ArgvInput), Object(Symfony\\Component\\Console\\Output\\ConsoleOutput))
#15 C:\\laragon\\www\\api\\vendor\\symfony\\console\\Application.php(356): Symfony\\Component\\Console\\Application->doRunCommand(Object(Laravel\\Tinker\\Console\\TinkerCommand), Object(Symfony\\Component\\Console\\Input\\ArgvInput), Object(Symfony\\Component\\Console\\Output\\ConsoleOutput))
#16 C:\\laragon\\www\\api\\vendor\\symfony\\console\\Application.php(195): Symfony\\Component\\Console\\Application->doRun(Object(Symfony\\Component\\Console\\Input\\ArgvInput), Object(Symfony\\Component\\Console\\Output\\ConsoleOutput))
#17 C:\\laragon\\www\\api\\vendor\\laravel\\framework\\src\\Illuminate\\Foundation\\Console\\Kernel.php(197): Symfony\\Component\\Console\\Application->run(Object(Symfony\\Component\\Console\\Input\\ArgvInput), Object(Symfony\\Component\\Console\\Output\\ConsoleOutput))
#18 C:\\laragon\\www\\api\\vendor\\laravel\\framework\\src\\Illuminate\\Foundation\\Application.php(1235): Illuminate\\Foundation\\Console\\Kernel->handle(Object(Symfony\\Component\\Console\\Input\\ArgvInput), Object(Symfony\\Component\\Console\\Output\\ConsoleOutput))
#19 C:\\laragon\\www\\api\\artisan(16): Illuminate\\Foundation\\Application->handleCommand(Object(Symfony\\Component\\Console\\Input\\ArgvInput))
#20 {main}
"} 
[2026-05-18 23:28:12] local.ERROR: PHP Parse error: Syntax error, unexpected T_NS_SEPARATOR on line 2 {"exception":"[object] (Psy\\Exception\\ParseErrorException(code: 0): PHP Parse error: Syntax error, unexpected T_NS_SEPARATOR on line 2 at C:\\laragon\\www\\api\\vendor\\psy\\psysh\\src\\Exception\\ParseErrorException.php:44)
[stacktrace]
#0 C:\\laragon\\www\\api\\vendor\\psy\\psysh\\src\\CodeCleaner.php(560): Psy\\Exception\\ParseErrorException::fromParseError(Object(PhpParser\\Error))
#1 C:\\laragon\\www\\api\\vendor\\psy\\psysh\\src\\CodeCleaner.php(283): Psy\\CodeCleaner->parse('<?php \\n\\\\ = DB::...', false)
#2 C:\\laragon\\www\\api\\vendor\\psy\\psysh\\src\\Shell.php(934): Psy\\CodeCleaner->clean(Array, false)
#3 C:\\laragon\\www\\api\\vendor\\psy\\psysh\\src\\Shell.php(968): Psy\\Shell->addCode('\\n\\\\ = DB::connec...', true)
#4 C:\\laragon\\www\\api\\vendor\\psy\\psysh\\src\\Shell.php(1511): Psy\\Shell->setCode('\\n\\\\ = DB::connec...', true)
#5 C:\\laragon\\www\\api\\vendor\\laravel\\tinker\\src\\Console\\TinkerCommand.php(76): Psy\\Shell->execute('\\n\\\\ = DB::connec...')
#6 C:\\laragon\\www\\api\\vendor\\laravel\\framework\\src\\Illuminate\\Container\\BoundMethod.php(36): Laravel\\Tinker\\Console\\TinkerCommand->handle()
#7 C:\\laragon\\www\\api\\vendor\\laravel\\framework\\src\\Illuminate\\Container\\Util.php(43): Illuminate\\Container\\BoundMethod::Illuminate\\Container\\{closure}()
#8 C:\\laragon\\www\\api\\vendor\\laravel\\framework\\src\\Illuminate\\Container\\BoundMethod.php(96): Illuminate\\Container\\Util::unwrapIfClosure(Object(Closure))
#9 C:\\laragon\\www\\api\\vendor\\laravel\\framework\\src\\Illuminate\\Container\\BoundMethod.php(35): Illuminate\\Container\\BoundMethod::callBoundMethod(Object(Illuminate\\Foundation\\Application), Array, Object(Closure))
#10 C:\\laragon\\www\\api\\vendor\\laravel\\framework\\src\\Illuminate\\Container\\Container.php(836): Illuminate\\Container\\BoundMethod::call(Object(Illuminate\\Foundation\\Application), Array, Array, NULL)
#11 C:\\laragon\\www\\api\\vendor\\laravel\\framework\\src\\Illuminate\\Console\\Command.php(211): Illuminate\\Container\\Container->call(Array)
#12 C:\\laragon\\www\\api\\vendor\\symfony\\console\\Command\\Command.php(318): Illuminate\\Console\\Command->execute(Object(Symfony\\Component\\Console\\Input\\ArgvInput), Object(Illuminate\\Console\\OutputStyle))
#13 C:\\laragon\\www\\api\\vendor\\laravel\\framework\\src\\Illuminate\\Console\\Command.php(180): Symfony\\Component\\Console\\Command\\Command->run(Object(Symfony\\Component\\Console\\Input\\ArgvInput), Object(Illuminate\\Console\\OutputStyle))
#14 C:\\laragon\\www\\api\\vendor\\symfony\\console\\Application.php(1073): Illuminate\\Console\\Command->run(Object(Symfony\\Component\\Console\\Input\\ArgvInput), Object(Symfony\\Component\\Console\\Output\\ConsoleOutput))
#15 C:\\laragon\\www\\api\\vendor\\symfony\\console\\Application.php(356): Symfony\\Component\\Console\\Application->doRunCommand(Object(Laravel\\Tinker\\Console\\TinkerCommand), Object(Symfony\\Component\\Console\\Input\\ArgvInput), Object(Symfony\\Component\\Console\\Output\\ConsoleOutput))
#16 C:\\laragon\\www\\api\\vendor\\symfony\\console\\Application.php(195): Symfony\\Component\\Console\\Application->doRun(Object(Symfony\\Component\\Console\\Input\\ArgvInput), Object(Symfony\\Component\\Console\\Output\\ConsoleOutput))
#17 C:\\laragon\\www\\api\\vendor\\laravel\\framework\\src\\Illuminate\\Foundation\\Console\\Kernel.php(197): Symfony\\Component\\Console\\Application->run(Object(Symfony\\Component\\Console\\Input\\ArgvInput), Object(Symfony\\Component\\Console\\Output\\ConsoleOutput))
#18 C:\\laragon\\www\\api\\vendor\\laravel\\framework\\src\\Illuminate\\Foundation\\Application.php(1235): Illuminate\\Foundation\\Console\\Kernel->handle(Object(Symfony\\Component\\Console\\Input\\ArgvInput), Object(Symfony\\Component\\Console\\Output\\ConsoleOutput))
#19 C:\\laragon\\www\\api\\artisan(16): Illuminate\\Foundation\\Application->handleCommand(Object(Symfony\\Component\\Console\\Input\\ArgvInput))
#20 {main}
"} 
[2026-05-18 23:55:45] local.INFO: Leaderboard request: {"mode":"battle","limit":"50"} 
[2026-05-18 23:55:46] local.INFO: Leaderboard request: {"mode":"challenge","limit":"50"} 
[2026-05-19 00:06:54] local.INFO: Leaderboard request: {"mode":"battle","limit":"50"} 
[2026-05-19 00:06:54] local.INFO: Leaderboard request: {"mode":"challenge","limit":"50"} 
[2026-05-19 00:14:37] local.INFO: Leaderboard request: {"mode":"battle","limit":"50"} 
[2026-05-19 00:14:37] local.INFO: Leaderboard request: {"mode":"challenge","limit":"50"} 
[2026-05-19 00:18:52] local.INFO: Leaderboard request: {"mode":"challenge","limit":"50"} 
[2026-05-19 00:18:52] local.INFO: Leaderboard request: {"mode":"battle","limit":"50"} 
[2026-05-19 00:23:54] local.INFO: Leaderboard request: {"mode":"battle","limit":"50"} 
[2026-05-19 00:23:54] local.INFO: Leaderboard request: {"mode":"challenge","limit":"50"} 
[2026-05-19 00:24:03] local.INFO: Leaderboard request: {"mode":"challenge","limit":"50"} 
[2026-05-19 00:24:03] local.INFO: Leaderboard request: {"mode":"battle","limit":"50"} 
[2026-05-19 00:30:27] local.INFO: Leaderboard request: {"mode":"battle","limit":"50"} 
[2026-05-19 00:30:30] local.INFO: Leaderboard request: {"mode":"challenge","limit":"50"} 
[2026-05-19 00:40:45] local.INFO: Leaderboard request: {"mode":"challenge","limit":"50"} 
[2026-05-19 00:40:46] local.INFO: Leaderboard request: {"mode":"battle","limit":"50"} 
[2026-05-19 00:41:32] local.INFO: Leaderboard request: {"mode":"challenge","limit":"50"} 
[2026-05-19 00:41:32] local.INFO: Leaderboard request: {"mode":"battle","limit":"50"} 
[2026-05-19 00:42:03] local.INFO: Leaderboard request: {"mode":"challenge","limit":"50"} 
[2026-05-19 00:42:04] local.INFO: Leaderboard request: {"mode":"battle","limit":"50"} 
[2026-05-19 00:51:25] local.INFO: Leaderboard request: {"mode":"challenge","limit":"50"} 
[2026-05-19 00:51:25] local.INFO: Leaderboard request: {"mode":"battle","limit":"50"} 
[2026-05-19 00:56:21] local.INFO: Leaderboard request: {"mode":"challenge","limit":"50"} 
[2026-05-19 00:56:21] local.INFO: Leaderboard request: {"mode":"battle","limit":"50"} 
[2026-05-19 00:58:20] local.INFO: Leaderboard request: {"mode":"challenge","limit":"50"} 
[2026-05-19 00:58:21] local.INFO: Leaderboard request: {"mode":"battle","limit":"50"} 
[2026-05-19 00:58:37] local.INFO: Leaderboard request: {"mode":"battle","limit":"50"} 
[2026-05-19 00:58:37] local.INFO: Leaderboard request: {"mode":"challenge","limit":"50"} 
[2026-05-19 00:59:38] local.INFO: Created new player_stats record {"player_id":"6a0bb58aa7d35c59df08c09c","game_type":"puzzle"} 
[2026-05-19 01:00:05] local.INFO: Leaderboard request: {"mode":"challenge","limit":"50"} 
[2026-05-19 01:00:22] local.INFO: Leaderboard request: {"mode":"battle","limit":"50"} 
[2026-05-19 01:13:13] local.INFO: ✅ Incremented stats {"player_id":"6a0bb58aa7d35c59df08c09c","game_type":"memory_match","category":"general","difficulty":"difficult","new_count":1} 
[2026-05-19 01:16:34] local.INFO: ✅ Incremented stats {"player_id":"6a0bb58aa7d35c59df08c09c","game_type":"puzzle","category":"scientists","difficulty":"average","new_count":1} 
[2026-05-19 01:18:35] local.INFO: ✅ Incremented stats {"player_id":"6a0bb58aa7d35c59df08c09c","game_type":"memory_match","category":"general","difficulty":"difficult","new_count":2} 
[2026-05-19 01:19:57] local.INFO: Fetching questions {"category":"Science","difficulty":"Easy","year_level":"ALL"} 
[2026-05-19 01:19:57] local.INFO: Questions found {"count":192} 
[2026-05-19 01:19:57] local.INFO: Difficulty setting applied {"difficulty":"Easy","num_questions":10} 
[2026-05-19 01:21:54] local.INFO: Challenge result saved {"player_id":"6a0bb58aa7d35c59df08c09c","correct_answers":8,"total_questions":10,"is_perfect":false} 
[2026-05-19 01:21:54] local.INFO: Not a perfect score — no badge awarded {"correct":8,"total":10} 
[2026-05-19 01:23:57] local.INFO: Fetching questions {"category":"Math","difficulty":"Difficult","year_level":"ALL"} 
[2026-05-19 01:23:58] local.INFO: Questions found {"count":1428} 
[2026-05-19 01:23:58] local.INFO: Difficulty setting applied {"difficulty":"Difficult","num_questions":10} 
[2026-05-19 01:25:16] local.INFO: === BATTLE RESULT REQUEST RECEIVED ===  
[2026-05-19 01:25:17] local.INFO: Request Data: {"player_id":"6a0bb58aa7d35c59df08c09c","category":"Math","difficulty_level":"Difficult","player_score":110,"result":"won","battle_id":"OD7XJ5","questions_answered":10,"correct_answers":10} 
[2026-05-19 01:25:16] local.INFO: === BATTLE RESULT REQUEST RECEIVED ===  
[2026-05-19 01:25:17] local.INFO: Request Data: {"player_id":"6a0b065f470baa591703eac8","category":"Math","difficulty_level":"Difficult","player_score":52,"result":"lost","battle_id":"OD7XJ5","questions_answered":10,"correct_answers":4} 
[2026-05-19 01:25:17] local.INFO: ✅ Validation passed {"player_id":"6a0b065f470baa591703eac8","category":"Math","difficulty_level":"Difficult","player_score":52,"result":"lost","battle_id":"OD7XJ5","questions_answered":10,"correct_answers":4} 
[2026-05-19 01:25:17] local.INFO: ✅ Validation passed {"player_id":"6a0bb58aa7d35c59df08c09c","category":"Math","difficulty_level":"Difficult","player_score":110,"result":"won","battle_id":"OD7XJ5","questions_answered":10,"correct_answers":10} 
[2026-05-19 01:25:18] local.INFO: ✅ Battle result saved to battle collection  
[2026-05-19 01:25:18] local.INFO: ✅ Battle result saved to battle collection  
[2026-05-19 01:25:18] local.INFO: Skipping player_stats creation - no win to record {"player_id":"6a0b065f470baa591703eac8","game_type":"battle","result":"lost"} 
[2026-05-19 01:25:18] local.INFO: ℹ️ Player LOST - no badges awarded  
[2026-05-19 01:25:18] local.INFO: === BATTLE RESULT SAVED SUCCESSFULLY ===  
[2026-05-19 01:25:18] local.INFO: ✅ Incremented stats {"player_id":"6a0bb58aa7d35c59df08c09c","game_type":"battle","category":"math","difficulty":"difficult","new_count":1} 
[2026-05-19 01:25:18] local.INFO: 🏆 Player WON - awarding badge progress  
[2026-05-19 01:25:18] local.INFO: 🎯 Recording badge progress from battle {"player_id":"6a0bb58aa7d35c59df08c09c","difficulty":"difficult"} 
[2026-05-19 01:25:18] local.INFO: 📊 Badge progress updated {"total_count":1,"current_in_set":1,"milestone_reached":false} 
[2026-05-19 01:25:18] local.INFO: Badge awarded result {"badge_awarded":{"difficulty":"Difficult","progress":1,"remaining":2,"badge_unlocked":false,"message":"2 more battle wins needed for next badge"}} 
[2026-05-19 01:25:18] local.INFO: === BATTLE RESULT SAVED SUCCESSFULLY ===  
[2026-05-19 01:26:11] local.INFO: Leaderboard request: {"mode":"challenge","limit":"50"} 
[2026-05-19 01:26:18] local.INFO: Leaderboard request: {"mode":"battle","limit":"50"} 
[2026-05-23 20:03:03] local.INFO: Leaderboard request: {"mode":"battle","limit":"50"} 
[2026-05-23 20:03:04] local.INFO: Leaderboard request: {"mode":"challenge","limit":"50"} 
[2026-05-23 20:16:41] local.INFO: Leaderboard request: {"mode":"battle","limit":"50"} 
[2026-05-23 20:16:42] local.INFO: Leaderboard request: {"mode":"challenge","limit":"50"} 
[2026-05-23 20:19:10] local.INFO: Leaderboard request: {"mode":"challenge","limit":"50"} 
[2026-05-23 20:19:14] local.INFO: Leaderboard request: {"mode":"battle","limit":"50"} 
[2026-05-23 20:35:45] local.INFO: Leaderboard request: {"mode":"challenge","limit":"50"} 
[2026-05-23 20:53:10] local.INFO: Leaderboard request: {"mode":"challenge","limit":"50"} 
[2026-05-23 20:53:11] local.INFO: Leaderboard request: {"mode":"battle","limit":"50"} 
[2026-05-23 21:14:53] local.INFO: Leaderboard request: {"mode":"battle","limit":"50"} 
[2026-05-23 21:14:55] local.INFO: Leaderboard request: {"mode":"challenge","limit":"50"} 
[2026-05-23 21:46:02] local.INFO: Leaderboard request: {"mode":"challenge","limit":"50"} 
[2026-05-23 21:46:03] local.INFO: Leaderboard request: {"mode":"battle","limit":"50"} 
[2026-05-23 21:46:31] local.INFO: Leaderboard request: {"mode":"battle","limit":"50"} 
[2026-05-23 21:46:31] local.INFO: Leaderboard request: {"mode":"challenge","limit":"50"} 
[2026-05-23 21:46:57] local.INFO: Leaderboard request: {"mode":"challenge","limit":"50"} 
[2026-05-23 21:46:57] local.INFO: Leaderboard request: {"mode":"battle","limit":"50"} 
[2026-05-23 21:56:30] local.INFO: Leaderboard request: {"mode":"battle","limit":"50"} 
[2026-05-23 21:56:36] local.INFO: Leaderboard request: {"mode":"challenge","limit":"50"} 
[2026-05-23 21:59:51] local.INFO: Leaderboard request: {"mode":"challenge","limit":"50"} 
[2026-05-23 21:59:52] local.INFO: Leaderboard request: {"mode":"battle","limit":"50"} 
[2026-05-23 22:05:27] local.INFO: Leaderboard request: {"mode":"battle","limit":"50"} 
[2026-05-23 22:05:27] local.INFO: Leaderboard request: {"mode":"challenge","limit":"50"} 
[2026-05-23 22:12:59] local.INFO: Leaderboard request: {"mode":"battle","limit":"50"} 
[2026-05-23 22:13:01] local.INFO: Leaderboard request: {"mode":"challenge","limit":"50"} 
[2026-05-23 22:13:52] local.INFO: Leaderboard request: {"mode":"challenge","limit":"50"} 
[2026-05-23 22:13:52] local.INFO: Leaderboard request: {"mode":"battle","limit":"50"} 
[2026-05-23 22:32:58] local.INFO: Leaderboard request: {"mode":"challenge","limit":"50"} 
[2026-05-23 22:32:58] local.INFO: Leaderboard request: {"mode":"battle","limit":"50"} 
[2026-05-23 22:44:01] local.INFO: Leaderboard request: {"mode":"challenge","limit":"50"} 
[2026-05-23 22:44:10] local.INFO: Leaderboard request: {"mode":"battle","limit":"50"} 
[2026-05-23 23:01:59] local.INFO: Leaderboard request: {"mode":"challenge","limit":"50"} 
[2026-05-23 23:02:03] local.INFO: Leaderboard request: {"mode":"battle","limit":"50"} 
[2026-05-24 05:10:41] local.INFO: Leaderboard request: {"mode":"battle","limit":"50"} 
[2026-05-24 05:10:42] local.INFO: Leaderboard request: {"mode":"challenge","limit":"50"} 
[2026-05-24 05:12:30] local.INFO: Leaderboard request: {"mode":"battle","limit":"50"} 
[2026-05-24 05:12:30] local.INFO: Leaderboard request: {"mode":"challenge","limit":"50"} 
[2026-05-24 05:16:02] local.INFO: Created new player_stats record {"player_id":"6a128814f008d296d20e6676","game_type":"puzzle"} 
[2026-05-24 05:16:17] local.INFO: Leaderboard request: {"mode":"challenge","limit":"50"} 
[2026-05-24 05:17:06] local.INFO: Leaderboard request: {"mode":"battle","limit":"50"} 
[2026-05-24 18:31:20] local.INFO: Leaderboard request: {"mode":"challenge","limit":"50"} 
[2026-05-24 18:31:20] local.INFO: Leaderboard request: {"mode":"battle","limit":"50"} 
[2026-05-24 18:32:27] local.INFO: Leaderboard request: {"mode":"challenge","limit":"50"} 
[2026-05-24 18:32:29] production.INFO: Leaderboard request: {"mode":"battle","limit":"50"} 
[2026-05-24 18:37:10] local.INFO: Leaderboard request: {"mode":"challenge","limit":"50"} 
[2026-05-24 18:37:12] local.INFO: Leaderboard request: {"mode":"battle","limit":"50"} 
[2026-05-24 21:36:09] local.INFO: [Puzzle Stat] lookup {"player_id":"6a128814f008d296d20e6676","difficulty":"EASY","category":"Solar System"} 
[2026-05-24 21:36:10] local.INFO: [Puzzle Stat] result {"found":false,"time_seconds":null} 
[2026-05-24 21:36:10] local.INFO: Leaderboard request: {"mode":"challenge","limit":"50"} 
[2026-05-24 21:36:12] local.INFO: Leaderboard request: {"mode":"battle","limit":"50"} 
[2026-05-24 21:36:12] local.INFO: [Puzzle Stat] lookup {"player_id":"6a128814f008d296d20e6676","difficulty":"EASY","category":"Solar System"} 
[2026-05-24 21:36:13] local.INFO: [Puzzle Stat] result {"found":false,"time_seconds":null} 
[2026-05-24 21:36:14] local.INFO: [Puzzle Stat] lookup {"player_id":"6a128814f008d296d20e6676","difficulty":"EASY","category":"Scientists"} 
[2026-05-24 21:36:14] local.INFO: [Puzzle Stat] result {"found":false,"time_seconds":null} 
[2026-05-24 21:36:14] local.INFO: [Puzzle Stat] lookup {"player_id":"6a128814f008d296d20e6676","difficulty":"EASY","category":"Human Body"} 
[2026-05-24 21:36:15] local.INFO: [Puzzle Stat] result {"found":false,"time_seconds":null} 
[2026-05-24 21:36:15] local.INFO: [Puzzle Stat] lookup {"player_id":"6a128814f008d296d20e6676","difficulty":"EASY","category":"Animals"} 
[2026-05-24 21:36:15] local.INFO: [Puzzle Stat] result {"found":false,"time_seconds":null} 
[2026-05-24 21:36:16] local.INFO: [Puzzle Stat] lookup {"player_id":"6a128814f008d296d20e6676","difficulty":"EASY","category":"Geometry"} 
[2026-05-24 21:36:16] local.INFO: [Puzzle Stat] result {"found":false,"time_seconds":null} 
[2026-05-24 21:36:16] local.INFO: [Puzzle Stat] lookup {"player_id":"6a128814f008d296d20e6676","difficulty":"EASY","category":"Starbooks"} 
[2026-05-24 21:36:16] local.INFO: [Puzzle Stat] result {"found":false,"time_seconds":null} 
[2026-05-24 21:36:17] local.INFO: [Puzzle Stat] lookup {"player_id":"6a128814f008d296d20e6676","difficulty":"AVERAGE","category":"Solar System"} 
[2026-05-24 21:36:17] local.INFO: [Puzzle Stat] result {"found":false,"time_seconds":null} 
[2026-05-24 21:36:17] local.INFO: [Puzzle Stat] lookup {"player_id":"6a128814f008d296d20e6676","difficulty":"AVERAGE","category":"Scientists"} 
[2026-05-24 21:36:17] local.INFO: [Puzzle Stat] result {"found":false,"time_seconds":null} 
[2026-05-24 21:36:18] local.INFO: [Puzzle Stat] lookup {"player_id":"6a128814f008d296d20e6676","difficulty":"AVERAGE","category":"Human Body"} 
[2026-05-24 21:36:18] local.INFO: [Puzzle Stat] result {"found":false,"time_seconds":null} 
[2026-05-24 21:36:18] local.INFO: [Puzzle Stat] lookup {"player_id":"6a128814f008d296d20e6676","difficulty":"AVERAGE","category":"Animals"} 
[2026-05-24 21:36:18] local.INFO: [Puzzle Stat] result {"found":false,"time_seconds":null} 
[2026-05-24 21:36:19] local.INFO: [Puzzle Stat] lookup {"player_id":"6a128814f008d296d20e6676","difficulty":"AVERAGE","category":"Geometry"} 
[2026-05-24 21:36:19] local.INFO: [Puzzle Stat] result {"found":false,"time_seconds":null} 
[2026-05-24 21:36:19] local.INFO: [Puzzle Stat] lookup {"player_id":"6a128814f008d296d20e6676","difficulty":"AVERAGE","category":"Starbooks"} 
[2026-05-24 21:36:19] local.INFO: [Puzzle Stat] result {"found":false,"time_seconds":null} 
[2026-05-24 21:36:20] local.INFO: [Puzzle Stat] lookup {"player_id":"6a128814f008d296d20e6676","difficulty":"DIFFICULT","category":"Solar System"} 
[2026-05-24 21:36:20] local.INFO: [Puzzle Stat] result {"found":false,"time_seconds":null} 
[2026-05-24 21:36:20] local.INFO: [Puzzle Stat] lookup {"player_id":"6a128814f008d296d20e6676","difficulty":"DIFFICULT","category":"Scientists"} 
[2026-05-24 21:36:21] local.INFO: [Puzzle Stat] result {"found":false,"time_seconds":null} 
[2026-05-24 21:36:21] local.INFO: [Puzzle Stat] lookup {"player_id":"6a128814f008d296d20e6676","difficulty":"DIFFICULT","category":"Human Body"} 
[2026-05-24 21:36:21] local.INFO: [Puzzle Stat] result {"found":false,"time_seconds":null} 
[2026-05-24 21:36:22] local.INFO: [Puzzle Stat] lookup {"player_id":"6a128814f008d296d20e6676","difficulty":"DIFFICULT","category":"Animals"} 
[2026-05-24 21:36:22] local.INFO: [Puzzle Stat] result {"found":false,"time_seconds":null} 
[2026-05-24 21:36:22] local.INFO: [Puzzle Stat] lookup {"player_id":"6a128814f008d296d20e6676","difficulty":"DIFFICULT","category":"Geometry"} 
[2026-05-24 21:36:22] local.INFO: [Puzzle Stat] result {"found":false,"time_seconds":null} 
[2026-05-24 21:36:23] local.INFO: [Puzzle Stat] lookup {"player_id":"6a128814f008d296d20e6676","difficulty":"DIFFICULT","category":"Starbooks"} 
[2026-05-24 21:36:23] local.INFO: [Puzzle Stat] result {"found":false,"time_seconds":null} 
[2026-05-24 21:38:08] local.INFO: ✅ Incremented stats {"player_id":"6a128814f008d296d20e6676","game_type":"memory_match","category":"general","difficulty":"easy","new_count":1} 
[2026-05-24 21:38:33] local.INFO: Leaderboard request: {"mode":"challenge","limit":"50"} 
[2026-05-24 21:38:38] local.INFO: Leaderboard request: {"mode":"battle","limit":"50"} 
[2026-05-24 21:38:46] local.INFO: [Puzzle Stat] lookup {"player_id":"6a128814f008d296d20e6676","difficulty":"EASY","category":"Solar System"} 
[2026-05-24 21:38:49] local.INFO: [Puzzle Stat] result {"found":false,"time_seconds":null} 
[2026-05-24 21:38:52] local.INFO: [Puzzle Stat] lookup {"player_id":"6a128814f008d296d20e6676","difficulty":"EASY","category":"Solar System"} 
[2026-05-24 21:38:52] local.INFO: [Puzzle Stat] result {"found":false,"time_seconds":null} 
[2026-05-24 21:39:05] local.INFO: [Puzzle Stat] lookup {"player_id":"6a128814f008d296d20e6676","difficulty":"EASY","category":"Scientists"} 
[2026-05-24 21:39:06] local.INFO: [Puzzle Stat] result {"found":false,"time_seconds":null} 
[2026-05-24 21:39:09] local.INFO: [Puzzle Stat] lookup {"player_id":"6a128814f008d296d20e6676","difficulty":"EASY","category":"Human Body"} 
[2026-05-24 21:39:11] local.INFO: [Puzzle Stat] result {"found":false,"time_seconds":null} 
[2026-05-24 21:39:14] local.INFO: [Puzzle Stat] lookup {"player_id":"6a128814f008d296d20e6676","difficulty":"EASY","category":"Animals"} 
[2026-05-24 21:39:14] local.INFO: [Puzzle Stat] result {"found":false,"time_seconds":null} 
[2026-05-24 21:39:15] local.INFO: [Puzzle Stat] lookup {"player_id":"6a128814f008d296d20e6676","difficulty":"EASY","category":"Geometry"} 
[2026-05-24 21:39:15] local.INFO: [Puzzle Stat] result {"found":false,"time_seconds":null} 
[2026-05-24 21:39:18] local.INFO: [Puzzle Stat] lookup {"player_id":"6a128814f008d296d20e6676","difficulty":"EASY","category":"Starbooks"} 
[2026-05-24 21:39:18] local.INFO: [Puzzle Stat] result {"found":false,"time_seconds":null} 
[2026-05-24 21:39:20] local.INFO: [Puzzle Stat] lookup {"player_id":"6a128814f008d296d20e6676","difficulty":"AVERAGE","category":"Solar System"} 
[2026-05-24 21:39:20] local.INFO: [Puzzle Stat] result {"found":false,"time_seconds":null} 
[2026-05-24 21:39:21] local.INFO: [Puzzle Stat] lookup {"player_id":"6a128814f008d296d20e6676","difficulty":"AVERAGE","category":"Scientists"} 
[2026-05-24 21:39:21] local.INFO: [Puzzle Stat] result {"found":false,"time_seconds":null} 
[2026-05-24 21:39:22] local.INFO: [Puzzle Stat] lookup {"player_id":"6a128814f008d296d20e6676","difficulty":"AVERAGE","category":"Human Body"} 
[2026-05-24 21:39:22] local.INFO: [Puzzle Stat] result {"found":false,"time_seconds":null} 
[2026-05-24 21:39:23] local.INFO: [Puzzle Stat] lookup {"player_id":"6a128814f008d296d20e6676","difficulty":"AVERAGE","category":"Animals"} 
[2026-05-24 21:39:23] local.INFO: [Puzzle Stat] result {"found":false,"time_seconds":null} 
[2026-05-24 21:39:24] local.INFO: [Puzzle Stat] lookup {"player_id":"6a128814f008d296d20e6676","difficulty":"AVERAGE","category":"Geometry"} 
[2026-05-24 21:39:24] local.INFO: [Puzzle Stat] result {"found":false,"time_seconds":null} 
[2026-05-24 21:39:26] local.INFO: [Puzzle Stat] lookup {"player_id":"6a128814f008d296d20e6676","difficulty":"AVERAGE","category":"Starbooks"} 
[2026-05-24 21:39:27] local.INFO: [Puzzle Stat] result {"found":false,"time_seconds":null} 
[2026-05-24 21:39:28] local.INFO: [Puzzle Stat] lookup {"player_id":"6a128814f008d296d20e6676","difficulty":"DIFFICULT","category":"Solar System"} 
[2026-05-24 21:39:28] local.INFO: [Puzzle Stat] result {"found":false,"time_seconds":null} 
[2026-05-24 21:39:29] local.INFO: [Puzzle Stat] lookup {"player_id":"6a128814f008d296d20e6676","difficulty":"DIFFICULT","category":"Scientists"} 
[2026-05-24 21:39:29] local.INFO: [Puzzle Stat] result {"found":false,"time_seconds":null} 
[2026-05-24 21:39:30] local.INFO: [Puzzle Stat] lookup {"player_id":"6a128814f008d296d20e6676","difficulty":"DIFFICULT","category":"Human Body"} 
[2026-05-24 21:39:30] local.INFO: [Puzzle Stat] result {"found":false,"time_seconds":null} 
[2026-05-24 21:39:33] local.INFO: [Puzzle Stat] lookup {"player_id":"6a128814f008d296d20e6676","difficulty":"DIFFICULT","category":"Animals"} 
[2026-05-24 21:39:34] local.INFO: [Puzzle Stat] result {"found":false,"time_seconds":null} 
[2026-05-24 21:39:35] local.INFO: [Puzzle Stat] lookup {"player_id":"6a128814f008d296d20e6676","difficulty":"DIFFICULT","category":"Geometry"} 
[2026-05-24 21:39:35] local.INFO: [Puzzle Stat] result {"found":false,"time_seconds":null} 
[2026-05-24 21:39:36] local.INFO: [Puzzle Stat] lookup {"player_id":"6a128814f008d296d20e6676","difficulty":"DIFFICULT","category":"Starbooks"} 
[2026-05-24 21:39:36] local.INFO: [Puzzle Stat] result {"found":false,"time_seconds":null} 
[2026-05-24 22:18:07] local.INFO: Leaderboard request: {"mode":"challenge","limit":"50"} 
[2026-05-24 22:18:08] local.INFO: Leaderboard request: {"mode":"battle","limit":"50"} 
[2026-05-24 22:24:52] local.INFO: Leaderboard request: {"mode":"challenge","limit":"50"} 
[2026-05-24 22:24:53] local.INFO: Leaderboard request: {"mode":"battle","limit":"50"} 
[2026-05-24 23:17:39] local.INFO: Leaderboard request: {"mode":"challenge","limit":"50"} 
[2026-05-24 23:17:40] local.INFO: Leaderboard request: {"mode":"battle","limit":"50"} 
[2026-05-25 01:33:26] local.ERROR: Call to undefined method MongoDB\Database::collection() {"exception":"[object] (Error(code: 0): Call to undefined method MongoDB\\Database::collection() at C:\\laragon\\www\\api\\vendor\\mongodb\\laravel-mongodb\\src\\Connection.php:411)
[stacktrace]
#0 C:\\laragon\\www\\api\\routes\\api.php(70): MongoDB\\Laravel\\Connection->__call('collection', Array)
#1 C:\\laragon\\www\\api\\vendor\\laravel\\framework\\src\\Illuminate\\Routing\\CallableDispatcher.php(39): Illuminate\\Routing\\RouteFileRegistrar->{closure}('6a128814f008d29...')
#2 C:\\laragon\\www\\api\\vendor\\laravel\\framework\\src\\Illuminate\\Routing\\Route.php(243): Illuminate\\Routing\\CallableDispatcher->dispatch(Object(Illuminate\\Routing\\Route), Object(Closure))
#3 C:\\laragon\\www\\api\\vendor\\laravel\\framework\\src\\Illuminate\\Routing\\Route.php(214): Illuminate\\Routing\\Route->runCallable()
#4 C:\\laragon\\www\\api\\vendor\\laravel\\framework\\src\\Illuminate\\Routing\\Router.php(822): Illuminate\\Routing\\Route->run()
#5 C:\\laragon\\www\\api\\vendor\\laravel\\framework\\src\\Illuminate\\Pipeline\\Pipeline.php(180): Illuminate\\Routing\\Router->Illuminate\\Routing\\{closure}(Object(Illuminate\\Http\\Request))
#6 C:\\laragon\\www\\api\\vendor\\laravel\\framework\\src\\Illuminate\\Routing\\Middleware\\SubstituteBindings.php(50): Illuminate\\Pipeline\\Pipeline->Illuminate\\Pipeline\\{closure}(Object(Illuminate\\Http\\Request))
#7 C:\\laragon\\www\\api\\vendor\\laravel\\framework\\src\\Illuminate\\Pipeline\\Pipeline.php(219): Illuminate\\Routing\\Middleware\\SubstituteBindings->handle(Object(Illuminate\\Http\\Request), Object(Closure))
#8 C:\\laragon\\www\\api\\vendor\\laravel\\framework\\src\\Illuminate\\Pipeline\\Pipeline.php(137): Illuminate\\Pipeline\\Pipeline->Illuminate\\Pipeline\\{closure}(Object(Illuminate\\Http\\Request))
#9 C:\\laragon\\www\\api\\vendor\\laravel\\framework\\src\\Illuminate\\Routing\\Router.php(821): Illuminate\\Pipeline\\Pipeline->then(Object(Closure))
#10 C:\\laragon\\www\\api\\vendor\\laravel\\framework\\src\\Illuminate\\Routing\\Router.php(800): Illuminate\\Routing\\Router->runRouteWithinStack(Object(Illuminate\\Routing\\Route), Object(Illuminate\\Http\\Request))
#11 C:\\laragon\\www\\api\\vendor\\laravel\\framework\\src\\Illuminate\\Routing\\Router.php(764): Illuminate\\Routing\\Router->runRoute(Object(Illuminate\\Http\\Request), Object(Illuminate\\Routing\\Route))
#12 C:\\laragon\\www\\api\\vendor\\laravel\\framework\\src\\Illuminate\\Routing\\Router.php(753): Illuminate\\Routing\\Router->dispatchToRoute(Object(Illuminate\\Http\\Request))
#13 C:\\laragon\\www\\api\\vendor\\laravel\\framework\\src\\Illuminate\\Foundation\\Http\\Kernel.php(200): Illuminate\\Routing\\Router->dispatch(Object(Illuminate\\Http\\Request))
#14 C:\\laragon\\www\\api\\vendor\\laravel\\framework\\src\\Illuminate\\Pipeline\\Pipeline.php(180): Illuminate\\Foundation\\Http\\Kernel->Illuminate\\Foundation\\Http\\{closure}(Object(Illuminate\\Http\\Request))
#15 C:\\laragon\\www\\api\\app\\Http\\Middleware\\HandleCors.php(20): Illuminate\\Pipeline\\Pipeline->Illuminate\\Pipeline\\{closure}(Object(Illuminate\\Http\\Request))
#16 C:\\laragon\\www\\api\\vendor\\laravel\\framework\\src\\Illuminate\\Pipeline\\Pipeline.php(219): App\\Http\\Middleware\\HandleCors->handle(Object(Illuminate\\Http\\Request), Object(Closure))
#17 C:\\laragon\\www\\api\\vendor\\laravel\\framework\\src\\Illuminate\\Foundation\\Http\\Middleware\\TransformsRequest.php(21): Illuminate\\Pipeline\\Pipeline->Illuminate\\Pipeline\\{closure}(Object(Illuminate\\Http\\Request))
#18 C:\\laragon\\www\\api\\vendor\\laravel\\framework\\src\\Illuminate\\Foundation\\Http\\Middleware\\ConvertEmptyStringsToNull.php(31): Illuminate\\Foundation\\Http\\Middleware\\TransformsRequest->handle(Object(Illuminate\\Http\\Request), Object(Closure))
#19 C:\\laragon\\www\\api\\vendor\\laravel\\framework\\src\\Illuminate\\Pipeline\\Pipeline.php(219): Illuminate\\Foundation\\Http\\Middleware\\ConvertEmptyStringsToNull->handle(Object(Illuminate\\Http\\Request), Object(Closure))
#20 C:\\laragon\\www\\api\\vendor\\laravel\\framework\\src\\Illuminate\\Foundation\\Http\\Middleware\\TransformsRequest.php(21): Illuminate\\Pipeline\\Pipeline->Illuminate\\Pipeline\\{closure}(Object(Illuminate\\Http\\Request))
#21 C:\\laragon\\www\\api\\vendor\\laravel\\framework\\src\\Illuminate\\Foundation\\Http\\Middleware\\TrimStrings.php(51): Illuminate\\Foundation\\Http\\Middleware\\TransformsRequest->handle(Object(Illuminate\\Http\\Request), Object(Closure))
#22 C:\\laragon\\www\\api\\vendor\\laravel\\framework\\src\\Illuminate\\Pipeline\\Pipeline.php(219): Illuminate\\Foundation\\Http\\Middleware\\TrimStrings->handle(Object(Illuminate\\Http\\Request), Object(Closure))
#23 C:\\laragon\\www\\api\\vendor\\laravel\\framework\\src\\Illuminate\\Http\\Middleware\\ValidatePostSize.php(27): Illuminate\\Pipeline\\Pipeline->Illuminate\\Pipeline\\{closure}(Object(Illuminate\\Http\\Request))
#24 C:\\laragon\\www\\api\\vendor\\laravel\\framework\\src\\Illuminate\\Pipeline\\Pipeline.php(219): Illuminate\\Http\\Middleware\\ValidatePostSize->handle(Object(Illuminate\\Http\\Request), Object(Closure))
#25 C:\\laragon\\www\\api\\vendor\\laravel\\framework\\src\\Illuminate\\Foundation\\Http\\Middleware\\PreventRequestsDuringMaintenance.php(109): Illuminate\\Pipeline\\Pipeline->Illuminate\\Pipeline\\{closure}(Object(Illuminate\\Http\\Request))
#26 C:\\laragon\\www\\api\\vendor\\laravel\\framework\\src\\Illuminate\\Pipeline\\Pipeline.php(219): Illuminate\\Foundation\\Http\\Middleware\\PreventRequestsDuringMaintenance->handle(Object(Illuminate\\Http\\Request), Object(Closure))
#27 C:\\laragon\\www\\api\\vendor\\laravel\\framework\\src\\Illuminate\\Http\\Middleware\\HandleCors.php(48): Illuminate\\Pipeline\\Pipeline->Illuminate\\Pipeline\\{closure}(Object(Illuminate\\Http\\Request))
#28 C:\\laragon\\www\\api\\vendor\\laravel\\framework\\src\\Illuminate\\Pipeline\\Pipeline.php(219): Illuminate\\Http\\Middleware\\HandleCors->handle(Object(Illuminate\\Http\\Request), Object(Closure))
#29 C:\\laragon\\www\\api\\vendor\\laravel\\framework\\src\\Illuminate\\Http\\Middleware\\TrustProxies.php(58): Illuminate\\Pipeline\\Pipeline->Illuminate\\Pipeline\\{closure}(Object(Illuminate\\Http\\Request))
#30 C:\\laragon\\www\\api\\vendor\\laravel\\framework\\src\\Illuminate\\Pipeline\\Pipeline.php(219): Illuminate\\Http\\Middleware\\TrustProxies->handle(Object(Illuminate\\Http\\Request), Object(Closure))
#31 C:\\laragon\\www\\api\\vendor\\laravel\\framework\\src\\Illuminate\\Foundation\\Http\\Middleware\\InvokeDeferredCallbacks.php(22): Illuminate\\Pipeline\\Pipeline->Illuminate\\Pipeline\\{closure}(Object(Illuminate\\Http\\Request))
#32 C:\\laragon\\www\\api\\vendor\\laravel\\framework\\src\\Illuminate\\Pipeline\\Pipeline.php(219): Illuminate\\Foundation\\Http\\Middleware\\InvokeDeferredCallbacks->handle(Object(Illuminate\\Http\\Request), Object(Closure))
#33 C:\\laragon\\www\\api\\vendor\\laravel\\framework\\src\\Illuminate\\Http\\Middleware\\ValidatePathEncoding.php(26): Illuminate\\Pipeline\\Pipeline->Illuminate\\Pipeline\\{closure}(Object(Illuminate\\Http\\Request))
#34 C:\\laragon\\www\\api\\vendor\\laravel\\framework\\src\\Illuminate\\Pipeline\\Pipeline.php(219): Illuminate\\Http\\Middleware\\ValidatePathEncoding->handle(Object(Illuminate\\Http\\Request), Object(Closure))
#35 C:\\laragon\\www\\api\\vendor\\laravel\\framework\\src\\Illuminate\\Pipeline\\Pipeline.php(137): Illuminate\\Pipeline\\Pipeline->Illuminate\\Pipeline\\{closure}(Object(Illuminate\\Http\\Request))
#36 C:\\laragon\\www\\api\\vendor\\laravel\\framework\\src\\Illuminate\\Foundation\\Http\\Kernel.php(175): Illuminate\\Pipeline\\Pipeline->then(Object(Closure))
#37 C:\\laragon\\www\\api\\vendor\\laravel\\framework\\src\\Illuminate\\Foundation\\Http\\Kernel.php(144): Illuminate\\Foundation\\Http\\Kernel->sendRequestThroughRouter(Object(Illuminate\\Http\\Request))
#38 C:\\laragon\\www\\api\\vendor\\laravel\\framework\\src\\Illuminate\\Foundation\\Application.php(1220): Illuminate\\Foundation\\Http\\Kernel->handle(Object(Illuminate\\Http\\Request))
#39 C:\\laragon\\www\\api\\public\\index.php(20): Illuminate\\Foundation\\Application->handleRequest(Object(Illuminate\\Http\\Request))
#40 {main}
"} 
[2026-05-25 01:38:52] local.INFO: Leaderboard request: {"mode":"challenge","limit":"50"} 
[2026-05-25 01:38:52] local.INFO: Leaderboard request: {"mode":"battle","limit":"50"} 
[2026-05-25 01:43:51] local.INFO: Fetching questions {"category":"Science","difficulty":"Easy","year_level":"ALL"} 
[2026-05-25 01:43:51] local.INFO: Questions found {"count":192} 
[2026-05-25 01:43:51] local.INFO: Difficulty setting applied {"difficulty":"Easy","num_questions":10} 
[2026-05-25 01:45:28] local.INFO: === BATTLE RESULT REQUEST RECEIVED ===  
[2026-05-25 01:45:28] local.INFO: Request Data: {"player_id":"6a13a8edf008d296d20e6682","category":"Science","difficulty_level":"Easy","player_score":65,"result":"lost","battle_id":"8PJH3D","questions_answered":10,"correct_answers":6} 
[2026-05-25 01:45:28] local.INFO: ✅ Validation passed {"player_id":"6a13a8edf008d296d20e6682","category":"Science","difficulty_level":"Easy","player_score":65,"result":"lost","battle_id":"8PJH3D","questions_answered":10,"correct_answers":6} 
[2026-05-25 01:45:28] local.INFO: === BATTLE RESULT REQUEST RECEIVED ===  
[2026-05-25 01:45:28] local.INFO: Request Data: {"player_id":"6a13a7f6f008d296d20e6681","category":"Science","difficulty_level":"Easy","player_score":76,"result":"won","battle_id":"8PJH3D","questions_answered":10,"correct_answers":7} 
[2026-05-25 01:45:28] local.INFO: ✅ Battle result saved to battle collection  
[2026-05-25 01:45:28] local.INFO: ✅ Validation passed {"player_id":"6a13a7f6f008d296d20e6681","category":"Science","difficulty_level":"Easy","player_score":76,"result":"won","battle_id":"8PJH3D","questions_answered":10,"correct_answers":7} 
[2026-05-25 01:45:28] local.INFO: Skipping player_stats creation - no win to record {"player_id":"6a13a8edf008d296d20e6682","game_type":"battle","result":"lost"} 
[2026-05-25 01:45:28] local.INFO: ℹ️ Player LOST - no badges awarded  
[2026-05-25 01:45:28] local.INFO: === BATTLE RESULT SAVED SUCCESSFULLY ===  
[2026-05-25 01:45:28] local.INFO: ✅ Battle result saved to battle collection  
[2026-05-25 01:45:28] local.INFO: Created new player_stats record {"player_id":"6a13a7f6f008d296d20e6681","game_type":"battle"} 
[2026-05-25 01:45:28] local.INFO: 🏆 Player WON - awarding badge progress  
[2026-05-25 01:45:28] local.INFO: 🎯 Recording badge progress from battle {"player_id":"6a13a7f6f008d296d20e6681","difficulty":"easy"} 
[2026-05-25 01:45:28] local.INFO: 📊 Badge progress updated {"total_count":1,"current_in_set":1,"milestone_reached":false} 
[2026-05-25 01:45:28] local.INFO: Badge awarded result {"badge_awarded":{"difficulty":"Easy","progress":1,"remaining":2,"badge_unlocked":false,"message":"2 more battle wins needed for next badge"}} 
[2026-05-25 01:45:28] local.INFO: === BATTLE RESULT SAVED SUCCESSFULLY ===  
[2026-05-25 02:04:26] local.INFO: Leaderboard request: {"mode":"challenge","limit":"50"} 
[2026-05-25 02:04:26] local.INFO: Leaderboard request: {"mode":"battle","limit":"50"} 
[2026-05-25 02:05:20] local.INFO: ✅ Incremented stats {"player_id":"6a128814f008d296d20e6676","game_type":"puzzle","category":"scientists","difficulty":"easy","new_count":1} 
[2026-05-25 02:05:31] local.INFO: Leaderboard request: {"mode":"challenge","limit":"50"} 
[2026-05-25 02:05:36] local.INFO: Leaderboard request: {"mode":"battle","limit":"50"} 
[2026-05-25 02:05:52] local.INFO: Leaderboard request: {"mode":"battle","limit":"50"} 
[2026-05-25 02:05:53] local.INFO: Leaderboard request: {"mode":"challenge","limit":"50"} 
[2026-05-25 02:06:17] local.INFO: Leaderboard request: {"mode":"challenge","limit":"50"} 
[2026-05-25 02:06:17] local.INFO: Leaderboard request: {"mode":"battle","limit":"50"} 
[2026-05-25 02:07:21] local.INFO: ✅ Incremented stats {"player_id":"6a13a7f6f008d296d20e6681","game_type":"puzzle","category":"solar system","difficulty":"easy","new_count":1} 
[2026-05-25 02:08:58] local.INFO: ✅ Incremented stats {"player_id":"6a13a7f6f008d296d20e6681","game_type":"puzzle","category":"solar system","difficulty":"average","new_count":1} 
[2026-05-25 02:09:22] local.INFO: Fetching questions {"category":"Science","difficulty":"Easy","year_level":"ALL"} 
[2026-05-25 02:09:22] local.INFO: Questions found {"count":192} 
[2026-05-25 02:09:22] local.INFO: Difficulty setting applied {"difficulty":"Easy","num_questions":10} 
[2026-05-25 02:10:55] local.INFO: Fetching questions {"category":"Science","difficulty":"Easy","year_level":"ALL"} 
[2026-05-25 02:10:55] local.INFO: Questions found {"count":192} 
[2026-05-25 02:10:55] local.INFO: Difficulty setting applied {"difficulty":"Easy","num_questions":10} 
[2026-05-25 02:11:44] local.INFO: Challenge result saved {"player_id":"6a13a7f6f008d296d20e6681","correct_answers":6,"total_questions":10,"is_perfect":false} 
[2026-05-25 02:11:44] local.INFO: Not a perfect score — no badge awarded {"correct":6,"total":10} 
[2026-05-25 02:13:21] local.INFO: Fetching questions {"category":"Math","difficulty":"Easy","year_level":"ALL"} 
[2026-05-25 02:13:22] local.INFO: Questions found {"count":1208} 
[2026-05-25 02:13:22] local.INFO: Difficulty setting applied {"difficulty":"Easy","num_questions":10} 
[2026-05-25 02:15:11] local.INFO: === BATTLE RESULT REQUEST RECEIVED ===  
[2026-05-25 02:15:11] local.INFO: === BATTLE RESULT REQUEST RECEIVED ===  
[2026-05-25 02:15:12] local.INFO: Request Data: {"player_id":"6a13a8edf008d296d20e6682","category":"Math","difficulty_level":"Easy","player_score":41,"result":"lost","battle_id":"A2FQAV","questions_answered":10,"correct_answers":4} 
[2026-05-25 02:15:12] local.INFO: Request Data: {"player_id":"6a13a7f6f008d296d20e6681","category":"Math","difficulty_level":"Easy","player_score":60,"result":"won","battle_id":"A2FQAV","questions_answered":10,"correct_answers":6} 
[2026-05-25 02:15:12] local.INFO: ✅ Validation passed {"player_id":"6a13a7f6f008d296d20e6681","category":"Math","difficulty_level":"Easy","player_score":60,"result":"won","battle_id":"A2FQAV","questions_answered":10,"correct_answers":6} 
[2026-05-25 02:15:12] local.INFO: ✅ Validation passed {"player_id":"6a13a8edf008d296d20e6682","category":"Math","difficulty_level":"Easy","player_score":41,"result":"lost","battle_id":"A2FQAV","questions_answered":10,"correct_answers":4} 
[2026-05-25 02:15:12] local.INFO: ✅ Battle result saved to battle collection  
[2026-05-25 02:15:12] local.INFO: ✅ Battle result saved to battle collection  
[2026-05-25 02:15:13] local.INFO: Skipping player_stats creation - no win to record {"player_id":"6a13a8edf008d296d20e6682","game_type":"battle","result":"lost"} 
[2026-05-25 02:15:13] local.INFO: ℹ️ Player LOST - no badges awarded  
[2026-05-25 02:15:13] local.INFO: === BATTLE RESULT SAVED SUCCESSFULLY ===  
[2026-05-25 02:15:13] local.INFO: ✅ Incremented stats {"player_id":"6a13a7f6f008d296d20e6681","game_type":"battle","category":"math","difficulty":"easy","new_count":1} 
[2026-05-25 02:15:13] local.INFO: 🏆 Player WON - awarding badge progress  
[2026-05-25 02:15:13] local.INFO: 🎯 Recording badge progress from battle {"player_id":"6a13a7f6f008d296d20e6681","difficulty":"easy"} 
[2026-05-25 02:15:13] local.INFO: 📊 Badge progress updated {"total_count":2,"current_in_set":2,"milestone_reached":false} 
[2026-05-25 02:15:13] local.INFO: Badge awarded result {"badge_awarded":{"difficulty":"Easy","progress":2,"remaining":1,"badge_unlocked":false,"message":"1 more battle win needed for next badge"}} 
[2026-05-25 02:15:13] local.INFO: === BATTLE RESULT SAVED SUCCESSFULLY ===  
[2026-05-25 02:15:28] local.INFO: Leaderboard request: {"mode":"battle","limit":"50"} 
} 
[2026-05-25 02:16:42] local.INFO: Fetching questions {"category":"Math","difficulty":"Difficult","year_level":"ALL"} 
[2026-05-25 02:16:42] local.INFO: Questions found {"count":1428} 
[2026-05-25 02:16:43] local.INFO: Difficulty setting applied {"difficulty":"Difficult","num_questions":10} 
[2026-05-25 02:19:02] local.INFO: === BATTLE RESULT REQUEST RECEIVED ===  
[2026-05-25 02:19:02] local.INFO: Request Data: {"player_id":"6a13a8edf008d296d20e6682","category":"Math","difficulty_level":"Difficult","player_score":30,"result":"lost","battle_id":"U6WO36","questions_answered":10,"correct_answers":4} 
[2026-05-25 02:19:02] local.INFO: === BATTLE RESULT REQUEST RECEIVED ===  
[2026-05-25 02:19:02] local.INFO: Request Data: {"player_id":"6a13a7f6f008d296d20e6681","category":"Math","difficulty_level":"Difficult","player_score":30,"result":"lost","battle_id":"U6WO36","questions_answered":10,"correct_answers":4} 
[2026-05-25 02:19:03] local.INFO: ✅ Validation passed {"player_id":"6a13a8edf008d296d20e6682","category":"Math","difficulty_level":"Difficult","player_score":30,"result":"lost","battle_id":"U6WO36","questions_answered":10,"correct_answers":4} 
[2026-05-25 02:19:03] local.INFO: ✅ Validation passed {"player_id":"6a13a7f6f008d296d20e6681","category":"Math","difficulty_level":"Difficult","player_score":30,"result":"lost","battle_id":"U6WO36","questions_answered":10,"correct_answers":4} 
[2026-05-25 02:19:03] local.INFO: ✅ Battle result saved to battle collection  
[2026-05-25 02:19:04] local.INFO: ✅ Battle result saved to battle collection  
[2026-05-25 02:19:04] local.INFO: Skipping player_stats creation - no win to record {"player_id":"6a13a8edf008d296d20e6682","game_type":"battle","result":"lost"} 
[2026-05-25 02:19:04] local.INFO: ℹ️ Player LOST - no badges awarded  
[2026-05-25 02:19:04] local.INFO: === BATTLE RESULT SAVED SUCCESSFULLY ===  
[2026-05-25 02:19:04] local.INFO: Skipping stats increment - loss recorded {"player_id":"6a13a7f6f008d296d20e6681","result":"lost"} 
[2026-05-25 02:19:04] local.INFO: ℹ️ Player LOST - no badges awarded  
[2026-05-25 02:19:04] local.INFO: === BATTLE RESULT SAVED SUCCESSFULLY ===  
[2026-05-25 02:19:23] local.INFO: Leaderboard request: {"mode":"challenge","limit":"50"} 
[2026-05-25 02:19:24] local.INFO: Leaderboard request: {"mode":"battle","limit":"50"} 
[2026-05-25 02:20:23] local.INFO: Fetching questions {"category":"Science","difficulty":"Difficult","year_level":"ALL"} 
[2026-05-25 02:20:23] local.INFO: Questions found {"count":1498} 
[2026-05-25 02:20:24] local.INFO: Difficulty setting applied {"difficulty":"Difficult","num_questions":10} 
[2026-05-25 02:22:36] local.INFO: === BATTLE RESULT REQUEST RECEIVED ===  
[2026-05-25 02:22:36] local.INFO: Request Data: {"player_id":"6a13a8edf008d296d20e6682","category":"Science","difficulty_level":"Difficult","player_score":28,"result":"won","battle_id":"SMGGM1","questions_answered":10,"correct_answers":3} 
[2026-05-25 02:22:36] local.INFO: === BATTLE RESULT REQUEST RECEIVED ===  
[2026-05-25 02:22:36] local.INFO: ✅ Validation passed {"player_id":"6a13a8edf008d296d20e6682","category":"Science","difficulty_level":"Difficult","player_score":28,"result":"won","battle_id":"SMGGM1","questions_answered":10,"correct_answers":3} 
[2026-05-25 02:22:36] local.INFO: Request Data: {"player_id":"6a13a7f6f008d296d20e6681","category":"Science","difficulty_level":"Difficult","player_score":13,"result":"lost","battle_id":"SMGGM1","questions_answered":10,"correct_answers":3} 
[2026-05-25 02:22:37] local.INFO: ✅ Validation passed {"player_id":"6a13a7f6f008d296d20e6681","category":"Science","difficulty_level":"Difficult","player_score":13,"result":"lost","battle_id":"SMGGM1","questions_answered":10,"correct_answers":3} 
[2026-05-25 02:22:37] local.INFO: ✅ Battle result saved to battle collection  
[2026-05-25 02:22:37] local.INFO: ✅ Battle result saved to battle collection  
[2026-05-25 02:22:37] local.INFO: Created new player_stats record {"player_id":"6a13a8edf008d296d20e6682","game_type":"battle"} 
[2026-05-25 02:22:37] local.INFO: 🏆 Player WON - awarding badge progress  
[2026-05-25 02:22:37] local.INFO: 🎯 Recording badge progress from battle {"player_id":"6a13a8edf008d296d20e6682","difficulty":"difficult"} 
[2026-05-25 02:22:37] local.INFO: 📊 Badge progress updated {"total_count":1,"current_in_set":1,"milestone_reached":false} 
[2026-05-25 02:22:37] local.INFO: Badge awarded result {"badge_awarded":{"difficulty":"Difficult","progress":1,"remaining":2,"badge_unlocked":false,"message":"2 more battle wins needed for next badge"}} 
[2026-05-25 02:22:37] local.INFO: === BATTLE RESULT SAVED SUCCESSFULLY ===  
[2026-05-25 02:22:37] local.INFO: Skipping stats increment - loss recorded {"player_id":"6a13a7f6f008d296d20e6681","result":"lost"} 
[2026-05-25 02:22:37] local.INFO: ℹ️ Player LOST - no badges awarded  
[2026-05-25 02:22:37] local.INFO: === BATTLE RESULT SAVED SUCCESSFULLY ===  
[2026-05-25 02:22:49] local.INFO: Leaderboard request: {"mode":"challenge","limit":"50"} 
[2026-05-25 02:22:50] local.INFO: Leaderboard request: {"mode":"battle","limit":"50"} 
[2026-05-25 02:23:34] local.INFO: Leaderboard request: {"mode":"battle","limit":"50"} 
[2026-05-25 02:23:34] local.INFO: Leaderboard request: {"mode":"challenge","limit":"50"} 
[2026-05-25 02:27:25] local.INFO: Leaderboard request: {"mode":"challenge","limit":"50"} 
[2026-05-25 02:27:28] local.INFO: Leaderboard request: {"mode":"battle","limit":"50"} 
[2026-05-25 02:28:17] local.INFO: Leaderboard request: {"mode":"battle","limit":"50"} 
[2026-05-25 02:28:21] local.INFO: Leaderboard request: {"mode":"challenge","limit":"50"} 
[2026-05-25 02:32:59] local.INFO: Created new player_stats record {"player_id":"6a13b491f008d296d20e6697","game_type":"memory_match"} 
[2026-05-25 02:35:59] local.INFO: ✅ Incremented stats {"player_id":"6a13b491f008d296d20e6697","game_type":"puzzle","category":"human body","difficulty":"difficult","new_count":1} 
[2026-05-25 02:36:10] local.INFO: Leaderboard request: {"mode":"challenge","limit":"50"} 
[2026-05-25 02:36:11] local.INFO: Leaderboard request: {"mode":"battle","limit":"50"} 
[2026-05-25 02:36:43] local.INFO: Leaderboard request: {"mode":"challenge","limit":"50"} 
[2026-05-25 02:36:43] local.INFO: Leaderboard request: {"mode":"battle","limit":"50"} 
[2026-05-25 02:38:59] local.INFO: Fetching questions {"category":"Science","difficulty":"Easy","year_level":"ALL"} 
[2026-05-25 02:39:00] local.INFO: Questions found {"count":192} 
[2026-05-25 02:39:00] local.INFO: Difficulty setting applied {"difficulty":"Easy","num_questions":10} 
[2026-05-25 02:41:03] local.INFO: === BATTLE RESULT REQUEST RECEIVED ===  
[2026-05-25 02:41:03] local.INFO: Request Data: {"player_id":"6a13a7f6f008d296d20e6681","category":"Science","difficulty_level":"Easy","player_score":82,"result":"won","battle_id":"N3B0JJ","questions_answered":10,"correct_answers":7} 
[2026-05-25 02:41:03] local.INFO: ✅ Validation passed {"player_id":"6a13a7f6f008d296d20e6681","category":"Science","difficulty_level":"Easy","player_score":82,"result":"won","battle_id":"N3B0JJ","questions_answered":10,"correct_answers":7} 
[2026-05-25 02:41:03] local.INFO: ✅ Battle result saved to battle collection  
[2026-05-25 02:41:03] local.INFO: === BATTLE RESULT REQUEST RECEIVED ===  
[2026-05-25 02:41:03] local.INFO: Request Data: {"player_id":"6a13b491f008d296d20e6697","category":"Science","difficulty_level":"Easy","player_score":45,"result":"lost","battle_id":"N3B0JJ","questions_answered":10,"correct_answers":6} 
[2026-05-25 02:41:03] local.INFO: ✅ Incremented stats {"player_id":"6a13a7f6f008d296d20e6681","game_type":"battle","category":"science","difficulty":"easy","new_count":2} 
[2026-05-25 02:41:03] local.INFO: 🏆 Player WON - awarding badge progress  
[2026-05-25 02:41:03] local.INFO: 🎯 Recording badge progress from battle {"player_id":"6a13a7f6f008d296d20e6681","difficulty":"easy"} 
[2026-05-25 02:41:03] local.INFO: 📊 Badge progress updated {"total_count":3,"current_in_set":0,"milestone_reached":true} 
[2026-05-25 02:41:03] local.INFO: 🎊 MILESTONE REACHED! {"difficulty":"easy","badge_number":1,"total_badges_earned":3} 
[2026-05-25 02:41:03] local.INFO: Claimable reward created — awaiting player claim {"difficulty":"easy","badge_number":1} 
[2026-05-25 02:41:03] local.INFO: ✅ Claimable reward created in player_rewards {"difficulty":"easy","badge_number":1,"must_claim":true} 
[2026-05-25 02:41:03] local.INFO: Badge awarded result {"badge_awarded":{"difficulty":"Easy","badge_unlocked":true,"badge_number":1,"can_claim":true,"message":"Congratulations! You've earned badge #1 for Easy difficulty! Visit the badge screen to claim it."}} 
[2026-05-25 02:41:03] local.INFO: === BATTLE RESULT SAVED SUCCESSFULLY ===  
[2026-05-25 02:41:03] local.INFO: ✅ Validation passed {"player_id":"6a13b491f008d296d20e6697","category":"Science","difficulty_level":"Easy","player_score":45,"result":"lost","battle_id":"N3B0JJ","questions_answered":10,"correct_answers":6} 
[2026-05-25 02:41:04] local.INFO: ✅ Battle result saved to battle collection  
[2026-05-25 02:41:04] local.INFO: Skipping stats increment - loss recorded {"player_id":"6a13b491f008d296d20e6697","result":"lost"} 
[2026-05-25 02:41:04] local.INFO: ℹ️ Player LOST - no badges awarded  
[2026-05-25 02:41:04] local.INFO: === BATTLE RESULT SAVED SUCCESSFULLY ===  
[2026-05-25 02:42:06] local.INFO: Fetching questions {"category":"Science","difficulty":"Difficult","year_level":"ALL"} 
[2026-05-25 02:42:06] local.INFO: Questions found {"count":1498} 
[2026-05-25 02:42:06] local.INFO: Difficulty setting applied {"difficulty":"Difficult","num_questions":10} 
[2026-05-25 02:44:10] local.INFO: === BATTLE RESULT REQUEST RECEIVED ===  
[2026-05-25 02:44:10] local.INFO: Request Data: {"player_id":"6a13a7f6f008d296d20e6681","category":"Science","difficulty_level":"Difficult","player_score":50,"result":"won","battle_id":"LTFEVD","questions_answered":10,"correct_answers":6} 
[2026-05-25 02:44:10] local.INFO: === BATTLE RESULT REQUEST RECEIVED ===  
[2026-05-25 02:44:10] local.INFO: Request Data: {"player_id":"6a13b491f008d296d20e6697","category":"Science","difficulty_level":"Difficult","player_score":39,"result":"lost","battle_id":"LTFEVD","questions_answered":10,"correct_answers":5} 
[2026-05-25 02:44:10] local.INFO: ✅ Validation passed {"player_id":"6a13a7f6f008d296d20e6681","category":"Science","difficulty_level":"Difficult","player_score":50,"result":"won","battle_id":"LTFEVD","questions_answered":10,"correct_answers":6} 
[2026-05-25 02:44:10] local.INFO: ✅ Validation passed {"player_id":"6a13b491f008d296d20e6697","category":"Science","difficulty_level":"Difficult","player_score":39,"result":"lost","battle_id":"LTFEVD","questions_answered":10,"correct_answers":5} 
[2026-05-25 02:44:11] local.INFO: ✅ Battle result saved to battle collection  
[2026-05-25 02:44:11] local.INFO: ✅ Battle result saved to battle collection  
[2026-05-25 02:44:11] local.INFO: ✅ Incremented stats {"player_id":"6a13a7f6f008d296d20e6681","game_type":"battle","category":"science","difficulty":"difficult","new_count":1} 
[2026-05-25 02:44:11] local.INFO: 🏆 Player WON - awarding badge progress  
[2026-05-25 02:44:11] local.INFO: 🎯 Recording badge progress from battle {"player_id":"6a13a7f6f008d296d20e6681","difficulty":"difficult"} 
[2026-05-25 02:44:11] local.INFO: 📊 Badge progress updated {"total_count":1,"current_in_set":1,"milestone_reached":false} 
[2026-05-25 02:44:11] local.INFO: Badge awarded result {"badge_awarded":{"difficulty":"Difficult","progress":1,"remaining":2,"badge_unlocked":false,"message":"2 more battle wins needed for next badge"}} 
[2026-05-25 02:44:11] local.INFO: === BATTLE RESULT SAVED SUCCESSFULLY ===  
[2026-05-25 02:44:11] local.INFO: Skipping stats increment - loss recorded {"player_id":"6a13b491f008d296d20e6697","result":"lost"} 
[2026-05-25 02:44:11] local.INFO: ℹ️ Player LOST - no badges awarded  
[2026-05-25 02:44:11] local.INFO: === BATTLE RESULT SAVED SUCCESSFULLY ===  
[2026-05-25 02:45:01] local.INFO: ✅ Incremented stats {"player_id":"6a13a7f6f008d296d20e6681","game_type":"memory_match","category":"general","difficulty":"difficult","new_count":1} 
[2026-05-25 02:46:08] local.INFO: ✅ Incremented stats {"player_id":"6a13b491f008d296d20e6697","game_type":"puzzle","category":"scientists","difficulty":"difficult","new_count":1} 
[2026-05-25 02:46:26] local.INFO: ✅ Incremented stats {"player_id":"6a13a7f6f008d296d20e6681","game_type":"puzzle","category":"starbooks","difficulty":"average","new_count":1} 
[2026-05-25 02:46:35] local.INFO: Leaderboard request: {"mode":"challenge","limit":"50"} 
[2026-05-25 02:46:35] local.INFO: Leaderboard request: {"mode":"battle","limit":"50"} 
[2026-05-25 02:46:49] local.INFO: Leaderboard request: {"mode":"challenge","limit":"50"} 
[2026-05-25 02:46:51] local.INFO: Leaderboard request: {"mode":"battle","limit":"50"} 
[2026-05-25 02:47:08] local.INFO: Leaderboard request: {"mode":"battle","limit":"50"} 
[2026-05-25 02:47:08] local.INFO: Leaderboard request: {"mode":"challenge","limit":"50"} 
[2026-05-25 02:47:15] local.INFO: Leaderboard request: {"mode":"battle","limit":"50"} 
[2026-05-25 02:47:15] local.INFO: Leaderboard request: {"mode":"challenge","limit":"50"} 
[2026-05-25 02:47:35] local.INFO: Leaderboard request: {"mode":"challenge","limit":"50"} 
[2026-05-25 02:47:36] local.INFO: Leaderboard request: {"mode":"challenge","limit":"50"} 
[2026-05-25 02:47:36] local.INFO: Leaderboard request: {"mode":"battle","limit":"50"} 
[2026-05-25 02:47:44] local.INFO: Leaderboard request: {"mode":"battle","limit":"50"} 
[2026-05-25 02:47:56] local.INFO: Leaderboard request: {"mode":"challenge","limit":"50"} 
[2026-05-25 02:47:56] local.INFO: Leaderboard request: {"mode":"challenge","limit":"50"} 
[2026-05-25 02:48:04] local.INFO: Leaderboard request: {"mode":"battle","limit":"50"} 
[2026-05-25 02:48:04] local.INFO: Leaderboard request: {"mode":"battle","limit":"50"} 
[2026-05-25 02:48:11] local.INFO: Leaderboard request: {"mode":"challenge","limit":"50"} 
[2026-05-25 02:48:30] production.INFO: Leaderboard request: {"mode":"battle","limit":"50"} 
[2026-05-25 02:48:32] local.INFO: Leaderboard request: {"mode":"battle","limit":"50"} 
[2026-05-25 02:48:32] local.INFO: Leaderboard request: {"mode":"challenge","limit":"50"} 
[2026-05-25 02:48:34] local.INFO: Leaderboard request: {"mode":"challenge","limit":"50"} 
[2026-05-25 02:48:36] local.INFO: Leaderboard request: {"mode":"battle","limit":"50"} 
[2026-05-25 02:48:37] local.INFO: Leaderboard request: {"mode":"challenge","limit":"50"} 
[2026-05-25 02:48:38] local.INFO: Leaderboard request: {"mode":"battle","limit":"50"} 
[2026-05-25 02:48:38] local.INFO: Leaderboard request: {"mode":"challenge","limit":"50"} 
[2026-05-25 02:48:41] local.INFO: Leaderboard request: {"mode":"battle","limit":"50"} 
[2026-05-25 02:48:42] local.INFO: Leaderboard request: {"mode":"challenge","limit":"50"} 
[2026-05-25 02:48:43] local.INFO: Leaderboard request: {"mode":"challenge","limit":"50"} 
[2026-05-25 02:48:44] production.INFO: Leaderboard request: {"mode":"battle","limit":"50"} 
[2026-05-25 02:48:45] local.INFO: Leaderboard request: {"mode":"battle","limit":"50"} 
[2026-05-25 02:48:45] local.INFO: Leaderboard request: {"mode":"challenge","limit":"50"} 
[2026-05-25 02:48:46] local.INFO: Leaderboard request: {"mode":"battle","limit":"50"} 
[2026-05-25 02:48:46] local.INFO: Leaderboard request: {"mode":"challenge","limit":"50"} 
[2026-05-25 02:48:48] local.INFO: Leaderboard request: {"mode":"battle","limit":"50"} 
[2026-05-25 02:48:48] local.INFO: Leaderboard request: {"mode":"battle","limit":"50"} 
[2026-05-25 02:48:49] local.INFO: Leaderboard request: {"mode":"challenge","limit":"50"} 
[2026-05-25 02:48:49] local.INFO: Leaderboard request: {"mode":"challenge","limit":"50"} 
[2026-05-25 02:48:51] local.INFO: Leaderboard request: {"mode":"battle","limit":"50"} 
[2026-05-25 02:48:51] local.INFO: Leaderboard request: {"mode":"challenge","limit":"50"} 
[2026-05-25 02:48:52] local.INFO: Leaderboard request: {"mode":"battle","limit":"50"} 
[2026-05-25 02:48:54] local.INFO: Leaderboard request: {"mode":"challenge","limit":"50"} 
[2026-05-25 02:48:58] local.INFO: Leaderboard request: {"mode":"battle","limit":"50"} 
[2026-05-25 02:49:04] local.INFO: Leaderboard request: {"mode":"battle","limit":"50"} 
[2026-05-25 02:49:05] local.INFO: Leaderboard request: {"mode":"challenge","limit":"50"} 
[2026-05-25 02:51:50] production.INFO: Leaderboard request: {"mode":"challenge","limit":"50"} 
[2026-05-25 02:53:13] local.INFO: Leaderboard request: {"mode":"challenge","limit":"50"} 
[2026-05-25 02:53:13] local.INFO: Leaderboard request: {"mode":"battle","limit":"50"} 
[2026-05-25 02:54:38] local.INFO: Profile propagated to leaderboard collections {"player_id":"6a13a8edf008d296d20e6682","old_username":"Arcielle","new_username":"MARIE","username_changed":true,"avatar_changed":false} 
[2026-05-25 02:55:04] local.INFO: Leaderboard request: {"mode":"challenge","limit":"50"} 
[2026-05-25 02:55:04] local.INFO: Leaderboard request: {"mode":"battle","limit":"50"} 
[2026-05-25 02:55:15] local.INFO: Leaderboard request: {"mode":"challenge","limit":"50"} 
[2026-05-25 02:55:15] local.INFO: Leaderboard request: {"mode":"battle","limit":"50"} 
[2026-05-25 02:55:40] local.INFO: Leaderboard request: {"mode":"challenge","limit":"50"} 
[2026-05-25 02:55:40] local.INFO: Leaderboard request: {"mode":"battle","limit":"50"} 
[2026-05-25 02:55:46] local.INFO: Leaderboard request: {"mode":"challenge","limit":"50"} 
[2026-05-25 02:55:46] local.INFO: Leaderboard request: {"mode":"battle","limit":"50"} 
[2026-05-25 02:56:08] local.INFO: Profile propagated to leaderboard collections {"player_id":"6a13a7f6f008d296d20e6681","old_username":"Carcharodontosaurus","new_username":"Pachycephalosaurus","username_changed":true,"avatar_changed":false} 
[2026-05-25 02:56:21] local.INFO: Leaderboard request: {"mode":"challenge","limit":"50"} 
[2026-05-25 02:56:21] local.INFO: Leaderboard request: {"mode":"battle","limit":"50"} 
[2026-05-25 02:56:32] local.INFO: Leaderboard request: {"mode":"challenge","limit":"50"} 
[2026-05-25 02:56:32] local.INFO: Leaderboard request: {"mode":"battle","limit":"50"} 
[2026-05-25 02:56:36] local.INFO: Leaderboard request: {"mode":"battle","limit":"50"} 
[2026-05-25 02:56:36] local.INFO: Leaderboard request: {"mode":"challenge","limit":"50"} 
[2026-05-25 02:56:38] local.INFO: Leaderboard request: {"mode":"battle","limit":"50"} 
[2026-05-25 02:56:38] local.INFO: Leaderboard request: {"mode":"challenge","limit":"50"} 
[2026-05-25 02:56:41] local.INFO: Leaderboard request: {"mode":"challenge","limit":"50"} 
[2026-05-25 03:06:50] local.INFO: Leaderboard request: {"mode":"challenge","limit":"50"} 
[2026-05-25 03:06:50] local.INFO: Leaderboard request: {"mode":"battle","limit":"50"} 
} 
[2026-05-25 03:06:52] local.INFO: Leaderboard request: {"mode":"challenge","limit":"50"} 
[2026-05-25 03:06:52] local.INFO: Leaderboard request: {"mode":"battle","limit":"50"} 
[2026-05-25 03:06:52] local.INFO: Leaderboard request: {"mode":"challenge","limit":"50"} 
[2026-05-25 03:06:52] local.INFO: Leaderboard request: {"mode":"battle","limit":"50"} 
[2026-05-25 03:06:53] local.INFO: Leaderboard request: {"mode":"challenge","limit":"50"} 
[2026-05-25 03:06:53] local.INFO: Leaderboard request: {"mode":"battle","limit":"50"} 
[2026-05-25 03:06:55] local.INFO: Leaderboard request: {"mode":"battle","limit":"50"} 
} 
[2026-05-25 03:06:56] local.INFO: Leaderboard request: {"mode":"battle","limit":"50"} 
[2026-05-25 03:06:56] local.INFO: Leaderboard request: {"mode":"challenge","limit":"50"} 
[2026-05-25 03:06:56] local.INFO: Leaderboard request: {"mode":"challenge","limit":"50"} 
[2026-05-25 03:06:56] local.INFO: Leaderboard request: {"mode":"battle","limit":"50"} 
[2026-05-25 03:06:58] local.INFO: Leaderboard request: {"mode":"challenge","limit":"50"} 
[2026-05-25 03:06:58] local.INFO: Leaderboard request: {"mode":"battle","limit":"50"} 
[2026-05-25 03:06:59] local.INFO: Leaderboard request: {"mode":"challenge","limit":"50"} 
[2026-05-25 03:06:59] local.INFO: Leaderboard request: {"mode":"battle","limit":"50"} 
[2026-05-25 03:06:59] local.INFO: Leaderboard request: {"mode":"battle","limit":"50"} 
[2026-05-25 03:06:59] local.INFO: Leaderboard request: {"mode":"challenge","limit":"50"} 
[2026-05-25 03:25:29] local.INFO: Leaderboard request: {"mode":"battle","limit":"50"} 
[2026-05-25 03:25:29] local.INFO: Leaderboard request: {"mode":"challenge","limit":"50"} 
[2026-05-25 03:25:43] local.INFO: Leaderboard request: {"mode":"challenge","limit":"50"} 
[2026-05-25 03:25:44] local.INFO: Leaderboard request: {"mode":"battle","limit":"50"} 
[2026-05-25 03:26:02] local.INFO: Leaderboard request: {"mode":"battle","limit":"50"} 
[2026-05-25 03:26:02] local.INFO: Leaderboard request: {"mode":"challenge","limit":"50"} 
[2026-05-25 03:26:30] local.INFO: Leaderboard request: {"mode":"battle","limit":"50"} 
[2026-05-25 03:26:30] local.INFO: Leaderboard request: {"mode":"challenge","limit":"50"} 
[2026-05-25 06:13:57] local.INFO: Leaderboard request: {"mode":"challenge","limit":"50"} 
[2026-05-25 06:13:57] local.INFO: Leaderboard request: {"mode":"battle","limit":"50"} 
[2026-05-25 06:14:23] local.INFO: Leaderboard request: {"mode":"battle","limit":"50"} 
[2026-05-25 06:14:23] local.INFO: Leaderboard request: {"mode":"challenge","limit":"50"} 
[2026-05-25 06:16:38] local.INFO: Leaderboard request: {"mode":"battle","limit":"50"} 
[2026-05-25 06:16:38] local.INFO: Leaderboard request: {"mode":"challenge","limit":"50"} 
[2026-05-25 06:16:51] local.INFO: Leaderboard request: {"mode":"battle","limit":"50"} 
[2026-05-25 06:16:51] local.INFO: Leaderboard request: {"mode":"challenge","limit":"50"} 
[2026-05-25 06:17:44] local.INFO: ✅ Incremented stats {"player_id":"6a13a8edf008d296d20e6682","game_type":"memory_match","category":"general","difficulty":"easy","new_count":1} 
[2026-05-25 06:18:23] local.INFO: ✅ Incremented stats {"player_id":"6a13a8edf008d296d20e6682","game_type":"memory_match","category":"general","difficulty":"difficult","new_count":1} 
[2026-05-25 06:19:03] local.INFO: ✅ Incremented stats {"player_id":"6a13a8edf008d296d20e6682","game_type":"memory_match","category":"general","difficulty":"difficult","new_count":2} 
[2026-05-25 06:19:57] local.INFO: ✅ Incremented stats {"player_id":"6a13a8edf008d296d20e6682","game_type":"memory_match","category":"general","difficulty":"difficult","new_count":3} 
[2026-05-25 06:21:30] local.INFO: ✅ Incremented stats {"player_id":"6a13a8edf008d296d20e6682","game_type":"memory_match","category":"general","difficulty":"difficult","new_count":4} 
[2026-05-25 06:22:26] local.INFO: ✅ Incremented stats {"player_id":"6a13a8edf008d296d20e6682","game_type":"memory_match","category":"general","difficulty":"difficult","new_count":5} 
[2026-05-25 06:23:27] local.INFO: ✅ Incremented stats {"player_id":"6a13a8edf008d296d20e6682","game_type":"memory_match","category":"general","difficulty":"difficult","new_count":6} 
[2026-05-25 06:25:10] local.INFO: Leaderboard request: {"mode":"battle","limit":"50"} 
[2026-05-25 06:25:10] local.INFO: Leaderboard request: {"mode":"challenge","limit":"50"} 
[2026-05-25 06:25:31] local.INFO: ✅ Incremented stats {"player_id":"6a13a8edf008d296d20e6682","game_type":"memory_match","category":"general","difficulty":"difficult","new_count":7} 
[2026-05-25 06:26:57] local.INFO: ✅ Incremented stats {"player_id":"6a13a7f6f008d296d20e6681","game_type":"memory_match","category":"general","difficulty":"average","new_count":1} 
[2026-05-25 06:27:22] local.INFO: ✅ Incremented stats {"player_id":"6a13a7f6f008d296d20e6681","game_type":"memory_match","category":"general","difficulty":"average","new_count":2} 
[2026-05-25 06:27:36] local.INFO: Leaderboard request: {"mode":"battle","limit":"50"} 
[2026-05-25 06:27:36] local.INFO: Leaderboard request: {"mode":"challenge","limit":"50"} 
[2026-05-25 06:28:47] local.INFO: ✅ Incremented stats {"player_id":"6a13a7f6f008d296d20e6681","game_type":"memory_match","category":"general","difficulty":"difficult","new_count":2} 
[2026-05-25 06:29:36] local.INFO: ✅ Incremented stats {"player_id":"6a13a7f6f008d296d20e6681","game_type":"memory_match","category":"general","difficulty":"difficult","new_count":3} 
[2026-05-25 06:29:57] local.INFO: Leaderboard request: {"mode":"challenge","limit":"50"} 
[2026-05-25 06:29:57] local.INFO: Leaderboard request: {"mode":"battle","limit":"50"} 
[2026-05-25 06:30:49] local.INFO: ✅ Incremented stats {"player_id":"6a13a7f6f008d296d20e6681","game_type":"puzzle","category":"scientists","difficulty":"average","new_count":1} 
[2026-05-25 06:31:31] local.INFO: ✅ Incremented stats {"player_id":"6a13a7f6f008d296d20e6681","game_type":"puzzle","category":"scientists","difficulty":"average","new_count":2} 
[2026-05-25 06:32:22] local.INFO: ✅ Incremented stats {"player_id":"6a13a7f6f008d296d20e6681","game_type":"memory_match","category":"general","difficulty":"difficult","new_count":4} 
[2026-05-25 06:33:13] local.INFO: ✅ Incremented stats {"player_id":"6a13a8edf008d296d20e6682","game_type":"memory_match","category":"general","difficulty":"difficult","new_count":8} 
[2026-05-25 06:34:16] local.INFO: ✅ Incremented stats {"player_id":"6a13a7f6f008d296d20e6681","game_type":"puzzle","category":"solar system","difficulty":"difficult","new_count":1} 
[2026-05-25 06:34:50] local.INFO: ✅ Incremented stats {"player_id":"6a13a8edf008d296d20e6682","game_type":"memory_match","category":"general","difficulty":"difficult","new_count":9} 
[2026-05-25 06:35:41] local.INFO: ✅ Incremented stats {"player_id":"6a13a8edf008d296d20e6682","game_type":"memory_match","category":"general","difficulty":"difficult","new_count":10} 
[2026-05-25 06:46:08] local.INFO: Fetching questions {"category":"Science","difficulty":"Easy","year_level":"ALL"} 
[2026-05-25 06:46:08] local.INFO: Questions found {"count":192} 
[2026-05-25 06:46:08] local.INFO: Difficulty setting applied {"difficulty":"Easy","num_questions":10} 
[2026-05-25 06:46:52] local.INFO: ✅ Incremented stats {"player_id":"6a13a8edf008d296d20e6682","game_type":"memory_match","category":"general","difficulty":"difficult","new_count":11} 
[2026-05-25 06:47:04] local.INFO: Fetching questions {"category":"Science","difficulty":"Easy","year_level":"ALL"} 
[2026-05-25 06:47:05] local.INFO: Questions found {"count":192} 
[2026-05-25 06:47:05] local.INFO: Difficulty setting applied {"difficulty":"Easy","num_questions":10} 
[2026-05-25 06:47:52] local.INFO: ✅ Incremented stats {"player_id":"6a13a8edf008d296d20e6682","game_type":"memory_match","category":"general","difficulty":"difficult","new_count":12} 
[2026-05-25 06:49:50] local.INFO: ✅ Incremented stats {"player_id":"6a13a8edf008d296d20e6682","game_type":"puzzle","category":"scientists","difficulty":"difficult","new_count":1} 
[2026-05-25 06:51:05] local.INFO: Fetching questions {"category":"Science","difficulty":"Easy","year_level":"ALL"} 
[2026-05-25 06:51:05] local.INFO: Questions found {"count":192} 
[2026-05-25 06:51:05] local.INFO: Difficulty setting applied {"difficulty":"Easy","num_questions":10} 
[2026-05-25 06:52:06] local.INFO: ✅ Incremented stats {"player_id":"6a13a8edf008d296d20e6682","game_type":"puzzle","category":"scientists","difficulty":"difficult","new_count":2} 
[2026-05-25 06:52:14] local.INFO: Fetching questions {"category":"Science","difficulty":"Easy","year_level":"ALL"} 
[2026-05-25 06:52:14] local.INFO: Questions found {"count":192} 
[2026-05-25 06:52:14] local.INFO: Difficulty setting applied {"difficulty":"Easy","num_questions":10} 
[2026-05-25 06:53:32] local.INFO: ✅ Incremented stats {"player_id":"6a13a8edf008d296d20e6682","game_type":"puzzle","category":"animals","difficulty":"easy","new_count":1} 
[2026-05-25 06:54:41] local.INFO: ✅ Incremented stats {"player_id":"6a13a8edf008d296d20e6682","game_type":"puzzle","category":"animals","difficulty":"easy","new_count":2} 
[2026-05-25 06:54:53] local.INFO: Challenge result saved {"player_id":"6a13b491f008d296d20e6697","correct_answers":10,"total_questions":10,"is_perfect":true} 
[2026-05-25 06:54:53] local.INFO: Perfect score detected {"player_id":"6a13b491f008d296d20e6697","difficulty":"Easy"} 
[2026-05-25 06:54:53] local.INFO: ✅ Incremented stats {"player_id":"6a13b491f008d296d20e6697","game_type":"challenge","category":"science","difficulty":"easy","new_count":1} 
[2026-05-25 06:54:53] local.INFO: Player stats updated  
[2026-05-25 06:54:53] local.INFO: 🎯 Recording badge progress from challenge {"player_id":"6a13b491f008d296d20e6697","difficulty":"easy"} 
[2026-05-25 06:54:54] local.INFO: 📊 Badge progress updated {"total_count":1,"current_in_set":1,"milestone_reached":false} 
[2026-05-25 06:54:54] local.INFO: Badge progress recorded {"badge_awarded":{"difficulty":"Easy","progress":1,"remaining":2,"badge_unlocked":false,"message":"2 more perfect scores needed for next badge"}} 
[2026-05-25 06:57:17] local.INFO: ✅ Incremented stats {"player_id":"6a13b491f008d296d20e6697","game_type":"puzzle","category":"scientists","difficulty":"difficult","new_count":2} 
[2026-05-25 06:57:43] local.INFO: Leaderboard request: {"mode":"challenge","limit":"50"} 
[2026-05-25 06:57:44] local.INFO: Leaderboard request: {"mode":"battle","limit":"50"} 
[2026-05-25 06:58:35] local.INFO: ✅ Incremented stats {"player_id":"6a13a7f6f008d296d20e6681","game_type":"puzzle","category":"animals","difficulty":"difficult","new_count":1} 
[2026-05-25 07:02:32] local.INFO: ✅ Incremented stats {"player_id":"6a13a7f6f008d296d20e6681","game_type":"puzzle","category":"human body","difficulty":"difficult","new_count":1} 
[2026-05-25 07:02:58] local.INFO: Leaderboard request: {"mode":"challenge","limit":"50"} 
[2026-05-25 07:03:08] local.INFO: Leaderboard request: {"mode":"battle","limit":"50"} 
[2026-05-25 07:03:11] local.INFO: Leaderboard request: {"mode":"challenge","limit":"50"} 
[2026-05-25 07:03:13] local.INFO: Leaderboard request: {"mode":"battle","limit":"50"} 
[2026-05-25 07:03:32] local.INFO: Fetching questions {"category":"Science","difficulty":"Easy","year_level":"ALL"} 
[2026-05-25 07:03:33] local.INFO: Questions found {"count":192} 
[2026-05-25 07:03:33] local.INFO: Difficulty setting applied {"difficulty":"Easy","num_questions":10} 
[2026-05-25 07:04:29] local.INFO: Fetching questions {"category":"Science","difficulty":"Easy","year_level":"ALL"} 
[2026-05-25 07:04:29] local.INFO: Questions found {"count":192} 
[2026-05-25 07:04:29] local.INFO: Difficulty setting applied {"difficulty":"Easy","num_questions":10} 
[2026-05-25 07:04:40] local.INFO: Fetching questions {"category":"Math","difficulty":"Easy","year_level":"ALL"} 
[2026-05-25 07:04:40] local.INFO: Questions found {"count":1208} 
[2026-05-25 07:04:40] local.INFO: Difficulty setting applied {"difficulty":"Easy","num_questions":10} 
[2026-05-25 07:06:43] local.INFO: === BATTLE RESULT REQUEST RECEIVED ===  
[2026-05-25 07:06:43] local.INFO: Request Data: {"player_id":"6a13a8edf008d296d20e6682","category":"Science","difficulty_level":"Easy","player_score":56,"result":"lost","battle_id":"2LJ05Y","questions_answered":10,"correct_answers":6} 
[2026-05-25 07:06:43] local.INFO: === BATTLE RESULT REQUEST RECEIVED ===  
[2026-05-25 07:06:43] local.INFO: Request Data: {"player_id":"6a13b491f008d296d20e6697","category":"Science","difficulty_level":"Easy","player_score":65,"result":"won","battle_id":"2LJ05Y","questions_answered":10,"correct_answers":8} 
[2026-05-25 07:06:43] local.INFO: ✅ Validation passed {"player_id":"6a13a8edf008d296d20e6682","category":"Science","difficulty_level":"Easy","player_score":56,"result":"lost","battle_id":"2LJ05Y","questions_answered":10,"correct_answers":6} 
[2026-05-25 07:06:43] local.INFO: ✅ Validation passed {"player_id":"6a13b491f008d296d20e6697","category":"Science","difficulty_level":"Easy","player_score":65,"result":"won","battle_id":"2LJ05Y","questions_answered":10,"correct_answers":8} 
[2026-05-25 07:06:43] local.INFO: ✅ Battle result saved to battle collection  
[2026-05-25 07:06:43] local.INFO: ✅ Battle result saved to battle collection  
[2026-05-25 07:06:44] local.INFO: Skipping stats increment - loss recorded {"player_id":"6a13a8edf008d296d20e6682","result":"lost"} 
[2026-05-25 07:06:44] local.INFO: ℹ️ Player LOST - no badges awarded  
[2026-05-25 07:06:44] local.INFO: === BATTLE RESULT SAVED SUCCESSFULLY ===  
[2026-05-25 07:06:44] local.INFO: ✅ Incremented stats {"player_id":"6a13b491f008d296d20e6697","game_type":"battle","category":"science","difficulty":"easy","new_count":1} 
[2026-05-25 07:06:44] local.INFO: 🏆 Player WON - awarding badge progress  
[2026-05-25 07:06:44] local.INFO: 🎯 Recording badge progress from battle {"player_id":"6a13b491f008d296d20e6697","difficulty":"easy"} 
[2026-05-25 07:06:44] local.INFO: 📊 Badge progress updated {"total_count":2,"current_in_set":2,"milestone_reached":false} 
[2026-05-25 07:06:44] local.INFO: Badge awarded result {"badge_awarded":{"difficulty":"Easy","progress":2,"remaining":1,"badge_unlocked":false,"message":"1 more battle win needed for next badge"}} 
[2026-05-25 07:06:44] local.INFO: === BATTLE RESULT SAVED SUCCESSFULLY ===  
[2026-05-25 07:06:47] local.INFO: === BATTLE RESULT REQUEST RECEIVED ===  
[2026-05-25 07:06:47] local.INFO: === BATTLE RESULT REQUEST RECEIVED ===  
[2026-05-25 07:06:47] local.INFO: Request Data: {"player_id":"6a13a7f6f008d296d20e6681","category":"Math","difficulty_level":"Easy","player_score":42,"result":"lost","battle_id":"I703U2","questions_answered":10,"correct_answers":5} 
[2026-05-25 07:06:47] local.INFO: Request Data: {"player_id":"6a13b43ef008d296d20e6696","category":"Math","difficulty_level":"Easy","player_score":58,"result":"won","battle_id":"I703U2","questions_answered":10,"correct_answers":6} 
[2026-05-25 07:06:47] local.INFO: ✅ Validation passed {"player_id":"6a13b43ef008d296d20e6696","category":"Math","difficulty_level":"Easy","player_score":58,"result":"won","battle_id":"I703U2","questions_answered":10,"correct_answers":6} 
[2026-05-25 07:06:47] local.INFO: ✅ Validation passed {"player_id":"6a13a7f6f008d296d20e6681","category":"Math","difficulty_level":"Easy","player_score":42,"result":"lost","battle_id":"I703U2","questions_answered":10,"correct_answers":5} 
[2026-05-25 07:06:48] local.INFO: ✅ Battle result saved to battle collection  
[2026-05-25 07:06:48] local.INFO: ✅ Battle result saved to battle collection  
[2026-05-25 07:06:48] local.INFO: Skipping stats increment - loss recorded {"player_id":"6a13a7f6f008d296d20e6681","result":"lost"} 
[2026-05-25 07:06:48] local.INFO: ℹ️ Player LOST - no badges awarded  
[2026-05-25 07:06:48] local.INFO: === BATTLE RESULT SAVED SUCCESSFULLY ===  
[2026-05-25 07:06:48] local.INFO: Created new player_stats record {"player_id":"6a13b43ef008d296d20e6696","game_type":"battle"} 
[2026-05-25 07:06:48] local.INFO: 🏆 Player WON - awarding badge progress  
[2026-05-25 07:06:48] local.INFO: 🎯 Recording badge progress from battle {"player_id":"6a13b43ef008d296d20e6696","difficulty":"easy"} 
[2026-05-25 07:06:48] local.INFO: 📊 Badge progress updated {"total_count":1,"current_in_set":1,"milestone_reached":false} 
[2026-05-25 07:06:48] local.INFO: Badge awarded result {"badge_awarded":{"difficulty":"Easy","progress":1,"remaining":2,"badge_unlocked":false,"message":"2 more battle wins needed for next badge"}} 
[2026-05-25 07:06:48] local.INFO: === BATTLE RESULT SAVED SUCCESSFULLY ===  
[2026-05-25 07:07:13] local.INFO: Leaderboard request: {"mode":"challenge","limit":"50"} 
[2026-05-25 07:07:19] local.INFO: Leaderboard request: {"mode":"battle","limit":"50"} 
[2026-05-25 07:08:09] local.INFO: Leaderboard request: {"mode":"challenge","limit":"50"} 
[2026-05-25 07:08:10] production.INFO: Leaderboard request: {"mode":"battle","limit":"50"} 
[2026-05-25 07:08:55] local.INFO: Fetching questions {"category":"Science","difficulty":"Easy","year_level":"ALL"} 
[2026-05-25 07:08:59] local.INFO: Questions found {"count":192} 
[2026-05-25 07:08:59] local.INFO: Difficulty setting applied {"difficulty":"Easy","num_questions":10} 
[2026-05-25 07:09:13] local.INFO: Fetching questions {"category":"Science","difficulty":"Easy","year_level":"ALL"} 
[2026-05-25 07:09:13] local.INFO: Questions found {"count":192} 
[2026-05-25 07:09:13] local.INFO: Difficulty setting applied {"difficulty":"Easy","num_questions":10} 
[2026-05-25 07:09:50] local.INFO: Leaderboard request: {"mode":"battle","limit":"50"} 
[2026-05-25 07:09:51] local.INFO: Leaderboard request: {"mode":"challenge","limit":"50"} 
[2026-05-25 07:12:16] local.INFO: Leaderboard request: {"mode":"battle","limit":"50"} 
[2026-05-25 07:12:17] local.INFO: Leaderboard request: {"mode":"challenge","limit":"50"} 
[2026-05-25 07:14:12] local.INFO: ✅ Incremented stats {"player_id":"6a13b491f008d296d20e6697","game_type":"memory_match","category":"general","difficulty":"average","new_count":1} 
[2026-05-25 07:14:35] local.INFO: Leaderboard request: {"mode":"challenge","limit":"50"} 
[2026-05-25 07:14:41] local.INFO: Leaderboard request: {"mode":"battle","limit":"50"} 
[2026-05-25 07:15:11] local.INFO: Leaderboard request: {"mode":"battle","limit":"50"} 
[2026-05-25 07:15:11] local.INFO: Leaderboard request: {"mode":"challenge","limit":"50"} 
[2026-05-25 07:17:00] local.INFO: ✅ Incremented stats {"player_id":"6a13b491f008d296d20e6697","game_type":"memory_match","category":"general","difficulty":"difficult","new_count":2} 
[2026-05-25 07:19:26] local.INFO: ✅ Incremented stats {"player_id":"6a13b491f008d296d20e6697","game_type":"puzzle","category":"human body","difficulty":"difficult","new_count":2} 
[2026-05-25 07:20:30] local.INFO: Fetching questions {"category":"Math","difficulty":"Average","year_level":"ALL"} 
[2026-05-25 07:20:30] local.INFO: Questions found {"count":1080} 
[2026-05-25 07:20:30] local.INFO: Difficulty setting applied {"difficulty":"Average","num_questions":10} 
[2026-05-25 07:22:06] local.INFO: === BATTLE RESULT REQUEST RECEIVED ===  
[2026-05-25 07:22:06] local.INFO: Request Data: {"player_id":"6a13b491f008d296d20e6697","category":"Math","difficulty_level":"Average","player_score":34,"result":"won","battle_id":"JXUMLZ","questions_answered":10,"correct_answers":3} 
[2026-05-25 07:22:06] local.INFO: === BATTLE RESULT REQUEST RECEIVED ===  
[2026-05-25 07:22:06] local.INFO: Request Data: {"player_id":"6a13f75ef008d296d20e66c8","category":"Math","difficulty_level":"Average","player_score":29,"result":"lost","battle_id":"JXUMLZ","questions_answered":10,"correct_answers":3} 
[2026-05-25 07:22:06] local.INFO: ✅ Validation passed {"player_id":"6a13b491f008d296d20e6697","category":"Math","difficulty_level":"Average","player_score":34,"result":"won","battle_id":"JXUMLZ","questions_answered":10,"correct_answers":3} 
[2026-05-25 07:22:06] local.INFO: ✅ Validation passed {"player_id":"6a13f75ef008d296d20e66c8","category":"Math","difficulty_level":"Average","player_score":29,"result":"lost","battle_id":"JXUMLZ","questions_answered":10,"correct_answers":3} 
[2026-05-25 07:22:06] local.INFO: ✅ Battle result saved to battle collection  
[2026-05-25 07:22:06] local.INFO: ✅ Battle result saved to battle collection  
[2026-05-25 07:22:07] local.INFO: Skipping player_stats creation - no win to record {"player_id":"6a13f75ef008d296d20e66c8","game_type":"battle","result":"lost"} 
[2026-05-25 07:22:07] local.INFO: ℹ️ Player LOST - no badges awarded  
[2026-05-25 07:22:07] local.INFO: ✅ Incremented stats {"player_id":"6a13b491f008d296d20e6697","game_type":"battle","category":"math","difficulty":"average","new_count":1} 
[2026-05-25 07:22:07] local.INFO: 🏆 Player WON - awarding badge progress  
[2026-05-25 07:22:07] local.INFO: 🎯 Recording badge progress from battle {"player_id":"6a13b491f008d296d20e6697","difficulty":"average"} 
[2026-05-25 07:22:07] local.INFO: === BATTLE RESULT SAVED SUCCESSFULLY ===  
[2026-05-25 07:22:07] local.INFO: 📊 Badge progress updated {"total_count":1,"current_in_set":1,"milestone_reached":false} 
[2026-05-25 07:22:07] local.INFO: Badge awarded result {"badge_awarded":{"difficulty":"Average","progress":1,"remaining":2,"badge_unlocked":false,"message":"2 more battle wins needed for next badge"}} 
[2026-05-25 07:22:07] local.INFO: === BATTLE RESULT SAVED SUCCESSFULLY ===  
[2026-05-25 07:22:48] production.INFO: Leaderboard request: {"mode":"battle","limit":"50"} 
[2026-05-25 07:22:57] local.INFO: Leaderboard request: {"mode":"challenge","limit":"50"} 
[2026-05-25 07:23:45] local.INFO: Leaderboard request: {"mode":"battle","limit":"50"} 
[2026-05-25 07:23:51] local.INFO: Leaderboard request: {"mode":"challenge","limit":"50"} 
[2026-05-25 07:25:02] local.INFO: Leaderboard request: {"mode":"challenge","limit":"50"} 
[2026-05-25 07:25:02] local.INFO: Leaderboard request: {"mode":"battle","limit":"50"} 
[2026-05-25 07:27:27] local.INFO: Fetching questions {"category":"Science","difficulty":"Easy","year_level":"ALL"} 
[2026-05-25 07:27:27] local.INFO: Questions found {"count":192} 
[2026-05-25 07:27:27] local.INFO: Difficulty setting applied {"difficulty":"Easy","num_questions":10} 
[2026-05-25 07:29:18] local.INFO: === BATTLE RESULT REQUEST RECEIVED ===  
[2026-05-25 07:29:18] local.INFO: Request Data: {"player_id":"6a13a7f6f008d296d20e6681","category":"Science","difficulty_level":"Easy","player_score":84,"result":"won","battle_id":"1YHQAB","questions_answered":10,"correct_answers":7} 
[2026-05-25 07:29:18] local.INFO: ✅ Validation passed {"player_id":"6a13a7f6f008d296d20e6681","category":"Science","difficulty_level":"Easy","player_score":84,"result":"won","battle_id":"1YHQAB","questions_answered":10,"correct_answers":7} 
[2026-05-25 07:29:19] local.INFO: ✅ Battle result saved to battle collection  
[2026-05-25 07:29:19] local.INFO: === BATTLE RESULT REQUEST RECEIVED ===  
[2026-05-25 07:29:19] local.INFO: Request Data: {"player_id":"6a13b491f008d296d20e6697","category":"Science","difficulty_level":"Easy","player_score":62,"result":"lost","battle_id":"1YHQAB","questions_answered":10,"correct_answers":7} 
[2026-05-25 07:29:19] local.INFO: ✅ Validation passed {"player_id":"6a13b491f008d296d20e6697","category":"Science","difficulty_level":"Easy","player_score":62,"result":"lost","battle_id":"1YHQAB","questions_answered":10,"correct_answers":7} 
[2026-05-25 07:29:19] local.INFO: ✅ Incremented stats {"player_id":"6a13a7f6f008d296d20e6681","game_type":"battle","category":"science","difficulty":"easy","new_count":3} 
[2026-05-25 07:29:19] local.INFO: 🏆 Player WON - awarding badge progress  
[2026-05-25 07:29:19] local.INFO: 🎯 Recording badge progress from battle {"player_id":"6a13a7f6f008d296d20e6681","difficulty":"easy"} 
[2026-05-25 07:29:19] local.INFO: 📊 Badge progress updated {"total_count":4,"current_in_set":1,"milestone_reached":false} 
[2026-05-25 07:29:19] local.INFO: Badge awarded result {"badge_awarded":{"difficulty":"Easy","progress":1,"remaining":2,"badge_unlocked":false,"message":"2 more battle wins needed for next badge"}} 
[2026-05-25 07:29:19] local.INFO: === BATTLE RESULT SAVED SUCCESSFULLY ===  
[2026-05-25 07:29:20] local.INFO: ✅ Battle result saved to battle collection  
[2026-05-25 07:29:20] local.INFO: Skipping stats increment - loss recorded {"player_id":"6a13b491f008d296d20e6697","result":"lost"} 
[2026-05-25 07:29:20] local.INFO: ℹ️ Player LOST - no badges awarded  
[2026-05-25 07:29:20] local.INFO: === BATTLE RESULT SAVED SUCCESSFULLY ===  
[2026-05-25 07:30:08] local.INFO: Fetching questions {"category":"Math","difficulty":"Easy","year_level":"ALL"} 
[2026-05-25 07:30:09] local.INFO: Questions found {"count":1208} 
[2026-05-25 07:30:09] local.INFO: Difficulty setting applied {"difficulty":"Easy","num_questions":10} 
[2026-05-25 08:20:01] local.INFO: Leaderboard request: {"mode":"battle","limit":"50"} 
[2026-05-25 08:20:02] local.INFO: Leaderboard request: {"mode":"challenge","limit":"50"} 
[2026-05-25 08:21:09] local.INFO: ✅ Incremented stats {"player_id":"6a13b491f008d296d20e6697","game_type":"puzzle","category":"geometry","difficulty":"easy","new_count":1} 
[2026-05-25 08:22:12] local.INFO: ✅ Incremented stats {"player_id":"6a13b491f008d296d20e6697","game_type":"memory_match","category":"general","difficulty":"difficult","new_count":3} 
[2026-05-25 08:23:17] local.INFO: ✅ Incremented stats {"player_id":"6a13b491f008d296d20e6697","game_type":"memory_match","category":"general","difficulty":"difficult","new_count":4} 
[2026-05-25 08:23:49] local.INFO: ✅ Incremented stats {"player_id":"6a13b491f008d296d20e6697","game_type":"memory_match","category":"general","difficulty":"difficult","new_count":5} 
[2026-05-25 08:24:05] local.INFO: Leaderboard request: {"mode":"challenge","limit":"50"} 
[2026-05-25 08:24:10] local.INFO: Leaderboard request: {"mode":"battle","limit":"50"} 
[2026-05-25 08:25:08] local.INFO: ✅ Incremented stats {"player_id":"6a13b491f008d296d20e6697","game_type":"memory_match","category":"general","difficulty":"average","new_count":2} 
[2026-05-25 08:25:39] local.INFO: ✅ Incremented stats {"player_id":"6a13b491f008d296d20e6697","game_type":"memory_match","category":"general","difficulty":"average","new_count":3} 
[2026-05-25 08:26:13] local.INFO: ✅ Incremented stats {"player_id":"6a13b491f008d296d20e6697","game_type":"memory_match","category":"general","difficulty":"easy","new_count":1} 
[2026-05-25 09:21:40] local.INFO: ✅ Incremented stats {"player_id":"6a13b491f008d296d20e6697","game_type":"memory_match","category":"general","difficulty":"easy","new_count":2} 
[2026-05-25 09:22:20] local.INFO: ✅ Incremented stats {"player_id":"6a13b491f008d296d20e6697","game_type":"puzzle","category":"solar system","difficulty":"easy","new_count":1} 
[2026-05-25 09:22:51] local.INFO: Fetching questions {"category":"Science","difficulty":"Easy","year_level":"ALL"} 
[2026-05-25 09:22:51] local.INFO: Questions found {"count":192} 
[2026-05-25 09:22:51] local.INFO: Difficulty setting applied {"difficulty":"Easy","num_questions":10} 
[2026-05-25 09:24:49] local.INFO: Challenge result saved {"player_id":"6a13b491f008d296d20e6697","correct_answers":9,"total_questions":10,"is_perfect":false} 
[2026-05-25 09:24:49] local.INFO: Not a perfect score — no badge awarded {"correct":9,"total":10} 
[2026-05-25 09:27:52] local.INFO: Fetching questions {"category":"Science","difficulty":"Easy","year_level":"ALL"} 
[2026-05-25 09:27:52] local.INFO: Questions found {"count":192} 
[2026-05-25 09:27:52] local.INFO: Difficulty setting applied {"difficulty":"Easy","num_questions":10} 
[2026-05-25 09:29:50] local.INFO: === BATTLE RESULT REQUEST RECEIVED ===  
[2026-05-25 09:29:50] local.INFO: Request Data: {"player_id":"6a13a7f6f008d296d20e6681","category":"Science","difficulty_level":"Easy","player_score":69,"result":"won","battle_id":"RKWZXG","questions_answered":10,"correct_answers":7} 
[2026-05-25 09:29:50] local.INFO: ✅ Validation passed {"player_id":"6a13a7f6f008d296d20e6681","category":"Science","difficulty_level":"Easy","player_score":69,"result":"won","battle_id":"RKWZXG","questions_answered":10,"correct_answers":7} 
[2026-05-25 09:29:50] local.INFO: ✅ Battle result saved to battle collection  
[2026-05-25 09:29:50] local.INFO: ✅ Incremented stats {"player_id":"6a13a7f6f008d296d20e6681","game_type":"battle","category":"science","difficulty":"easy","new_count":4} 
[2026-05-25 09:29:50] local.INFO: 🏆 Player WON - awarding badge progress  
[2026-05-25 09:29:50] local.INFO: 🎯 Recording badge progress from battle {"player_id":"6a13a7f6f008d296d20e6681","difficulty":"easy"} 
[2026-05-25 09:29:50] local.INFO: 📊 Badge progress updated {"total_count":5,"current_in_set":2,"milestone_reached":false} 
[2026-05-25 09:29:50] local.INFO: Badge awarded result {"badge_awarded":{"difficulty":"Easy","progress":2,"remaining":1,"badge_unlocked":false,"message":"1 more battle win needed for next badge"}} 
[2026-05-25 09:29:50] local.INFO: === BATTLE RESULT SAVED SUCCESSFULLY ===  
[2026-05-25 09:29:50] local.INFO: === BATTLE RESULT REQUEST RECEIVED ===  
[2026-05-25 09:29:50] local.INFO: Request Data: {"player_id":"6a13b491f008d296d20e6697","category":"Science","difficulty_level":"Easy","player_score":64,"result":"lost","battle_id":"RKWZXG","questions_answered":10,"correct_answers":8} 
[2026-05-25 09:29:51] local.INFO: ✅ Validation passed {"player_id":"6a13b491f008d296d20e6697","category":"Science","difficulty_level":"Easy","player_score":64,"result":"lost","battle_id":"RKWZXG","questions_answered":10,"correct_answers":8} 
[2026-05-25 09:29:51] local.INFO: ✅ Battle result saved to battle collection  
[2026-05-25 09:29:51] local.INFO: Skipping stats increment - loss recorded {"player_id":"6a13b491f008d296d20e6697","result":"lost"} 
[2026-05-25 09:29:51] local.INFO: ℹ️ Player LOST - no badges awarded  
[2026-05-25 09:29:51] local.INFO: === BATTLE RESULT SAVED SUCCESSFULLY ===  
[2026-05-25 09:30:20] local.INFO: Leaderboard request: {"mode":"battle","limit":"50"} 
[2026-05-25 09:30:24] production.INFO: Leaderboard request: {"mode":"challenge","limit":"50"} 
[2026-05-25 09:30:33] local.INFO: Leaderboard request: {"mode":"battle","limit":"50"} 
[2026-05-25 09:30:33] local.INFO: Leaderboard request: {"mode":"challenge","limit":"50"} 
[2026-06-03 02:13:32] local.INFO: Leaderboard request: {"mode":"challenge","limit":"50"} 
[2026-06-03 02:13:32] local.INFO: Leaderboard request: {"mode":"battle","limit":"50"} 
[2026-06-03 02:15:30] local.INFO: Created new player_stats record {"player_id":"6a1f8d37af3e8ffdfd05de29","game_type":"memory_match"} 
[2026-06-03 02:15:47] local.INFO: Leaderboard request: {"mode":"challenge","limit":"50"} 
[2026-06-03 02:15:48] local.INFO: Leaderboard request: {"mode":"battle","limit":"50"} 
[2026-06-03 02:18:34] local.INFO: ✅ Incremented stats {"player_id":"6a1f8d37af3e8ffdfd05de29","game_type":"puzzle","category":"scientists","difficulty":"difficult","new_count":1} 
[2026-06-03 02:18:42] local.INFO: Leaderboard request: {"mode":"battle","limit":"50"} 
[2026-06-03 02:18:43] local.INFO: Leaderboard request: {"mode":"challenge","limit":"50"} 
[2026-06-03 02:19:16] local.INFO: Fetching questions {"category":"Science","difficulty":"Easy","year_level":"ALL"} 
[2026-06-03 02:19:17] local.INFO: Questions found {"count":192} 
[2026-06-03 02:19:17] local.INFO: Difficulty setting applied {"difficulty":"Easy","num_questions":10} 
[2026-06-03 02:21:17] local.INFO: Challenge result saved {"player_id":"6a1f8d37af3e8ffdfd05de29","correct_answers":8,"total_questions":10,"is_perfect":false} 
[2026-06-03 02:21:17] local.INFO: Not a perfect score — no badge awarded {"correct":8,"total":10} 
[2026-06-03 02:21:40] local.INFO: Fetching questions {"category":"Science","difficulty":"Easy","year_level":"ALL"} 
[2026-06-03 02:21:40] local.INFO: Questions found {"count":192} 
[2026-06-03 02:21:40] local.INFO: Difficulty setting applied {"difficulty":"Easy","num_questions":10} 
[2026-06-03 02:23:40] local.INFO: Challenge result saved {"player_id":"6a1f8d37af3e8ffdfd05de29","correct_answers":10,"total_questions":10,"is_perfect":true} 
[2026-06-03 02:23:40] local.INFO: Perfect score detected {"player_id":"6a1f8d37af3e8ffdfd05de29","difficulty":"Easy"} 
[2026-06-03 02:23:40] local.INFO: ✅ Incremented stats {"player_id":"6a1f8d37af3e8ffdfd05de29","game_type":"challenge","category":"science","difficulty":"easy","new_count":1} 
[2026-06-03 02:23:40] local.INFO: Player stats updated  
[2026-06-03 02:23:40] local.INFO: 🎯 Recording badge progress from challenge {"player_id":"6a1f8d37af3e8ffdfd05de29","difficulty":"easy"} 
[2026-06-03 02:23:40] local.INFO: 📊 Badge progress updated {"total_count":1,"current_in_set":1,"milestone_reached":false} 
[2026-06-03 02:23:40] local.INFO: Badge progress recorded {"badge_awarded":{"difficulty":"Easy","progress":1,"remaining":2,"badge_unlocked":false,"message":"2 more perfect scores needed for next badge"}} 
[2026-06-03 02:24:10] local.INFO: Leaderboard request: {"mode":"challenge","limit":"50"} 
[2026-06-03 02:24:10] local.INFO: Leaderboard request: {"mode":"battle","limit":"50"} 
[2026-06-03 02:24:38] local.INFO: Fetching questions {"category":"Science","difficulty":"Easy","year_level":"ALL"} 
[2026-06-03 02:24:39] local.INFO: Questions found {"count":192} 
[2026-06-03 02:24:39] local.INFO: Difficulty setting applied {"difficulty":"Easy","num_questions":10} 
[2026-06-03 02:25:59] local.INFO: === BATTLE RESULT REQUEST RECEIVED ===  
[2026-06-03 02:25:59] local.INFO: Request Data: {"player_id":"6a1f8cfcaf3e8ffdfd05de28","category":"Science","difficulty_level":"Easy","player_score":86,"result":"lost","battle_id":"RXXKR1","questions_answered":10,"correct_answers":7} 
[2026-06-03 02:25:59] local.INFO: === BATTLE RESULT REQUEST RECEIVED ===  
[2026-06-03 02:25:59] local.INFO: Request Data: {"player_id":"6a1f8d37af3e8ffdfd05de29","category":"Science","difficulty_level":"Easy","player_score":89,"result":"won","battle_id":"RXXKR1","questions_answered":10,"correct_answers":8} 
[2026-06-03 02:26:00] local.INFO: ✅ Validation passed {"player_id":"6a1f8cfcaf3e8ffdfd05de28","category":"Science","difficulty_level":"Easy","player_score":86,"result":"lost","battle_id":"RXXKR1","questions_answered":10,"correct_answers":7} 
[2026-06-03 02:26:00] local.INFO: ✅ Validation passed {"player_id":"6a1f8d37af3e8ffdfd05de29","category":"Science","difficulty_level":"Easy","player_score":89,"result":"won","battle_id":"RXXKR1","questions_answered":10,"correct_answers":8} 
[2026-06-03 02:26:00] local.INFO: ✅ Battle result saved to battle collection  
[2026-06-03 02:26:00] local.INFO: ✅ Battle result saved to battle collection  
[2026-06-03 02:26:00] local.INFO: Skipping player_stats creation - no win to record {"player_id":"6a1f8cfcaf3e8ffdfd05de28","game_type":"battle","result":"lost"} 
[2026-06-03 02:26:00] local.INFO: ℹ️ Player LOST - no badges awarded  
[2026-06-03 02:26:00] local.INFO: === BATTLE RESULT SAVED SUCCESSFULLY ===  
[2026-06-03 02:26:00] local.INFO: ✅ Incremented stats {"player_id":"6a1f8d37af3e8ffdfd05de29","game_type":"battle","category":"science","difficulty":"easy","new_count":1} 
[2026-06-03 02:26:00] local.INFO: 🏆 Player WON - awarding badge progress  
[2026-06-03 02:26:00] local.INFO: 🎯 Recording badge progress from battle {"player_id":"6a1f8d37af3e8ffdfd05de29","difficulty":"easy"} 
[2026-06-03 02:26:00] local.INFO: 📊 Badge progress updated {"total_count":2,"current_in_set":2,"milestone_reached":false} 
[2026-06-03 02:26:00] local.INFO: Badge awarded result {"badge_awarded":{"difficulty":"Easy","progress":2,"remaining":1,"badge_unlocked":false,"message":"1 more battle win needed for next badge"}} 
[2026-06-03 02:26:00] local.INFO: === BATTLE RESULT SAVED SUCCESSFULLY ===  
[2026-06-03 02:26:36] local.INFO: Fetching questions {"category":"Math","difficulty":"Easy","year_level":"ALL"} 
[2026-06-03 02:26:36] local.INFO: Questions found {"count":1208} 
[2026-06-03 02:26:36] local.INFO: Difficulty setting applied {"difficulty":"Easy","num_questions":10} 
[2026-06-03 02:28:38] local.INFO: === BATTLE RESULT REQUEST RECEIVED ===  
[2026-06-03 02:28:38] local.INFO: === BATTLE RESULT REQUEST RECEIVED ===  
[2026-06-03 02:28:38] local.INFO: Request Data: {"player_id":"6a1f8d37af3e8ffdfd05de29","category":"Math","difficulty_level":"Easy","player_score":68,"result":"won","battle_id":"XFFJVB","questions_answered":10,"correct_answers":9} 
[2026-06-03 02:28:38] local.INFO: Request Data: {"player_id":"6a1f8cfcaf3e8ffdfd05de28","category":"Math","difficulty_level":"Easy","player_score":57,"result":"lost","battle_id":"XFFJVB","questions_answered":10,"correct_answers":6} 
[2026-06-03 02:28:39] local.INFO: ✅ Validation passed {"player_id":"6a1f8d37af3e8ffdfd05de29","category":"Math","difficulty_level":"Easy","player_score":68,"result":"won","battle_id":"XFFJVB","questions_answered":10,"correct_answers":9} 
[2026-06-03 02:28:39] local.INFO: ✅ Validation passed {"player_id":"6a1f8cfcaf3e8ffdfd05de28","category":"Math","difficulty_level":"Easy","player_score":57,"result":"lost","battle_id":"XFFJVB","questions_answered":10,"correct_answers":6} 
[2026-06-03 02:28:39] local.INFO: ✅ Battle result saved to battle collection  
[2026-06-03 02:28:39] local.INFO: ✅ Battle result saved to battle collection  
[2026-06-03 02:28:40] local.INFO: Skipping player_stats creation - no win to record {"player_id":"6a1f8cfcaf3e8ffdfd05de28","game_type":"battle","result":"lost"} 
[2026-06-03 02:28:40] local.INFO: ℹ️ Player LOST - no badges awarded  
[2026-06-03 02:28:40] local.INFO: === BATTLE RESULT SAVED SUCCESSFULLY ===  
[2026-06-03 02:28:40] local.INFO: ✅ Incremented stats {"player_id":"6a1f8d37af3e8ffdfd05de29","game_type":"battle","category":"math","difficulty":"easy","new_count":1} 
[2026-06-03 02:28:40] local.INFO: 🏆 Player WON - awarding badge progress  
[2026-06-03 02:28:40] local.INFO: 🎯 Recording badge progress from battle {"player_id":"6a1f8d37af3e8ffdfd05de29","difficulty":"easy"} 
[2026-06-03 02:28:40] local.INFO: 📊 Badge progress updated {"total_count":3,"current_in_set":0,"milestone_reached":true} 
[2026-06-03 02:28:40] local.INFO: 🎊 MILESTONE REACHED! {"difficulty":"easy","badge_number":1,"total_badges_earned":3} 
[2026-06-03 02:28:40] local.INFO: Claimable reward created — awaiting player claim {"difficulty":"easy","badge_number":1} 
[2026-06-03 02:28:40] local.INFO: ✅ Claimable reward created in player_rewards {"difficulty":"easy","badge_number":1,"must_claim":true} 
[2026-06-03 02:28:40] local.INFO: Badge awarded result {"badge_awarded":{"difficulty":"Easy","badge_unlocked":true,"badge_number":1,"can_claim":true,"message":"Congratulations! You've earned badge #1 for Easy difficulty! Visit the badge screen to claim it."}} 
[2026-06-03 02:28:40] local.INFO: === BATTLE RESULT SAVED SUCCESSFULLY ===  
[2026-06-03 02:29:59] local.INFO: Leaderboard request: {"mode":"challenge","limit":"50"} 
[2026-06-03 02:30:08] local.INFO: Leaderboard request: {"mode":"battle","limit":"50"} 
[2026-07-12 22:32:35] local.INFO: Created new player_stats record {"player_id":"6a53f0c0f592bfd6c2082cf4","game_type":"memory_match"} 
[2026-07-12 23:09:34] local.INFO: ✅ Incremented stats {"player_id":"6a53f0c0f592bfd6c2082cf4","game_type":"memory_match","category":"general","difficulty":"easy","new_count":2} 
[2026-07-12 23:23:56] local.INFO: ✅ Incremented stats {"player_id":"6a53f0c0f592bfd6c2082cf4","game_type":"memory_match","category":"general","difficulty":"easy","new_count":3} 
[2026-07-17 20:21:00] local.INFO: Fetching questions {"category":"Science","difficulty":"Easy","year_level":"ALL"} 
[2026-07-17 20:21:01] local.INFO: Questions found {"count":192} 
[2026-07-17 20:21:01] local.INFO: Difficulty setting applied {"difficulty":"Easy","num_questions":10} 
[2026-07-17 20:24:29] local.INFO: Challenge result saved {"player_id":"6a53f0c0f592bfd6c2082cf4","correct_answers":5,"total_questions":10,"is_perfect":false} 
[2026-07-17 20:24:29] local.INFO: Not a perfect score — no badge awarded {"correct":5,"total":10} 
[2026-07-17 20:24:54] local.INFO: Fetching questions {"category":"Science","difficulty":"Easy","year_level":"ALL"} 
[2026-07-17 20:24:55] local.INFO: Questions found {"count":192} 
[2026-07-17 20:24:55] local.INFO: Difficulty setting applied {"difficulty":"Easy","num_questions":10} 
[2026-07-17 20:26:19] local.INFO: Fetching questions {"category":"Science","difficulty":"Easy","year_level":"ALL"} 
[2026-07-17 20:26:19] local.INFO: Questions found {"count":192} 
[2026-07-17 20:26:19] local.INFO: Difficulty setting applied {"difficulty":"Easy","num_questions":10} 
[2026-07-17 20:27:37] local.INFO: Fetching questions {"category":"Science","difficulty":"Easy","year_level":"ALL"} 
[2026-07-17 20:27:37] local.INFO: Questions found {"count":192} 
[2026-07-17 20:27:37] local.INFO: Difficulty setting applied {"difficulty":"Easy","num_questions":10} 
[2026-07-17 20:28:58] local.INFO: Fetching questions {"category":"Science","difficulty":"Easy","year_level":"ALL"} 
[2026-07-17 20:28:58] local.INFO: Questions found {"count":192} 
[2026-07-17 20:28:58] local.INFO: Difficulty setting applied {"difficulty":"Easy","num_questions":10} 
[2026-07-17 20:29:21] local.INFO: Fetching questions {"category":"Science","difficulty":"Easy","year_level":"ALL"} 
[2026-07-17 20:29:22] local.INFO: Questions found {"count":192} 
[2026-07-17 20:29:22] local.INFO: Difficulty setting applied {"difficulty":"Easy","num_questions":10} 
[2026-07-17 20:30:30] local.INFO: Fetching questions {"category":"Science","difficulty":"Easy","year_level":"ALL"} 
[2026-07-17 20:30:31] local.INFO: Questions found {"count":192} 
[2026-07-17 20:30:31] local.INFO: Difficulty setting applied {"difficulty":"Easy","num_questions":10} 
[2026-07-17 20:31:00] local.INFO: Fetching questions {"category":"Science","difficulty":"Easy","year_level":"ALL"} 
[2026-07-17 20:31:00] local.INFO: Questions found {"count":192} 
[2026-07-17 20:31:00] local.INFO: Difficulty setting applied {"difficulty":"Easy","num_questions":10} 
[2026-07-17 20:31:53] local.INFO: Fetching questions {"category":"Science","difficulty":"Easy","year_level":"ALL"} 
[2026-07-17 20:31:53] local.INFO: Questions found {"count":192} 
[2026-07-17 20:31:53] local.INFO: Difficulty setting applied {"difficulty":"Easy","num_questions":10} 
[2026-07-17 20:33:45] local.INFO: Challenge result saved {"player_id":"6a53f0c0f592bfd6c2082cf4","correct_answers":10,"total_questions":10,"is_perfect":true} 
[2026-07-17 20:33:45] local.INFO: Perfect score detected {"player_id":"6a53f0c0f592bfd6c2082cf4","difficulty":"Easy"} 
[2026-07-17 20:33:45] local.INFO: Created new player_stats record {"player_id":"6a53f0c0f592bfd6c2082cf4","game_type":"challenge"} 
[2026-07-17 20:33:45] local.INFO: Player stats updated  
[2026-07-17 20:33:45] local.INFO: 🎯 Recording badge progress from challenge {"player_id":"6a53f0c0f592bfd6c2082cf4","difficulty":"easy"} 
[2026-07-17 20:33:46] local.INFO: 📊 Badge progress updated {"total_count":1,"current_in_set":1,"milestone_reached":false} 
[2026-07-17 20:33:46] local.INFO: Badge progress recorded {"badge_awarded":{"difficulty":"Easy","progress":1,"remaining":2,"badge_unlocked":false,"message":"2 more perfect scores needed for next badge"}} 
[2026-07-17 20:35:58] local.INFO: Fetching questions {"category":"Science","difficulty":"Easy","year_level":"ALL"} 
[2026-07-17 20:35:58] local.INFO: Questions found {"count":192} 
[2026-07-17 20:35:58] local.INFO: Difficulty setting applied {"difficulty":"Easy","num_questions":10} 
[2026-07-17 20:58:26] local.INFO: Fetching questions {"category":"Science","difficulty":"Easy","year_level":"ALL"} 
[2026-07-17 20:58:26] local.INFO: Questions found {"count":192} 
[2026-07-17 20:58:26] local.INFO: Difficulty setting applied {"difficulty":"Easy","num_questions":10} 
[2026-07-17 21:00:35] local.INFO: Challenge result saved {"player_id":"6a53f0c0f592bfd6c2082cf4","correct_answers":5,"total_questions":10,"is_perfect":false} 
[2026-07-17 21:00:35] local.INFO: Not a perfect score — no badge awarded {"correct":5,"total":10} 
[2026-07-17 21:18:39] local.INFO: Fetching questions {"category":"Science","difficulty":"Easy","year_level":"ALL"} 
[2026-07-17 21:18:39] local.INFO: Questions found {"count":192} 
[2026-07-17 21:18:39] local.INFO: Difficulty setting applied {"difficulty":"Easy","num_questions":10} 
[2026-07-17 21:32:57] local.INFO: Fetching questions {"category":"Science","difficulty":"Easy","year_level":"ALL"} 
[2026-07-17 21:32:57] local.INFO: Questions found {"count":192} 
[2026-07-17 21:32:57] local.INFO: Difficulty setting applied {"difficulty":"Easy","num_questions":10} 
[2026-07-17 21:34:43] local.INFO: === BATTLE RESULT REQUEST RECEIVED ===  
[2026-07-17 21:34:43] local.INFO: Request Data: {"player_id":"6a52b403e57b4ce9b20d5a78","category":"Science","difficulty_level":"Easy","player_score":56,"result":"lost","battle_id":"C51GS8","questions_answered":10,"correct_answers":6} 
[2026-07-17 21:34:43] local.INFO: ✅ Validation passed {"player_id":"6a52b403e57b4ce9b20d5a78","category":"Science","difficulty_level":"Easy","player_score":56,"result":"lost","battle_id":"C51GS8","questions_answered":10,"correct_answers":6} 
[2026-07-17 21:34:43] local.INFO: === BATTLE RESULT REQUEST RECEIVED ===  
[2026-07-17 21:34:43] local.INFO: ✅ Battle result saved to battle collection  
[2026-07-17 21:34:43] local.INFO: Request Data: {"player_id":"6a53f0c0f592bfd6c2082cf4","category":"Science","difficulty_level":"Easy","player_score":67,"result":"won","battle_id":"C51GS8","questions_answered":10,"correct_answers":6} 
[2026-07-17 21:34:44] local.INFO: ✅ Validation passed {"player_id":"6a53f0c0f592bfd6c2082cf4","category":"Science","difficulty_level":"Easy","player_score":67,"result":"won","battle_id":"C51GS8","questions_answered":10,"correct_answers":6} 
[2026-07-17 21:34:44] local.INFO: Skipping player_stats creation - no win to record {"player_id":"6a52b403e57b4ce9b20d5a78","game_type":"battle","result":"lost"} 
[2026-07-17 21:34:44] local.INFO: ℹ️ Player LOST - no badges awarded  
[2026-07-17 21:34:44] local.INFO: === BATTLE RESULT SAVED SUCCESSFULLY ===  
[2026-07-17 21:34:44] local.INFO: ✅ Battle result saved to battle collection  
[2026-07-17 21:34:44] local.INFO: ✅ Incremented stats {"player_id":"6a53f0c0f592bfd6c2082cf4","game_type":"battle","category":"science","difficulty":"easy","new_count":1} 
[2026-07-17 21:34:44] local.INFO: 🏆 Player WON - awarding badge progress  
[2026-07-17 21:34:44] local.INFO: 🎯 Recording badge progress from battle {"player_id":"6a53f0c0f592bfd6c2082cf4","difficulty":"easy"} 
[2026-07-17 21:34:44] local.INFO: 📊 Badge progress updated {"total_count":2,"current_in_set":2,"milestone_reached":false} 
[2026-07-17 21:34:44] local.INFO: Badge awarded result {"badge_awarded":{"difficulty":"Easy","progress":2,"remaining":1,"badge_unlocked":false,"message":"1 more battle win needed for next badge"}} 
[2026-07-17 21:34:44] local.INFO: === BATTLE RESULT SAVED SUCCESSFULLY ===  
[2026-07-17 21:35:11] local.INFO: Fetching questions {"category":"Science","difficulty":"Easy","year_level":"ALL"} 
[2026-07-17 21:35:11] local.INFO: Questions found {"count":192} 
[2026-07-17 21:35:11] local.INFO: Difficulty setting applied {"difficulty":"Easy","num_questions":10} 
[2026-07-17 21:36:34] local.INFO: === BATTLE RESULT REQUEST RECEIVED ===  
[2026-07-17 21:36:34] local.INFO: Request Data: {"player_id":"6a52b403e57b4ce9b20d5a78","category":"Science","difficulty_level":"Easy","player_score":66,"result":"won","battle_id":"172KH0","questions_answered":10,"correct_answers":6} 
[2026-07-17 21:36:34] local.INFO: === BATTLE RESULT REQUEST RECEIVED ===  
[2026-07-17 21:36:34] local.INFO: Request Data: {"player_id":"6a53f0c0f592bfd6c2082cf4","category":"Science","difficulty_level":"Easy","player_score":34,"result":"lost","battle_id":"172KH0","questions_answered":10,"correct_answers":3} 
[2026-07-17 21:36:34] local.INFO: ✅ Validation passed {"player_id":"6a52b403e57b4ce9b20d5a78","category":"Science","difficulty_level":"Easy","player_score":66,"result":"won","battle_id":"172KH0","questions_answered":10,"correct_answers":6} 
[2026-07-17 21:36:34] local.INFO: ✅ Validation passed {"player_id":"6a53f0c0f592bfd6c2082cf4","category":"Science","difficulty_level":"Easy","player_score":34,"result":"lost","battle_id":"172KH0","questions_answered":10,"correct_answers":3} 
[2026-07-17 21:36:35] local.INFO: ✅ Battle result saved to battle collection  
[2026-07-17 21:36:35] local.INFO: ✅ Battle result saved to battle collection  
[2026-07-17 21:36:36] local.INFO: Skipping stats increment - loss recorded {"player_id":"6a53f0c0f592bfd6c2082cf4","result":"lost"} 
[2026-07-17 21:36:36] local.INFO: ℹ️ Player LOST - no badges awarded  
[2026-07-17 21:36:36] local.INFO: === BATTLE RESULT SAVED SUCCESSFULLY ===  
[2026-07-17 21:36:36] local.INFO: Created new player_stats record {"player_id":"6a52b403e57b4ce9b20d5a78","game_type":"battle"} 
[2026-07-17 21:36:36] local.INFO: 🏆 Player WON - awarding badge progress  
[2026-07-17 21:36:36] local.INFO: 🎯 Recording badge progress from battle {"player_id":"6a52b403e57b4ce9b20d5a78","difficulty":"easy"} 
[2026-07-17 21:36:36] local.INFO: 📊 Badge progress updated {"total_count":1,"current_in_set":1,"milestone_reached":false} 
[2026-07-17 21:36:36] local.INFO: Badge awarded result {"badge_awarded":{"difficulty":"Easy","progress":1,"remaining":2,"badge_unlocked":false,"message":"2 more battle wins needed for next badge"}} 
[2026-07-17 21:36:36] local.INFO: === BATTLE RESULT SAVED SUCCESSFULLY ===  
[2026-07-18 03:43:28] local.INFO: Fetching questions {"category":"Science","difficulty":"Easy","year_level":"ALL"} 
[2026-07-18 03:43:29] local.INFO: Questions found {"count":192} 
[2026-07-18 03:43:29] local.INFO: Difficulty setting applied {"difficulty":"Easy","num_questions":10} 
[2026-07-19 03:05:40] local.INFO: Leaderboard request: {"mode":"battle","limit":"50"} 
} 
[2026-07-19 03:06:06] local.INFO: Leaderboard request: {"mode":"challenge","limit":"50"} 
[2026-07-19 03:06:10] local.INFO: Leaderboard request: {"mode":"battle","limit":"50"} 
[2026-07-19 07:42:22] local.INFO: Leaderboard request: {"mode":"challenge","limit":"50"} 
[2026-07-19 08:10:05] local.INFO: Leaderboard request: {"mode":"battle","limit":"50"} 
[2026-07-19 08:10:06] local.INFO: Leaderboard request: {"mode":"challenge","limit":"50"} 
[2026-07-19 08:11:52] local.INFO: Leaderboard request: {"mode":"battle","limit":"50"} 
[2026-07-19 08:11:52] local.INFO: Leaderboard request: {"mode":"challenge","limit":"50"} 
[2026-07-19 11:15:56] local.INFO: Leaderboard request: {"mode":"battle","limit":"50"} 
[2026-07-19 11:15:56] local.INFO: Leaderboard request: {"mode":"challenge","limit":"50"} 
[2026-07-19 11:42:58] local.INFO: Leaderboard request: {"mode":"battle","limit":"50"} 
[2026-07-19 11:42:58] local.INFO: Leaderboard request: {"mode":"challenge","limit":"50"} 
[2026-07-19 11:43:05] local.INFO: Leaderboard request: {"mode":"challenge","limit":"50"} 
[2026-07-19 11:43:05] local.INFO: Leaderboard request: {"mode":"battle","limit":"50"} 
[2026-07-19 21:24:18] local.INFO: Created new player_stats record {"player_id":"6a5d3a2dfcb51d09ab0c327c","game_type":"puzzle"} 
[2026-07-19 21:24:31] local.INFO: Leaderboard request: {"mode":"challenge","limit":"50"} 
[2026-07-19 21:24:31] local.INFO: Leaderboard request: {"mode":"battle","limit":"50"} 
[2026-07-19 21:44:16] local.INFO: Created new player_stats record {"player_id":"6a5d44c7fcb51d09ab0c3281","game_type":"memory_match"} 
[2026-07-19 21:44:55] local.INFO: Fetching questions {"category":"Science","difficulty":"Easy","year_level":"ALL"} 
[2026-07-19 21:44:55] local.INFO: Questions found {"count":192} 
[2026-07-19 21:44:55] local.INFO: Difficulty setting applied {"difficulty":"Easy","num_questions":10} 
[2026-07-19 21:46:45] local.INFO: Challenge result saved {"player_id":"6a5d44c7fcb51d09ab0c3281","correct_answers":8,"total_questions":10,"is_perfect":false} 
[2026-07-19 21:46:45] local.INFO: Not a perfect score — no badge awarded {"correct":8,"total":10} 
[2026-07-19 21:47:29] local.INFO: Fetching questions {"category":"Science","difficulty":"Easy","year_level":"ALL"} 
[2026-07-19 21:47:29] local.INFO: Questions found {"count":192} 
[2026-07-19 21:47:29] local.INFO: Difficulty setting applied {"difficulty":"Easy","num_questions":10} 
[2026-07-19 21:48:46] local.INFO: === BATTLE RESULT REQUEST RECEIVED ===  
[2026-07-19 21:48:46] local.INFO: Request Data: {"player_id":"6a5d3a2dfcb51d09ab0c327c","category":"Science","difficulty_level":"Easy","player_score":59,"result":"lost","battle_id":"2269FB","questions_answered":10,"correct_answers":5} 
[2026-07-19 21:48:46] local.INFO: === BATTLE RESULT REQUEST RECEIVED ===  
[2026-07-19 21:48:46] local.INFO: ✅ Validation passed {"player_id":"6a5d3a2dfcb51d09ab0c327c","category":"Science","difficulty_level":"Easy","player_score":59,"result":"lost","battle_id":"2269FB","questions_answered":10,"correct_answers":5} 
[2026-07-19 21:48:46] local.INFO: Request Data: {"player_id":"6a5d44c7fcb51d09ab0c3281","category":"Science","difficulty_level":"Easy","player_score":93,"result":"won","battle_id":"2269FB","questions_answered":10,"correct_answers":8} 
[2026-07-19 21:48:46] local.INFO: ✅ Validation passed {"player_id":"6a5d44c7fcb51d09ab0c3281","category":"Science","difficulty_level":"Easy","player_score":93,"result":"won","battle_id":"2269FB","questions_answered":10,"correct_answers":8} 
[2026-07-19 21:48:46] local.INFO: ✅ Battle result saved to battle collection  
[2026-07-19 21:48:46] local.INFO: Skipping stats increment - loss recorded {"player_id":"6a5d3a2dfcb51d09ab0c327c","result":"lost"} 
[2026-07-19 21:48:46] local.INFO: ℹ️ Player LOST - no badges awarded  
[2026-07-19 21:48:46] local.INFO: === BATTLE RESULT SAVED SUCCESSFULLY ===  
[2026-07-19 21:48:46] local.INFO: ✅ Battle result saved to battle collection  
[2026-07-19 21:48:47] local.INFO: ✅ Incremented stats {"player_id":"6a5d44c7fcb51d09ab0c3281","game_type":"battle","category":"science","difficulty":"easy","new_count":1} 
[2026-07-19 21:48:47] local.INFO: 🏆 Player WON - awarding badge progress  
[2026-07-19 21:48:47] local.INFO: 🎯 Recording badge progress from battle {"player_id":"6a5d44c7fcb51d09ab0c3281","difficulty":"easy"} 
[2026-07-19 21:48:47] local.INFO: 📊 Badge progress updated {"total_count":1,"current_in_set":1,"milestone_reached":false} 
[2026-07-19 21:48:47] local.INFO: Badge awarded result {"badge_awarded":{"difficulty":"Easy","progress":1,"remaining":2,"badge_unlocked":false,"message":"2 more battle wins needed for next badge"}} 
[2026-07-19 21:48:47] local.INFO: === BATTLE RESULT SAVED SUCCESSFULLY ===  
[2026-07-19 21:49:36] local.INFO: ✅ Incremented stats {"player_id":"6a5d44c7fcb51d09ab0c3281","game_type":"puzzle","category":"scientists","difficulty":"easy","new_count":1} 
[2026-07-19 21:49:56] local.INFO: Leaderboard request: {"mode":"challenge","limit":"50"} 
[2026-07-19 21:49:56] local.INFO: Leaderboard request: {"mode":"battle","limit":"50"} 
[2026-07-19 21:50:30] local.INFO: Leaderboard request: {"mode":"challenge","limit":"50"} 
[2026-07-19 21:50:30] local.INFO: Leaderboard request: {"mode":"battle","limit":"50"} 
[2026-07-19 22:00:38] local.INFO: Leaderboard request: {"mode":"challenge","limit":"50"} 
[2026-07-19 22:00:38] local.INFO: Leaderboard request: {"mode":"battle","limit":"50"} 
[2026-07-24 07:08:37] local.INFO: Leaderboard request: {"mode":"battle","limit":"50"} 
[2026-07-24 07:08:38] local.INFO: Leaderboard request: {"mode":"challenge","limit":"50"} 
[2026-07-24 07:08:53] local.INFO: Created new player_stats record {"player_id":"6a630f20f45b97f4dd0d6936","game_type":"memory_match"} 
[2026-07-24 07:09:17] local.INFO: Leaderboard request: {"mode":"battle","limit":"50"} 
[2026-07-24 07:09:18] local.INFO: Leaderboard request: {"mode":"challenge","limit":"50"} 
[2026-07-24 07:09:35] local.INFO: Leaderboard request: {"mode":"challenge","limit":"50"} 
[2026-07-24 07:09:35] local.INFO: Leaderboard request: {"mode":"battle","limit":"50"} 
[2026-07-24 07:09:35] local.INFO: Profile propagated to leaderboard collections {"player_id":"6a630f3af45b97f4dd0d6937","old_username":"wowie","new_username":"kalbo","username_changed":true,"avatar_changed":false} 
[2026-07-24 07:09:37] local.INFO: Leaderboard request: {"mode":"challenge","limit":"50"} 
[2026-07-24 07:09:37] local.INFO: Leaderboard request: {"mode":"battle","limit":"50"} 
[2026-07-24 07:09:40] local.INFO: Leaderboard request: {"mode":"battle","limit":"50"} 
[2026-07-24 07:09:40] local.INFO: Leaderboard request: {"mode":"challenge","limit":"50"} 
[2026-07-24 07:31:46] local.INFO: Fetching questions {"category":"Science","difficulty":"Difficult","year_level":"ALL"} 
[2026-07-24 07:31:47] local.INFO: Questions found {"count":1498} 
[2026-07-24 07:31:47] local.INFO: Difficulty setting applied {"difficulty":"Difficult","num_questions":10} 
[2026-07-24 07:34:24] local.INFO: Challenge result saved {"player_id":"6a630f3af45b97f4dd0d6937","correct_answers":4,"total_questions":10,"is_perfect":false} 
[2026-07-24 07:34:24] local.INFO: Not a perfect score — no badge awarded {"correct":4,"total":10} 
[2026-07-24 07:35:24] local.INFO: Created new player_stats record {"player_id":"6a630f3af45b97f4dd0d6937","game_type":"memory_match"} 
[2026-07-24 07:35:44] local.INFO: Leaderboard request: {"mode":"challenge","limit":"50"} 
[2026-07-24 07:35:44] local.INFO: Leaderboard request: {"mode":"battle","limit":"50"} 
[2026-07-24 07:37:28] local.INFO: ✅ Incremented stats {"player_id":"6a630f3af45b97f4dd0d6937","game_type":"puzzle","category":"human body","difficulty":"average","new_count":1} 
[2026-08-02 05:16:22] local.INFO: Leaderboard request: {"mode":"battle","limit":"50"} 
[2026-08-02 05:16:23] local.INFO: Leaderboard request: {"mode":"challenge","limit":"50"} 
[2026-08-02 05:34:04] local.INFO: Leaderboard request: {"mode":"battle","limit":"50"} 
[2026-08-02 05:34:04] local.INFO: Leaderboard request: {"mode":"challenge","limit":"50"} 
[2026-08-02 05:46:18] local.INFO: Leaderboard request: {"mode":"challenge","limit":"100"} 
[2026-08-02 05:48:11] local.INFO: Created new player_stats record {"player_id":"6a6c20fed26ce14933083ebc","game_type":"memory_match"} 
[2026-08-02 05:49:52] local.INFO: Created new player_stats record {"player_id":"6a6ed5ead26ce14933083ed0","game_type":"memory_match"} 
[2026-08-02 05:51:50] local.INFO: Leaderboard request: {"mode":"challenge","limit":"100"} 
[2026-08-02 05:53:19] production.INFO: Fetching questions {"category":"Science","difficulty":"Easy","year_level":"ALL"} 
[2026-08-02 05:53:24] production.INFO: Questions found {"count":192} 
[2026-08-02 05:53:24] production.INFO: Difficulty setting applied {"difficulty":"Easy","num_questions":10} 
[2026-08-02 05:53:38] local.INFO: Fetching questions {"category":"Science","difficulty":"Easy","year_level":"ALL"} 
[2026-08-02 05:53:39] local.INFO: Questions found {"count":192} 
[2026-08-02 05:53:39] local.INFO: Difficulty setting applied {"difficulty":"Easy","num_questions":10} 
[2026-08-02 05:53:59] local.INFO: Fetching questions {"category":"Science","difficulty":"Easy","year_level":"ALL"} 
[2026-08-02 05:53:59] local.INFO: Questions found {"count":192} 
[2026-08-02 05:53:59] local.INFO: Difficulty setting applied {"difficulty":"Easy","num_questions":10} 
[2026-08-02 05:56:16] local.INFO: Challenge result saved {"player_id":"6a6ed5ead26ce14933083ed0","correct_answers":10,"total_questions":10,"is_perfect":true} 
[2026-08-02 05:56:16] local.INFO: Perfect score detected {"player_id":"6a6ed5ead26ce14933083ed0","difficulty":"Easy"} 
[2026-08-02 05:56:16] local.INFO: ✅ Incremented stats {"player_id":"6a6ed5ead26ce14933083ed0","game_type":"challenge","category":"science","difficulty":"easy","new_count":1} 
[2026-08-02 05:56:16] local.INFO: Player stats updated  
[2026-08-02 05:56:16] local.INFO: 🎯 Recording badge progress from challenge {"player_id":"6a6ed5ead26ce14933083ed0","difficulty":"easy"} 
[2026-08-02 05:56:16] local.INFO: 📊 Badge progress updated {"total_count":1,"current_in_set":1,"milestone_reached":false} 
[2026-08-02 05:56:16] local.INFO: Badge progress recorded {"badge_awarded":{"difficulty":"Easy","progress":1,"remaining":2,"badge_unlocked":false,"message":"2 more perfect scores needed for next badge"}} 
[2026-08-02 05:56:34] local.INFO: Leaderboard request: {"mode":"challenge","limit":"100"} 
[2026-08-02 05:57:38] local.INFO: Leaderboard request: {"mode":"challenge","limit":"100"} 
[2026-08-02 06:20:50] local.INFO: Leaderboard request: {"mode":"challenge","limit":"100"} 
[2026-08-02 07:40:47] local.INFO: Leaderboard request: {"mode":"challenge","limit":"100"} 
[2026-08-02 08:28:39] local.INFO: Leaderboard request: {"mode":"challenge","limit":"100"} 
[2026-08-02 09:34:06] local.INFO: Leaderboard request: {"mode":"challenge","limit":"100"} 
[2026-08-02 09:34:26] local.INFO: Leaderboard request: {"mode":"challenge","limit":"100"} 
[2026-08-14 01:35:25] local.INFO: Leaderboard request: {"mode":"challenge","limit":"100"} 
[2026-08-14 02:05:48] local.INFO: Fetching questions {"category":"Science","difficulty":"Easy","year_level":"ALL"} 
[2026-08-14 02:05:49] local.INFO: Questions found {"count":192} 
[2026-08-14 02:05:49] local.INFO: Difficulty setting applied {"difficulty":"Easy","num_questions":10} 
[2026-08-14 02:05:54] local.INFO: Fetching questions {"category":"Science","difficulty":"Easy","year_level":"ALL"} 
[2026-08-14 02:05:55] local.INFO: Questions found {"count":192} 
[2026-08-14 02:05:55] local.INFO: Difficulty setting applied {"difficulty":"Easy","num_questions":10} 
[2026-08-14 07:38:59] local.INFO: Leaderboard request: {"mode":"challenge","limit":"100"} 
[2026-08-14 08:17:43] local.INFO: Leaderboard request: {"mode":"challenge","limit":"100"} 
[2026-08-14 08:26:49] local.INFO: Created new player_stats record {"player_id":"6a7ecd22548a11e2f80d2402","game_type":"memory_match"} 
[2026-08-14 08:27:33] local.INFO: ✅ Incremented stats {"player_id":"6a7ecd22548a11e2f80d2402","game_type":"memory_match","category":"general","difficulty":"difficult","new_count":1} 
[2026-08-14 08:28:00] local.INFO: Fetching questions {"category":"Science","difficulty":"Easy","year_level":"ALL"} 
[2026-08-14 08:28:00] local.INFO: Questions found {"count":192} 
[2026-08-14 08:28:00] local.INFO: Difficulty setting applied {"difficulty":"Easy","num_questions":10} 
[2026-08-14 08:28:12] local.INFO: Fetching questions {"category":"Science","difficulty":"Easy","year_level":"ALL"} 
[2026-08-14 08:28:12] local.INFO: Questions found {"count":192} 
[2026-08-14 08:28:12] local.INFO: Difficulty setting applied {"difficulty":"Easy","num_questions":10} 
[2026-08-14 08:28:32] local.INFO: Fetching questions {"category":"Science","difficulty":"Easy","year_level":"ALL"} 
[2026-08-14 08:28:32] local.INFO: Questions found {"count":192} 
[2026-08-14 08:28:32] local.INFO: Difficulty setting applied {"difficulty":"Easy","num_questions":10} 
[2026-08-14 08:28:45] local.INFO: Fetching questions {"category":"Science","difficulty":"Easy","year_level":"ALL"} 
[2026-08-14 08:28:45] local.INFO: Questions found {"count":192} 
[2026-08-14 08:28:45] local.INFO: Difficulty setting applied {"difficulty":"Easy","num_questions":10} 
[2026-08-14 08:30:17] local.INFO: Fetching questions {"category":"Science","difficulty":"Easy","year_level":"ALL"} 
[2026-08-14 08:30:17] local.INFO: Questions found {"count":192} 
[2026-08-14 08:30:18] local.INFO: Difficulty setting applied {"difficulty":"Easy","num_questions":10} 
[2026-08-14 08:31:42] local.INFO: Fetching questions {"category":"Science","difficulty":"Easy","year_level":"ALL"} 
[2026-08-14 08:31:42] local.INFO: Questions found {"count":192} 
[2026-08-14 08:31:42] local.INFO: Difficulty setting applied {"difficulty":"Easy","num_questions":10} 
[2026-08-14 08:31:53] local.INFO: Fetching questions {"category":"Science","difficulty":"Easy","year_level":"ALL"} 
[2026-08-14 08:31:53] local.INFO: Questions found {"count":192} 
[2026-08-14 08:31:53] local.INFO: Difficulty setting applied {"difficulty":"Easy","num_questions":10} 
[2026-08-14 08:33:53] local.INFO: Challenge result saved {"player_id":"6a7ecd22548a11e2f80d2402","correct_answers":10,"total_questions":10,"is_perfect":true} 
[2026-08-14 08:33:53] local.INFO: Perfect score detected {"player_id":"6a7ecd22548a11e2f80d2402","difficulty":"Easy"} 
[2026-08-14 08:33:53] local.INFO: ✅ Incremented stats {"player_id":"6a7ecd22548a11e2f80d2402","game_type":"challenge","category":"science","difficulty":"easy","new_count":1} 
[2026-08-14 08:33:53] local.INFO: Player stats updated  
[2026-08-14 08:33:53] local.INFO: 🎯 Recording badge progress from challenge {"player_id":"6a7ecd22548a11e2f80d2402","difficulty":"easy"} 
[2026-08-14 08:33:53] local.INFO: 📊 Badge progress updated {"total_count":1,"current_in_set":1,"milestone_reached":false} 
[2026-08-14 08:33:53] local.INFO: Badge progress recorded {"badge_awarded":{"difficulty":"Easy","progress":1,"remaining":2,"badge_unlocked":false,"message":"2 more perfect scores needed for next badge"}} 
[2026-08-14 08:35:33] local.INFO: Created new player_stats record {"player_id":"6a7ece0d548a11e2f80d2407","game_type":"memory_match"} 
[2026-08-14 08:37:21] local.INFO: Leaderboard request: {"mode":"challenge","limit":"100"} 
[2026-08-14 08:42:53] local.INFO: Leaderboard request: {"mode":"challenge","limit":"100"} 
[2026-08-14 09:12:11] local.INFO: Leaderboard request: {"mode":"challenge","limit":"100"} 
[2026-08-14 09:13:06] local.INFO: Leaderboard request: {"mode":"challenge","limit":"100"} 
[2026-08-14 09:36:33] local.INFO: Leaderboard request: {"mode":"challenge","limit":"100"} 
[2026-08-14 09:36:48] local.INFO: Leaderboard request: {"mode":"challenge","limit":"100"} 
[2026-08-16 17:00:41] local.INFO: Fetching questions {"category":"Science","difficulty":"Easy","year_level":"ALL"} 
[2026-08-16 17:00:41] local.INFO: Questions found {"count":192} 
[2026-08-16 17:00:41] local.INFO: Difficulty setting applied {"difficulty":"Easy","num_questions":10} 
[2026-08-16 17:01:39] local.INFO: === BATTLE RESULT REQUEST RECEIVED ===  
[2026-08-16 17:01:39] local.INFO: Request Data: {"player_id":"6a81ec19f9cb7a14b30db036","category":"Science","difficulty_level":"Easy","player_score":24,"result":"lost","battle_id":"5K01NF","questions_answered":10,"correct_answers":2} 
[2026-08-16 17:01:39] local.INFO: ✅ Validation passed {"player_id":"6a81ec19f9cb7a14b30db036","category":"Science","difficulty_level":"Easy","player_score":24,"result":"lost","battle_id":"5K01NF","questions_answered":10,"correct_answers":2} 
[2026-08-16 17:01:40] local.INFO: === BATTLE RESULT REQUEST RECEIVED ===  
[2026-08-16 17:01:40] local.INFO: Request Data: {"player_id":"6a81ec1bf9cb7a14b30db039","category":"Science","difficulty_level":"Easy","player_score":75,"result":"won","battle_id":"5K01NF","questions_answered":10,"correct_answers":6} 
[2026-08-16 17:01:40] local.INFO: ✅ Battle result saved to battle collection  
[2026-08-16 17:01:40] local.INFO: ✅ Validation passed {"player_id":"6a81ec1bf9cb7a14b30db039","category":"Science","difficulty_level":"Easy","player_score":75,"result":"won","battle_id":"5K01NF","questions_answered":10,"correct_answers":6} 
[2026-08-16 17:01:40] local.INFO: Skipping player_stats creation - no win to record {"player_id":"6a81ec19f9cb7a14b30db036","game_type":"battle","result":"lost"} 
[2026-08-16 17:01:40] local.INFO: ℹ️ Player LOST - no badges awarded  
[2026-08-16 17:01:40] local.INFO: === BATTLE RESULT SAVED SUCCESSFULLY ===  
[2026-08-16 17:01:40] local.INFO: ✅ Battle result saved to battle collection  
[2026-08-16 17:01:40] local.INFO: Created new player_stats record {"player_id":"6a81ec1bf9cb7a14b30db039","game_type":"battle"} 
[2026-08-16 17:01:40] local.INFO: 🏆 Player WON - awarding badge progress  
[2026-08-16 17:01:40] local.INFO: 🎯 Recording badge progress from battle {"player_id":"6a81ec1bf9cb7a14b30db039","difficulty":"easy"} 
[2026-08-16 17:01:40] local.INFO: 📊 Badge progress updated {"total_count":1,"current_in_set":1,"milestone_reached":false} 
[2026-08-16 17:01:40] local.INFO: Badge awarded result {"badge_awarded":{"difficulty":"Easy","progress":1,"remaining":2,"badge_unlocked":false,"message":"2 more battle wins needed for next badge"}} 
[2026-08-16 17:01:40] local.INFO: === BATTLE RESULT SAVED SUCCESSFULLY ===  
[2026-08-26 17:49:23] local.INFO: Profile propagated to leaderboard collections {"player_id":"6a8f26ed4b12002ecb008389","old_username":"Test","new_username":"Test1","username_changed":true,"avatar_changed":false} 
[2026-09-10 01:17:23] production.INFO: Fetching questions {"category":"Science","difficulty":"Easy","year_level":"ALL"} 
[2026-09-10 01:17:26] production.INFO: Questions found {"count":192} 
[2026-09-10 01:17:26] production.INFO: Difficulty setting applied {"difficulty":"Easy","num_questions":10} 
[2026-09-10 01:17:28] local.INFO: Fetching questions {"category":"Science","difficulty":"Easy","year_level":"ALL"} 
[2026-09-10 01:17:29] local.INFO: Questions found {"count":192} 
[2026-09-10 01:17:29] local.INFO: Difficulty setting applied {"difficulty":"Easy","num_questions":10} 
[2026-09-10 01:18:29] local.INFO: Fetching questions {"category":"Science","difficulty":"Easy","year_level":"ALL"} 
[2026-09-10 01:18:29] local.INFO: Questions found {"count":192} 
[2026-09-10 01:18:30] local.INFO: Difficulty setting applied {"difficulty":"Easy","num_questions":10} 
[2026-09-10 01:21:25] local.INFO: Challenge result saved {"player_id":"6aa204d84982c3a2b7096a34","correct_answers":10,"total_questions":10,"is_perfect":true} 
[2026-09-10 01:21:25] local.INFO: Perfect score detected {"player_id":"6aa204d84982c3a2b7096a34","difficulty":"Easy"} 
[2026-09-10 01:21:26] local.INFO: Challenge result saved {"player_id":"6aa204d84982c3a2b7096a34","correct_answers":10,"total_questions":10,"is_perfect":true} 
[2026-09-10 01:21:26] local.INFO: Perfect score detected {"player_id":"6aa204d84982c3a2b7096a34","difficulty":"Easy"} 
[2026-09-10 01:21:28] local.INFO: Created new player_stats record {"player_id":"6aa204d84982c3a2b7096a34","game_type":"challenge"} 
[2026-09-10 01:21:28] local.INFO: Player stats updated  
[2026-09-10 01:21:28] local.INFO: 🎯 Recording badge progress from challenge {"player_id":"6aa204d84982c3a2b7096a34","difficulty":"easy"} 
[2026-09-10 01:21:28] local.INFO: Created new player_stats record {"player_id":"6aa204d84982c3a2b7096a34","game_type":"challenge"} 
[2026-09-10 01:21:28] local.INFO: Player stats updated  
[2026-09-10 01:21:28] local.INFO: 🎯 Recording badge progress from challenge {"player_id":"6aa204d84982c3a2b7096a34","difficulty":"easy"} 
[2026-09-10 01:21:30] local.INFO: 📊 Badge progress updated {"total_count":1,"current_in_set":1,"milestone_reached":false} 
[2026-09-10 01:21:30] local.INFO: Badge progress recorded {"badge_awarded":{"difficulty":"Easy","progress":1,"remaining":2,"badge_unlocked":false,"message":"2 more perfect scores needed for next badge"}} 
[2026-09-10 01:21:31] local.INFO: 📊 Badge progress updated {"total_count":1,"current_in_set":1,"milestone_reached":false} 
[2026-09-10 01:21:31] local.INFO: Badge progress recorded {"badge_awarded":{"difficulty":"Easy","progress":1,"remaining":2,"badge_unlocked":false,"message":"2 more perfect scores needed for next badge"}} 
[2026-09-10 01:21:32] local.INFO: Challenge result saved {"player_id":"6aa204d84982c3a2b7096a34","correct_answers":10,"total_questions":10,"is_perfect":true} 
[2026-09-10 01:21:32] local.INFO: Perfect score detected {"player_id":"6aa204d84982c3a2b7096a34","difficulty":"Easy"} 
[2026-09-10 01:21:33] local.INFO: ✅ Incremented stats {"player_id":"6aa204d84982c3a2b7096a34","game_type":"challenge","category":"science","difficulty":"easy","new_count":2} 
[2026-09-10 01:21:33] local.INFO: Player stats updated  
[2026-09-10 01:21:33] local.INFO: 🎯 Recording badge progress from challenge {"player_id":"6aa204d84982c3a2b7096a34","difficulty":"easy"} 
[2026-09-10 01:21:38] local.INFO: 📊 Badge progress updated {"total_count":2,"current_in_set":2,"milestone_reached":false} 
[2026-09-10 01:21:38] local.INFO: Badge progress recorded {"badge_awarded":{"difficulty":"Easy","progress":2,"remaining":1,"badge_unlocked":false,"message":"1 more perfect score needed for next badge"}} 
[2026-09-10 01:22:58] local.INFO: Fetching questions {"category":"Science","difficulty":"Easy","year_level":"ALL"} 
[2026-09-10 01:22:59] local.INFO: Questions found {"count":192} 
[2026-09-10 01:22:59] local.INFO: Difficulty setting applied {"difficulty":"Easy","num_questions":10} 
[2026-09-10 01:23:52] local.INFO: Fetching questions {"category":"Science","difficulty":"Easy","year_level":"ALL"} 
[2026-09-10 01:23:53] local.INFO: Questions found {"count":192} 
[2026-09-10 01:23:53] local.INFO: Difficulty setting applied {"difficulty":"Easy","num_questions":10} 
[2026-09-10 01:24:31] local.INFO: Fetching questions {"category":"Science","difficulty":"Easy","year_level":"ALL"} 
[2026-09-10 01:24:32] local.INFO: Questions found {"count":192} 
[2026-09-10 01:24:32] local.INFO: Difficulty setting applied {"difficulty":"Easy","num_questions":10} 
[2026-09-10 01:25:24] local.INFO: Fetching questions {"category":"Science","difficulty":"Easy","year_level":"ALL"} 
[2026-09-10 01:25:25] local.INFO: Questions found {"count":192} 
[2026-09-10 01:25:25] local.INFO: Difficulty setting applied {"difficulty":"Easy","num_questions":10} 
[2026-09-10 01:25:45] local.INFO: Fetching questions {"category":"Science","difficulty":"Easy","year_level":"ALL"} 
[2026-09-10 01:25:46] local.INFO: Questions found {"count":192} 
[2026-09-10 01:25:46] local.INFO: Difficulty setting applied {"difficulty":"Easy","num_questions":10} 
[2026-09-10 01:27:53] local.INFO: Challenge result saved {"player_id":"6aa204d84982c3a2b7096a34","correct_answers":9,"total_questions":10,"is_perfect":false} 
[2026-09-10 01:27:53] local.INFO: Not a perfect score — no badge awarded {"correct":9,"total":10} 
[2026-09-10 01:28:03] local.INFO: Challenge result saved {"player_id":"6aa204d84982c3a2b7096a34","correct_answers":9,"total_questions":10,"is_perfect":false} 
[2026-09-10 01:28:03] local.INFO: Not a perfect score — no badge awarded {"correct":9,"total":10} 
[2026-09-10 01:28:09] local.INFO: Challenge result saved {"player_id":"6aa204d84982c3a2b7096a34","correct_answers":9,"total_questions":10,"is_perfect":false} 
[2026-09-10 01:28:09] local.INFO: Not a perfect score — no badge awarded {"correct":9,"total":10} 
[2026-09-10 08:45:46] local.ERROR: No suitable servers found (`serverSelectionTryOnce` set): [connection refused calling hello on 'localhost:27017']. Topology type: Single {"exception":"[object] (MongoDB\\Driver\\Exception\\ConnectionTimeoutException(code: 13053): No suitable servers found (`serverSelectionTryOnce` set): [connection refused calling hello on 'localhost:27017']. Topology type: Single at C:\\laragon\\www\\api\\vendor\\mongodb\\mongodb\\src\\functions.php:600)
[stacktrace]
#0 C:\\laragon\\www\\api\\vendor\\mongodb\\mongodb\\src\\functions.php(600): MongoDB\\Driver\\Manager->selectServer(Object(MongoDB\\Driver\\ReadPreference))
#1 C:\\laragon\\www\\api\\vendor\\mongodb\\mongodb\\src\\Collection.php(654): MongoDB\\select_server(Object(MongoDB\\Driver\\Manager), Array)
#2 C:\\laragon\\www\\api\\vendor\\mongodb\\laravel-mongodb\\src\\Query\\Builder.php(529): MongoDB\\Collection->find(Array, Array)
#3 C:\\laragon\\www\\api\\vendor\\mongodb\\laravel-mongodb\\src\\Query\\Builder.php(265): MongoDB\\Laravel\\Query\\Builder->getFresh(Array)
#4 C:\\laragon\\www\\api\\vendor\\laravel\\framework\\src\\Illuminate\\Database\\Concerns\\BuildsQueries.php(366): MongoDB\\Laravel\\Query\\Builder->get(Array)
#5 C:\\laragon\\www\\api\\app\\Http\\Controllers\\AdminController.php(54): Illuminate\\Database\\Query\\Builder->first()
#6 C:\\laragon\\www\\api\\app\\Http\\Controllers\\AdminController.php(248): App\\Http\\Controllers\\AdminController->authenticate(Object(Illuminate\\Http\\Request))
#7 C:\\laragon\\www\\api\\vendor\\laravel\\framework\\src\\Illuminate\\Routing\\ControllerDispatcher.php(46): App\\Http\\Controllers\\AdminController->profile(Object(Illuminate\\Http\\Request))
#8 C:\\laragon\\www\\api\\vendor\\laravel\\framework\\src\\Illuminate\\Routing\\Route.php(265): Illuminate\\Routing\\ControllerDispatcher->dispatch(Object(Illuminate\\Routing\\Route), Object(App\\Http\\Controllers\\AdminController), 'profile')
#9 C:\\laragon\\www\\api\\vendor\\laravel\\framework\\src\\Illuminate\\Routing\\Route.php(211): Illuminate\\Routing\\Route->runController()
#10 C:\\laragon\\www\\api\\vendor\\laravel\\framework\\src\\Illuminate\\Routing\\Router.php(822): Illuminate\\Routing\\Route->run()
#11 C:\\laragon\\www\\api\\vendor\\laravel\\framework\\src\\Illuminate\\Pipeline\\Pipeline.php(180): Illuminate\\Routing\\Router->Illuminate\\Routing\\{closure}(Object(Illuminate\\Http\\Request))
#12 C:\\laragon\\www\\api\\vendor\\laravel\\framework\\src\\Illuminate\\Routing\\Middleware\\SubstituteBindings.php(50): Illuminate\\Pipeline\\Pipeline->Illuminate\\Pipeline\\{closure}(Object(Illuminate\\Http\\Request))
#13 C:\\laragon\\www\\api\\vendor\\laravel\\framework\\src\\Illuminate\\Pipeline\\Pipeline.php(219): Illuminate\\Routing\\Middleware\\SubstituteBindings->handle(Object(Illuminate\\Http\\Request), Object(Closure))
#14 C:\\laragon\\www\\api\\vendor\\laravel\\framework\\src\\Illuminate\\Pipeline\\Pipeline.php(137): Illuminate\\Pipeline\\Pipeline->Illuminate\\Pipeline\\{closure}(Object(Illuminate\\Http\\Request))
#15 C:\\laragon\\www\\api\\vendor\\laravel\\framework\\src\\Illuminate\\Routing\\Router.php(821): Illuminate\\Pipeline\\Pipeline->then(Object(Closure))
#16 C:\\laragon\\www\\api\\vendor\\laravel\\framework\\src\\Illuminate\\Routing\\Router.php(800): Illuminate\\Routing\\Router->runRouteWithinStack(Object(Illuminate\\Routing\\Route), Object(Illuminate\\Http\\Request))
#17 C:\\laragon\\www\\api\\vendor\\laravel\\framework\\src\\Illuminate\\Routing\\Router.php(764): Illuminate\\Routing\\Router->runRoute(Object(Illuminate\\Http\\Request), Object(Illuminate\\Routing\\Route))
#18 C:\\laragon\\www\\api\\vendor\\laravel\\framework\\src\\Illuminate\\Routing\\Router.php(753): Illuminate\\Routing\\Router->dispatchToRoute(Object(Illuminate\\Http\\Request))
#19 C:\\laragon\\www\\api\\vendor\\laravel\\framework\\src\\Illuminate\\Foundation\\Http\\Kernel.php(200): Illuminate\\Routing\\Router->dispatch(Object(Illuminate\\Http\\Request))
#20 C:\\laragon\\www\\api\\vendor\\laravel\\framework\\src\\Illuminate\\Pipeline\\Pipeline.php(180): Illuminate\\Foundation\\Http\\Kernel->Illuminate\\Foundation\\Http\\{closure}(Object(Illuminate\\Http\\Request))
#21 C:\\laragon\\www\\api\\app\\Http\\Middleware\\HandleCors.php(20): Illuminate\\Pipeline\\Pipeline->Illuminate\\Pipeline\\{closure}(Object(Illuminate\\Http\\Request))
#22 C:\\laragon\\www\\api\\vendor\\laravel\\framework\\src\\Illuminate\\Pipeline\\Pipeline.php(219): App\\Http\\Middleware\\HandleCors->handle(Object(Illuminate\\Http\\Request), Object(Closure))
#23 C:\\laragon\\www\\api\\vendor\\laravel\\framework\\src\\Illuminate\\Foundation\\Http\\Middleware\\TransformsRequest.php(21): Illuminate\\Pipeline\\Pipeline->Illuminate\\Pipeline\\{closure}(Object(Illuminate\\Http\\Request))
#24 C:\\laragon\\www\\api\\vendor\\laravel\\framework\\src\\Illuminate\\Foundation\\Http\\Middleware\\ConvertEmptyStringsToNull.php(31): Illuminate\\Foundation\\Http\\Middleware\\TransformsRequest->handle(Object(Illuminate\\Http\\Request), Object(Closure))
#25 C:\\laragon\\www\\api\\vendor\\laravel\\framework\\src\\Illuminate\\Pipeline\\Pipeline.php(219): Illuminate\\Foundation\\Http\\Middleware\\ConvertEmptyStringsToNull->handle(Object(Illuminate\\Http\\Request), Object(Closure))
#26 C:\\laragon\\www\\api\\vendor\\laravel\\framework\\src\\Illuminate\\Foundation\\Http\\Middleware\\TransformsRequest.php(21): Illuminate\\Pipeline\\Pipeline->Illuminate\\Pipeline\\{closure}(Object(Illuminate\\Http\\Request))
#27 C:\\laragon\\www\\api\\vendor\\laravel\\framework\\src\\Illuminate\\Foundation\\Http\\Middleware\\TrimStrings.php(51): Illuminate\\Foundation\\Http\\Middleware\\TransformsRequest->handle(Object(Illuminate\\Http\\Request), Object(Closure))
#28 C:\\laragon\\www\\api\\vendor\\laravel\\framework\\src\\Illuminate\\Pipeline\\Pipeline.php(219): Illuminate\\Foundation\\Http\\Middleware\\TrimStrings->handle(Object(Illuminate\\Http\\Request), Object(Closure))
#29 C:\\laragon\\www\\api\\vendor\\laravel\\framework\\src\\Illuminate\\Http\\Middleware\\ValidatePostSize.php(27): Illuminate\\Pipeline\\Pipeline->Illuminate\\Pipeline\\{closure}(Object(Illuminate\\Http\\Request))
#30 C:\\laragon\\www\\api\\vendor\\laravel\\framework\\src\\Illuminate\\Pipeline\\Pipeline.php(219): Illuminate\\Http\\Middleware\\ValidatePostSize->handle(Object(Illuminate\\Http\\Request), Object(Closure))
#31 C:\\laragon\\www\\api\\vendor\\laravel\\framework\\src\\Illuminate\\Foundation\\Http\\Middleware\\PreventRequestsDuringMaintenance.php(109): Illuminate\\Pipeline\\Pipeline->Illuminate\\Pipeline\\{closure}(Object(Illuminate\\Http\\Request))
#32 C:\\laragon\\www\\api\\vendor\\laravel\\framework\\src\\Illuminate\\Pipeline\\Pipeline.php(219): Illuminate\\Foundation\\Http\\Middleware\\PreventRequestsDuringMaintenance->handle(Object(Illuminate\\Http\\Request), Object(Closure))
#33 C:\\laragon\\www\\api\\vendor\\laravel\\framework\\src\\Illuminate\\Http\\Middleware\\HandleCors.php(48): Illuminate\\Pipeline\\Pipeline->Illuminate\\Pipeline\\{closure}(Object(Illuminate\\Http\\Request))
#34 C:\\laragon\\www\\api\\vendor\\laravel\\framework\\src\\Illuminate\\Pipeline\\Pipeline.php(219): Illuminate\\Http\\Middleware\\HandleCors->handle(Object(Illuminate\\Http\\Request), Object(Closure))
#35 C:\\laragon\\www\\api\\vendor\\laravel\\framework\\src\\Illuminate\\Http\\Middleware\\TrustProxies.php(58): Illuminate\\Pipeline\\Pipeline->Illuminate\\Pipeline\\{closure}(Object(Illuminate\\Http\\Request))
#36 C:\\laragon\\www\\api\\vendor\\laravel\\framework\\src\\Illuminate\\Pipeline\\Pipeline.php(219): Illuminate\\Http\\Middleware\\TrustProxies->handle(Object(Illuminate\\Http\\Request), Object(Closure))
#37 C:\\laragon\\www\\api\\vendor\\laravel\\framework\\src\\Illuminate\\Foundation\\Http\\Middleware\\InvokeDeferredCallbacks.php(22): Illuminate\\Pipeline\\Pipeline->Illuminate\\Pipeline\\{closure}(Object(Illuminate\\Http\\Request))
#38 C:\\laragon\\www\\api\\vendor\\laravel\\framework\\src\\Illuminate\\Pipeline\\Pipeline.php(219): Illuminate\\Foundation\\Http\\Middleware\\InvokeDeferredCallbacks->handle(Object(Illuminate\\Http\\Request), Object(Closure))
#39 C:\\laragon\\www\\api\\vendor\\laravel\\framework\\src\\Illuminate\\Http\\Middleware\\ValidatePathEncoding.php(26): Illuminate\\Pipeline\\Pipeline->Illuminate\\Pipeline\\{closure}(Object(Illuminate\\Http\\Request))
#40 C:\\laragon\\www\\api\\vendor\\laravel\\framework\\src\\Illuminate\\Pipeline\\Pipeline.php(219): Illuminate\\Http\\Middleware\\ValidatePathEncoding->handle(Object(Illuminate\\Http\\Request), Object(Closure))
#41 C:\\laragon\\www\\api\\vendor\\laravel\\framework\\src\\Illuminate\\Pipeline\\Pipeline.php(137): Illuminate\\Pipeline\\Pipeline->Illuminate\\Pipeline\\{closure}(Object(Illuminate\\Http\\Request))
#42 C:\\laragon\\www\\api\\vendor\\laravel\\framework\\src\\Illuminate\\Foundation\\Http\\Kernel.php(175): Illuminate\\Pipeline\\Pipeline->then(Object(Closure))
#43 C:\\laragon\\www\\api\\vendor\\laravel\\framework\\src\\Illuminate\\Foundation\\Http\\Kernel.php(144): Illuminate\\Foundation\\Http\\Kernel->sendRequestThroughRouter(Object(Illuminate\\Http\\Request))
#44 C:\\laragon\\www\\api\\vendor\\laravel\\framework\\src\\Illuminate\\Foundation\\Application.php(1220): Illuminate\\Foundation\\Http\\Kernel->handle(Object(Illuminate\\Http\\Request))
#45 C:\\laragon\\www\\api\\public\\index.php(20): Illuminate\\Foundation\\Application->handleRequest(Object(Illuminate\\Http\\Request))
#46 {main}
"} 
[2026-09-16 03:10:40] local.INFO: Profile propagated to leaderboard collections {"player_id":"6aaa0827c09dd0e8550cb653","old_username":"Dingdung","new_username":"Dingdung","username_changed":false,"avatar_changed":true} 
[2026-09-16 06:02:43] local.INFO: Fetching questions {"category":"Science","difficulty":"Easy","year_level":"ALL"} 
[2026-09-16 06:02:43] local.INFO: Questions found {"count":0} 
[2026-09-16 06:03:35] local.INFO: Fetching questions {"category":"Science","difficulty":"Easy","year_level":"ALL"} 
[2026-09-16 06:03:35] local.INFO: Questions found {"count":192} 
[2026-09-16 06:03:35] local.INFO: Difficulty setting applied {"difficulty":"Easy","num_questions":10} 
[2026-09-16 06:04:00] local.INFO: ✅ Player stats incremented (atomic upsert) {"player_id":"6aaa2dccc09dd0e8550cb665","path":"memory_match_stats.general.easy"} 
[2026-09-16 06:12:29] local.WARNING: Admin analytics: some player_stats rows were skipped {"stats_rows_with_no_matching_player":["6aaa2dccc09dd0e8550cb665"],"plays_by_players_with_no_sex_set":0,"hint":"A player whose sex is \"Prefer not to say\" cannot appear in a Male vs Female chart."} 
[2026-09-16 06:12:29] local.WARNING: Admin analytics: plays skipped because the player age did not map to a bucket {"plays":1,"buckets":["0-12","13-17","18-22","23-29","30-39","40+"]} 
[2026-09-16 06:13:28] local.WARNING: Admin analytics: some player_stats rows were skipped {"stats_rows_with_no_matching_player":["6aaa2dccc09dd0e8550cb665"],"plays_by_players_with_no_sex_set":0,"hint":"A player whose sex is \"Prefer not to say\" cannot appear in a Male vs Female chart."} 
[2026-09-16 06:13:28] local.WARNING: Admin analytics: plays skipped because the player age did not map to a bucket {"plays":1,"buckets":["0-12","13-17","18-22","23-29","30-39","40+"]} 
[2026-09-16 06:19:40] local.WARNING: Admin analytics: some player_stats rows were skipped {"stats_rows_with_no_matching_player":["6aaa2dccc09dd0e8550cb665"],"plays_by_players_with_no_sex_set":0,"hint":"A player whose sex is \"Prefer not to say\" cannot appear in a Male vs Female chart."} 
[2026-09-16 06:19:40] local.WARNING: Admin analytics: plays skipped because the player age did not map to a bucket {"plays":1,"buckets":["0-12","13-17","18-22","23-29","30-39","40+"]} 
[2026-09-16 06:20:02] local.WARNING: Admin analytics: some player_stats rows were skipped {"stats_rows_with_no_matching_player":["6aaa2dccc09dd0e8550cb665"],"plays_by_players_with_no_sex_set":0,"hint":"A player whose sex is \"Prefer not to say\" cannot appear in a Male vs Female chart."} 
[2026-09-16 06:20:02] local.WARNING: Admin analytics: plays skipped because the player age did not map to a bucket {"plays":1,"buckets":["0-12","13-17","18-22","23-29","30-39","40+"]} 
[2026-09-16 06:52:13] local.WARNING: Admin analytics: some player_stats rows were skipped {"stats_rows_with_no_matching_player":["6aaa2dccc09dd0e8550cb665"],"plays_by_players_with_no_sex_set":0,"hint":"A player whose sex is \"Prefer not to say\" cannot appear in a Male vs Female chart.","debug_unmatched_detail":[{"normalised_pid":"6aaa2dccc09dd0e8550cb665","raw_player_id_value":{"$oid":"6aaa2dccc09dd0e8550cb665"},"raw_player_id_php_type":"MongoDB\\BSON\\ObjectId"}],"debug_known_player_ids":[]} 
[2026-09-16 06:52:13] local.WARNING: Admin analytics: plays skipped because the player age did not map to a bucket {"plays":1,"buckets":["0-12","13-17","18-22","23-29","30-39","40+"]} 
[2026-09-16 06:52:21] local.WARNING: Admin analytics: some player_stats rows were skipped {"stats_rows_with_no_matching_player":["6aaa2dccc09dd0e8550cb665"],"plays_by_players_with_no_sex_set":0,"hint":"A player whose sex is \"Prefer not to say\" cannot appear in a Male vs Female chart.","debug_unmatched_detail":[{"normalised_pid":"6aaa2dccc09dd0e8550cb665","raw_player_id_value":{"$oid":"6aaa2dccc09dd0e8550cb665"},"raw_player_id_php_type":"MongoDB\\BSON\\ObjectId"}],"debug_known_player_ids":[]} 
[2026-09-16 06:52:21] local.WARNING: Admin analytics: plays skipped because the player age did not map to a bucket {"plays":1,"buckets":["0-12","13-17","18-22","23-29","30-39","40+"]} 
[2026-09-16 06:57:37] local.INFO: ✅ Player stats incremented (atomic upsert) {"player_id":"6aaa2dccc09dd0e8550cb665","path":"memory_match_stats.general.average"} 
[2026-09-16 06:57:56] local.WARNING: Admin analytics: some player_stats rows were skipped {"stats_rows_with_no_matching_player":["6aaa2dccc09dd0e8550cb665"],"plays_by_players_with_no_sex_set":0,"hint":"A player whose sex is \"Prefer not to say\" cannot appear in a Male vs Female chart.","debug_unmatched_detail":[{"normalised_pid":"6aaa2dccc09dd0e8550cb665","raw_player_id_value":{"$oid":"6aaa2dccc09dd0e8550cb665"},"raw_player_id_php_type":"MongoDB\\BSON\\ObjectId"}],"debug_known_player_ids":[]} 
[2026-09-16 06:57:56] local.WARNING: Admin analytics: plays skipped because the player age did not map to a bucket {"plays":2,"buckets":["0-12","13-17","18-22","23-29","30-39","40+"]} 
[2026-09-16 07:33:02] local.WARNING: Admin analytics: some player_stats rows were skipped {"stats_rows_with_no_matching_player":["6aaa2dccc09dd0e8550cb665"],"plays_by_players_with_no_sex_set":0,"hint":"A player whose sex is \"Prefer not to say\" cannot appear in a Male vs Female chart.","debug_unmatched_detail":[{"normalised_pid":"6aaa2dccc09dd0e8550cb665","raw_player_id_value":{"$oid":"6aaa2dccc09dd0e8550cb665"},"raw_player_id_php_type":"MongoDB\\BSON\\ObjectId"}],"debug_known_player_ids":[]} 
[2026-09-16 07:33:02] local.WARNING: Admin analytics: plays skipped because the player age did not map to a bucket {"plays":2,"buckets":["0-12","13-17","18-22","23-29","30-39","40+"]} 
[2026-09-16 07:34:32] local.INFO: Fetching questions {"category":"Science","difficulty":"Easy","year_level":"ALL"} 
[2026-09-16 07:34:32] local.INFO: Questions found {"count":192} 
[2026-09-16 07:34:32] local.INFO: Difficulty setting applied {"difficulty":"Easy","num_questions":10} 
[2026-09-16 07:34:59] local.INFO: Fetching questions {"category":"Science","difficulty":"Easy","year_level":"ALL"} 
[2026-09-16 07:34:59] local.INFO: Questions found {"count":192} 
[2026-09-16 07:34:59] local.INFO: Difficulty setting applied {"difficulty":"Easy","num_questions":10} 
[2026-09-16 07:36:06] local.INFO: Fetching questions {"category":"Science","difficulty":"Easy","year_level":"ALL"} 
[2026-09-16 07:36:06] local.INFO: Questions found {"count":192} 
[2026-09-16 07:36:06] local.INFO: Difficulty setting applied {"difficulty":"Easy","num_questions":10} 
[2026-09-16 07:38:37] local.INFO: Challenge result saved {"player_id":"6aaa2dccc09dd0e8550cb665","correct_answers":10,"total_questions":10,"is_perfect":true} 
[2026-09-16 07:38:37] local.INFO: ✅ Player stats incremented (atomic upsert) {"player_id":"6aaa2dccc09dd0e8550cb665","path":"challenge_stats.science.easy"} 
[2026-09-16 07:38:37] local.INFO: Player stats updated  
[2026-09-16 07:38:37] local.INFO: Perfect score detected {"player_id":"6aaa2dccc09dd0e8550cb665","difficulty":"Easy"} 
[2026-09-16 07:38:37] local.INFO: 🎯 Recording badge progress from challenge {"player_id":"6aaa2dccc09dd0e8550cb665","difficulty":"easy"} 
[2026-09-16 07:38:37] local.INFO: 📊 Badge progress updated {"total_count":1,"current_in_set":1,"milestone_reached":false} 
[2026-09-16 07:38:37] local.INFO: Badge progress recorded {"badge_awarded":{"difficulty":"Easy","progress":1,"remaining":2,"badge_unlocked":false,"message":"2 more perfect scores needed for next badge"}} 
[2026-09-16 07:38:57] local.WARNING: Admin analytics: some player_stats rows were skipped {"stats_rows_with_no_matching_player":["6aaa2dccc09dd0e8550cb665"],"plays_by_players_with_no_sex_set":0,"hint":"A player whose sex is \"Prefer not to say\" cannot appear in a Male vs Female chart.","debug_unmatched_detail":[{"normalised_pid":"6aaa2dccc09dd0e8550cb665","raw_player_id_value":{"$oid":"6aaa2dccc09dd0e8550cb665"},"raw_player_id_php_type":"MongoDB\\BSON\\ObjectId"}],"debug_known_player_ids":[]} 
[2026-09-16 07:38:57] local.WARNING: Admin analytics: plays skipped because the player age did not map to a bucket {"plays":3,"buckets":["0-12","13-17","18-22","23-29","30-39","40+"]} 
[2026-09-16 07:41:44] local.WARNING: Admin analytics: some player_stats rows were skipped {"stats_rows_with_no_matching_player":["6aaa2dccc09dd0e8550cb665"],"plays_by_players_with_no_sex_set":0,"hint":"A player whose sex is \"Prefer not to say\" cannot appear in a Male vs Female chart.","debug_unmatched_detail":[{"normalised_pid":"6aaa2dccc09dd0e8550cb665","raw_player_id_value":{"$oid":"6aaa2dccc09dd0e8550cb665"},"raw_player_id_php_type":"MongoDB\\BSON\\ObjectId"}],"debug_known_player_ids":[]} 
[2026-09-16 07:41:44] local.WARNING: Admin analytics: plays skipped because the player age did not map to a bucket {"plays":3,"buckets":["0-12","13-17","18-22","23-29","30-39","40+"]} 
[2026-09-16 07:42:27] local.WARNING: Admin analytics: some player_stats rows were skipped {"stats_rows_with_no_matching_player":["6aaa2dccc09dd0e8550cb665"],"plays_by_players_with_no_sex_set":0,"hint":"A player whose sex is \"Prefer not to say\" cannot appear in a Male vs Female chart.","debug_unmatched_detail":[{"normalised_pid":"6aaa2dccc09dd0e8550cb665","raw_player_id_value":{"$oid":"6aaa2dccc09dd0e8550cb665"},"raw_player_id_php_type":"MongoDB\\BSON\\ObjectId"}],"debug_known_player_ids":[]} 
[2026-09-16 07:42:27] local.WARNING: Admin analytics: plays skipped because the player age did not map to a bucket {"plays":3,"buckets":["0-12","13-17","18-22","23-29","30-39","40+"]} 
[2026-09-16 07:48:05] local.WARNING: Admin analytics: some player_stats rows were skipped {"stats_rows_with_no_matching_player":["6aaa2dccc09dd0e8550cb665"],"plays_by_players_with_no_sex_set":0,"hint":"A player whose sex is \"Prefer not to say\" cannot appear in a Male vs Female chart.","debug_unmatched_detail":[{"normalised_pid":"6aaa2dccc09dd0e8550cb665","raw_player_id_value":{"$oid":"6aaa2dccc09dd0e8550cb665"},"raw_player_id_php_type":"MongoDB\\BSON\\ObjectId"}],"debug_known_player_ids":[]} 
[2026-09-16 07:48:05] local.WARNING: Admin analytics: plays skipped because the player age did not map to a bucket {"plays":3,"buckets":["0-12","13-17","18-22","23-29","30-39","40+"]} 
[2026-09-16 07:48:06] local.WARNING: Admin analytics: some player_stats rows were skipped {"stats_rows_with_no_matching_player":["6aaa2dccc09dd0e8550cb665"],"plays_by_players_with_no_sex_set":0,"hint":"A player whose sex is \"Prefer not to say\" cannot appear in a Male vs Female chart.","debug_unmatched_detail":[{"normalised_pid":"6aaa2dccc09dd0e8550cb665","raw_player_id_value":{"$oid":"6aaa2dccc09dd0e8550cb665"},"raw_player_id_php_type":"MongoDB\\BSON\\ObjectId"}],"debug_known_player_ids":[]} 
[2026-09-16 07:48:06] local.WARNING: Admin analytics: plays skipped because the player age did not map to a bucket {"plays":3,"buckets":["0-12","13-17","18-22","23-29","30-39","40+"]} 
[2026-09-16 07:54:25] local.WARNING: Admin analytics: some player_stats rows were skipped {"stats_rows_with_no_matching_player":["6aaa2dccc09dd0e8550cb665"],"plays_by_players_with_no_sex_set":0,"hint":"A player whose sex is \"Prefer not to say\" cannot appear in a Male vs Female chart.","debug_unmatched_detail":[{"normalised_pid":"6aaa2dccc09dd0e8550cb665","raw_player_id_value":{"$oid":"6aaa2dccc09dd0e8550cb665"},"raw_player_id_php_type":"MongoDB\\BSON\\ObjectId"}],"debug_known_player_ids":[]} 
[2026-09-16 07:54:25] local.WARNING: Admin analytics: plays skipped because the player age did not map to a bucket {"plays":3,"buckets":["0-12","13-17","18-22","23-29","30-39","40+"]} 
[2026-09-16 07:55:04] local.INFO: Fetching questions {"category":"Science","difficulty":"Easy","year_level":"ALL"} 
[2026-09-16 07:55:04] local.INFO: Questions found {"count":192} 
[2026-09-16 07:55:04] local.INFO: Difficulty setting applied {"difficulty":"Easy","num_questions":10} 
[2026-09-16 07:56:49] local.INFO: Challenge result saved {"player_id":"6aaa2dccc09dd0e8550cb665","correct_answers":10,"total_questions":10,"is_perfect":true} 
[2026-09-16 07:56:49] local.INFO: ✅ Player stats incremented (atomic upsert) {"player_id":"6aaa2dccc09dd0e8550cb665","path":"challenge_stats.science.easy"} 
[2026-09-16 07:56:49] local.INFO: Player stats updated  
[2026-09-16 07:56:49] local.INFO: Perfect score detected {"player_id":"6aaa2dccc09dd0e8550cb665","difficulty":"Easy"} 
[2026-09-16 07:56:49] local.INFO: 🎯 Recording badge progress from challenge {"player_id":"6aaa2dccc09dd0e8550cb665","difficulty":"easy"} 
[2026-09-16 07:56:49] local.INFO: 📊 Badge progress updated {"total_count":2,"current_in_set":2,"milestone_reached":false} 
[2026-09-16 07:56:49] local.INFO: Badge progress recorded {"badge_awarded":{"difficulty":"Easy","progress":2,"remaining":1,"badge_unlocked":false,"message":"1 more perfect score needed for next badge"}} 
[2026-09-16 07:57:09] local.WARNING: Admin analytics: some player_stats rows were skipped {"stats_rows_with_no_matching_player":["6aaa2dccc09dd0e8550cb665"],"plays_by_players_with_no_sex_set":0,"hint":"A player whose sex is \"Prefer not to say\" cannot appear in a Male vs Female chart.","debug_unmatched_detail":[{"normalised_pid":"6aaa2dccc09dd0e8550cb665","raw_player_id_value":{"$oid":"6aaa2dccc09dd0e8550cb665"},"raw_player_id_php_type":"MongoDB\\BSON\\ObjectId"}],"debug_known_player_ids":[]} 
[2026-09-16 07:57:09] local.WARNING: Admin analytics: plays skipped because the player age did not map to a bucket {"plays":4,"buckets":["0-12","13-17","18-22","23-29","30-39","40+"]} 
[2026-09-16 08:00:54] local.INFO: ✅ Player stats incremented (atomic upsert) {"player_id":"6aaa4c4981fa95c3e30f5864","path":"memory_match_stats.general.difficult"} 
[2026-09-16 08:03:40] local.WARNING: Admin analytics: some player_stats rows were skipped {"stats_rows_with_no_matching_player":["6aaa2dccc09dd0e8550cb665","6aaa4c4981fa95c3e30f5864"],"plays_by_players_with_no_sex_set":0,"hint":"A player whose sex is \"Prefer not to say\" cannot appear in a Male vs Female chart.","debug_unmatched_detail":[{"normalised_pid":"6aaa2dccc09dd0e8550cb665","raw_player_id_value":{"$oid":"6aaa2dccc09dd0e8550cb665"},"raw_player_id_php_type":"MongoDB\\BSON\\ObjectId"},{"normalised_pid":"6aaa4c4981fa95c3e30f5864","raw_player_id_value":{"$oid":"6aaa4c4981fa95c3e30f5864"},"raw_player_id_php_type":"MongoDB\\BSON\\ObjectId"}],"debug_known_player_ids":[]} 
[2026-09-16 08:03:40] local.WARNING: Admin analytics: plays skipped because the player age did not map to a bucket {"plays":5,"buckets":["0-12","13-17","18-22","23-29","30-39","40+"]} 
[2026-09-16 08:08:14] local.WARNING: Admin analytics: some player_stats rows were skipped {"stats_rows_with_no_matching_player":["6aaa2dccc09dd0e8550cb665","6aaa4c4981fa95c3e30f5864"],"plays_by_players_with_no_sex_set":0,"hint":"A player whose sex is \"Prefer not to say\" cannot appear in a Male vs Female chart.","debug_unmatched_detail":[{"normalised_pid":"6aaa2dccc09dd0e8550cb665","raw_player_id_value":{"$oid":"6aaa2dccc09dd0e8550cb665"},"raw_player_id_php_type":"MongoDB\\BSON\\ObjectId"},{"normalised_pid":"6aaa4c4981fa95c3e30f5864","raw_player_id_value":{"$oid":"6aaa4c4981fa95c3e30f5864"},"raw_player_id_php_type":"MongoDB\\BSON\\ObjectId"}],"debug_known_player_ids":[]} 
[2026-09-16 08:08:14] local.WARNING: Admin analytics: plays skipped because the player age did not map to a bucket {"plays":5,"buckets":["0-12","13-17","18-22","23-29","30-39","40+"]} 
[2026-09-16 08:08:38] local.WARNING: Admin analytics: some player_stats rows were skipped {"stats_rows_with_no_matching_player":["6aaa2dccc09dd0e8550cb665","6aaa4c4981fa95c3e30f5864"],"plays_by_players_with_no_sex_set":0,"hint":"A player whose sex is \"Prefer not to say\" cannot appear in a Male vs Female chart.","debug_unmatched_detail":[{"normalised_pid":"6aaa2dccc09dd0e8550cb665","raw_player_id_value":{"$oid":"6aaa2dccc09dd0e8550cb665"},"raw_player_id_php_type":"MongoDB\\BSON\\ObjectId"},{"normalised_pid":"6aaa4c4981fa95c3e30f5864","raw_player_id_value":{"$oid":"6aaa4c4981fa95c3e30f5864"},"raw_player_id_php_type":"MongoDB\\BSON\\ObjectId"}],"debug_known_player_ids":[]} 
[2026-09-16 08:08:38] local.WARNING: Admin analytics: plays skipped because the player age did not map to a bucket {"plays":5,"buckets":["0-12","13-17","18-22","23-29","30-39","40+"]} 
[2026-09-16 08:11:42] local.WARNING: Admin analytics: some player_stats rows were skipped {"orphaned_stats_rows":2,"plays_by_players_with_no_sex_set":0,"hint":"Orphaned rows have no matching player_info document (stale player_id) and cannot be attributed to a gender. A player whose sex is \"Prefer not to say\" also will not appear in a Male vs Female chart."} 
[2026-09-16 08:11:42] local.WARNING: Admin analytics: plays skipped because the player age did not map to a bucket {"plays":5,"buckets":["0-12","13-17","18-22","23-29","30-39","40+"]} 
[2026-09-16 08:11:54] local.WARNING: Admin analytics: some player_stats rows were skipped {"orphaned_stats_rows":2,"plays_by_players_with_no_sex_set":0,"hint":"Orphaned rows have no matching player_info document (stale player_id) and cannot be attributed to a gender. A player whose sex is \"Prefer not to say\" also will not appear in a Male vs Female chart."} 
[2026-09-16 08:11:54] local.WARNING: Admin analytics: plays skipped because the player age did not map to a bucket {"plays":5,"buckets":["0-12","13-17","18-22","23-29","30-39","40+"]} 
[2026-09-16 08:12:39] local.WARNING: Admin analytics: some player_stats rows were skipped {"orphaned_stats_rows":2,"plays_by_players_with_no_sex_set":0,"hint":"Orphaned rows have no matching player_info document (stale player_id) and cannot be attributed to a gender. A player whose sex is \"Prefer not to say\" also will not appear in a Male vs Female chart."} 
[2026-09-16 08:12:39] local.WARNING: Admin analytics: plays skipped because the player age did not map to a bucket {"plays":5,"buckets":["0-12","13-17","18-22","23-29","30-39","40+"]} 
[2026-09-16 08:14:22] local.ERROR: There are no commands defined in the "players" namespace. {"exception":"[object] (Symfony\\Component\\Console\\Exception\\NamespaceNotFoundException(code: 0): There are no commands defined in the \"players\" namespace. at C:\\laragon\\www\\api\\vendor\\symfony\\console\\Application.php:674)
[stacktrace]
#0 C:\\laragon\\www\\api\\vendor\\symfony\\console\\Application.php(723): Symfony\\Component\\Console\\Application->findNamespace('players')
#1 C:\\laragon\\www\\api\\vendor\\symfony\\console\\Application.php(298): Symfony\\Component\\Console\\Application->find('players:cleanup...')
#2 C:\\laragon\\www\\api\\vendor\\symfony\\console\\Application.php(195): Symfony\\Component\\Console\\Application->doRun(Object(Symfony\\Component\\Console\\Input\\ArgvInput), Object(Symfony\\Component\\Console\\Output\\ConsoleOutput))
#3 C:\\laragon\\www\\api\\vendor\\laravel\\framework\\src\\Illuminate\\Foundation\\Console\\Kernel.php(197): Symfony\\Component\\Console\\Application->run(Object(Symfony\\Component\\Console\\Input\\ArgvInput), Object(Symfony\\Component\\Console\\Output\\ConsoleOutput))
#4 C:\\laragon\\www\\api\\vendor\\laravel\\framework\\src\\Illuminate\\Foundation\\Application.php(1235): Illuminate\\Foundation\\Console\\Kernel->handle(Object(Symfony\\Component\\Console\\Input\\ArgvInput), Object(Symfony\\Component\\Console\\Output\\ConsoleOutput))
#5 C:\\laragon\\www\\api\\artisan(16): Illuminate\\Foundation\\Application->handleCommand(Object(Symfony\\Component\\Console\\Input\\ArgvInput))
#6 {main}
"} 
[2026-09-16 08:14:42] local.ERROR: There are no commands defined in the "players" namespace. {"exception":"[object] (Symfony\\Component\\Console\\Exception\\NamespaceNotFoundException(code: 0): There are no commands defined in the \"players\" namespace. at C:\\laragon\\www\\api\\vendor\\symfony\\console\\Application.php:674)
[stacktrace]
#0 C:\\laragon\\www\\api\\vendor\\symfony\\console\\Application.php(723): Symfony\\Component\\Console\\Application->findNamespace('players')
#1 C:\\laragon\\www\\api\\vendor\\symfony\\console\\Application.php(298): Symfony\\Component\\Console\\Application->find('players:cleanup...')
#2 C:\\laragon\\www\\api\\vendor\\symfony\\console\\Application.php(195): Symfony\\Component\\Console\\Application->doRun(Object(Symfony\\Component\\Console\\Input\\ArgvInput), Object(Symfony\\Component\\Console\\Output\\ConsoleOutput))
#3 C:\\laragon\\www\\api\\vendor\\laravel\\framework\\src\\Illuminate\\Foundation\\Console\\Kernel.php(197): Symfony\\Component\\Console\\Application->run(Object(Symfony\\Component\\Console\\Input\\ArgvInput), Object(Symfony\\Component\\Console\\Output\\ConsoleOutput))
#4 C:\\laragon\\www\\api\\vendor\\laravel\\framework\\src\\Illuminate\\Foundation\\Application.php(1235): Illuminate\\Foundation\\Console\\Kernel->handle(Object(Symfony\\Component\\Console\\Input\\ArgvInput), Object(Symfony\\Component\\Console\\Output\\ConsoleOutput))
#5 C:\\laragon\\www\\api\\artisan(16): Illuminate\\Foundation\\Application->handleCommand(Object(Symfony\\Component\\Console\\Input\\ArgvInput))
#6 {main}
"} 
[2026-09-17 15:25:25] local.INFO: ✅ Player stats incremented (atomic upsert) {"player_id":"6aac05eb2690434a8006e972","path":"memory_match_stats.general.easy"} 
[2026-09-17 15:26:02] local.INFO: Fetching questions {"category":"Math","difficulty":"Easy","year_level":"ALL"} 
[2026-09-17 15:26:02] local.INFO: Questions found {"count":1208} 
[2026-09-17 15:26:02] local.INFO: Difficulty setting applied {"difficulty":"Easy","num_questions":10} 
[2026-09-17 15:29:40] local.INFO: Challenge result saved {"player_id":"6aac05eb2690434a8006e972","correct_answers":5,"total_questions":10,"is_perfect":false} 
[2026-09-17 15:29:40] local.INFO: ✅ Player stats incremented (atomic upsert) {"player_id":"6aac05eb2690434a8006e972","path":"challenge_stats.math.easy"} 
[2026-09-17 15:29:40] local.INFO: Player stats updated  
[2026-09-17 15:29:40] local.INFO: Not a perfect score — no badge awarded {"correct":5,"total":10} 
[2026-09-17 15:30:58] local.INFO: ✅ Player stats incremented (atomic upsert) {"player_id":"6aac05eb2690434a8006e972","path":"puzzle_stats.human body.easy"} 
[2026-09-17 15:31:19] local.INFO: Fetching questions {"category":"Science","difficulty":"Easy","year_level":"ALL"} 
[2026-09-17 15:31:19] local.INFO: Questions found {"count":192} 
[2026-09-17 15:31:19] local.INFO: Difficulty setting applied {"difficulty":"Easy","num_questions":10} 
[2026-09-17 15:33:21] local.INFO: Challenge result saved {"player_id":"6aac05eb2690434a8006e972","correct_answers":6,"total_questions":10,"is_perfect":false} 
[2026-09-17 15:33:22] local.INFO: ✅ Player stats incremented (atomic upsert) {"player_id":"6aac05eb2690434a8006e972","path":"challenge_stats.science.easy"} 
[2026-09-17 15:33:22] local.INFO: Player stats updated  
[2026-09-17 15:33:22] local.INFO: Not a perfect score — no badge awarded {"correct":6,"total":10} 
[2026-09-17 15:34:32] local.INFO: ✅ Player stats incremented (atomic upsert) {"player_id":"6aac05eb2690434a8006e972","path":"memory_match_stats.general.difficult"} 
[2026-09-17 15:35:35] local.INFO: ✅ Player stats incremented (atomic upsert) {"player_id":"6aac05eb2690434a8006e972","path":"memory_match_stats.general.difficult"} 
[2026-09-17 15:36:36] local.INFO: ✅ Player stats incremented (atomic upsert) {"player_id":"6aac05eb2690434a8006e972","path":"memory_match_stats.general.difficult"} 
[2026-09-17 15:37:03] local.INFO: Fetching questions {"category":"Science","difficulty":"Average","year_level":"ALL"} 
[2026-09-17 15:37:03] local.INFO: Questions found {"count":1818} 
[2026-09-17 15:37:03] local.INFO: Difficulty setting applied {"difficulty":"Average","num_questions":10} 
[2026-09-17 15:40:08] local.INFO: ✅ Player stats incremented (atomic upsert) {"player_id":"6aac05eb2690434a8006e972","path":"memory_match_stats.general.difficult"} 
[2026-09-17 15:40:52] local.INFO: ✅ Player stats incremented (atomic upsert) {"player_id":"6aac05eb2690434a8006e972","path":"memory_match_stats.general.difficult"} 
[2026-09-17 15:42:24] local.INFO: ✅ Player stats incremented (atomic upsert) {"player_id":"6aac05eb2690434a8006e972","path":"memory_match_stats.general.difficult"} 
[2026-09-17 15:43:50] local.INFO: ✅ Player stats incremented (atomic upsert) {"player_id":"6aac05eb2690434a8006e972","path":"memory_match_stats.general.difficult"} 
[2026-09-17 15:44:35] local.INFO: ✅ Player stats incremented (atomic upsert) {"player_id":"6aac05eb2690434a8006e972","path":"memory_match_stats.general.difficult"} 
[2026-09-17 15:47:04] local.INFO: ✅ Player stats incremented (atomic upsert) {"player_id":"6aac05eb2690434a8006e972","path":"memory_match_stats.general.difficult"} 
[2026-09-22 07:07:17] local.ERROR: preg_match(): Unknown modifier ';' {"exception":"[object] (ErrorException(code: 0): preg_match(): Unknown modifier ';' at C:\\laragon\\www\\api\\vendor\\laravel\\framework\\src\\Illuminate\\Validation\\Concerns\\ValidatesAttributes.php:2064)
[stacktrace]
#0 C:\\laragon\\www\\api\\vendor\\laravel\\framework\\src\\Illuminate\\Foundation\\Bootstrap\\HandleExceptions.php(258): Illuminate\\Foundation\\Bootstrap\\HandleExceptions->handleError(2, 'preg_match(): U...', 'C:\\\\laragon\\\\www\\\\...', 2064)
#1 [internal function]: Illuminate\\Foundation\\Bootstrap\\HandleExceptions->Illuminate\\Foundation\\Bootstrap\\{closure}(2, 'preg_match(): U...', 'C:\\\\laragon\\\\www\\\\...', 2064)
#2 C:\\laragon\\www\\api\\vendor\\laravel\\framework\\src\\Illuminate\\Validation\\Concerns\\ValidatesAttributes.php(2064): preg_match('/^(?=.*[a-z])(?...', 'Test@1234')
#3 C:\\laragon\\www\\api\\vendor\\laravel\\framework\\src\\Illuminate\\Validation\\Validator.php(685): Illuminate\\Validation\\Validator->validateRegex('password', 'Test@1234', Array, Object(Illuminate\\Validation\\Validator))
#4 C:\\laragon\\www\\api\\vendor\\laravel\\framework\\src\\Illuminate\\Validation\\Validator.php(480): Illuminate\\Validation\\Validator->validateAttribute('password', 'Regex')
#5 C:\\laragon\\www\\api\\vendor\\laravel\\framework\\src\\Illuminate\\Validation\\Validator.php(515): Illuminate\\Validation\\Validator->passes()
#6 C:\\laragon\\www\\api\\vendor\\laravel\\framework\\src\\Illuminate\\Validation\\Validator.php(557): Illuminate\\Validation\\Validator->fails()
#7 C:\\laragon\\www\\api\\vendor\\laravel\\framework\\src\\Illuminate\\Foundation\\Providers\\FoundationServiceProvider.php(156): Illuminate\\Validation\\Validator->validate()
#8 C:\\laragon\\www\\api\\vendor\\laravel\\framework\\src\\Illuminate\\Macroable\\Traits\\Macroable.php(126): Illuminate\\Http\\Request->Illuminate\\Foundation\\Providers\\{closure}(Array, Array)
#9 C:\\laragon\\www\\api\\app\\Http\\Controllers\\UserController.php(29): Illuminate\\Http\\Request->__call('validate', Array)
#10 C:\\laragon\\www\\api\\vendor\\laravel\\framework\\src\\Illuminate\\Routing\\ControllerDispatcher.php(46): App\\Http\\Controllers\\UserController->register(Object(Illuminate\\Http\\Request))
#11 C:\\laragon\\www\\api\\vendor\\laravel\\framework\\src\\Illuminate\\Routing\\Route.php(265): Illuminate\\Routing\\ControllerDispatcher->dispatch(Object(Illuminate\\Routing\\Route), Object(App\\Http\\Controllers\\UserController), 'register')
#12 C:\\laragon\\www\\api\\vendor\\laravel\\framework\\src\\Illuminate\\Routing\\Route.php(211): Illuminate\\Routing\\Route->runController()
#13 C:\\laragon\\www\\api\\vendor\\laravel\\framework\\src\\Illuminate\\Routing\\Router.php(822): Illuminate\\Routing\\Route->run()
#14 C:\\laragon\\www\\api\\vendor\\laravel\\framework\\src\\Illuminate\\Pipeline\\Pipeline.php(180): Illuminate\\Routing\\Router->Illuminate\\Routing\\{closure}(Object(Illuminate\\Http\\Request))
#15 C:\\laragon\\www\\api\\vendor\\laravel\\framework\\src\\Illuminate\\Routing\\Middleware\\SubstituteBindings.php(50): Illuminate\\Pipeline\\Pipeline->Illuminate\\Pipeline\\{closure}(Object(Illuminate\\Http\\Request))
#16 C:\\laragon\\www\\api\\vendor\\laravel\\framework\\src\\Illuminate\\Pipeline\\Pipeline.php(219): Illuminate\\Routing\\Middleware\\SubstituteBindings->handle(Object(Illuminate\\Http\\Request), Object(Closure))
#17 C:\\laragon\\www\\api\\vendor\\laravel\\framework\\src\\Illuminate\\Pipeline\\Pipeline.php(137): Illuminate\\Pipeline\\Pipeline->Illuminate\\Pipeline\\{closure}(Object(Illuminate\\Http\\Request))
#18 C:\\laragon\\www\\api\\vendor\\laravel\\framework\\src\\Illuminate\\Routing\\Router.php(821): Illuminate\\Pipeline\\Pipeline->then(Object(Closure))
#19 C:\\laragon\\www\\api\\vendor\\laravel\\framework\\src\\Illuminate\\Routing\\Router.php(800): Illuminate\\Routing\\Router->runRouteWithinStack(Object(Illuminate\\Routing\\Route), Object(Illuminate\\Http\\Request))
#20 C:\\laragon\\www\\api\\vendor\\laravel\\framework\\src\\Illuminate\\Routing\\Router.php(764): Illuminate\\Routing\\Router->runRoute(Object(Illuminate\\Http\\Request), Object(Illuminate\\Routing\\Route))
#21 C:\\laragon\\www\\api\\vendor\\laravel\\framework\\src\\Illuminate\\Routing\\Router.php(753): Illuminate\\Routing\\Router->dispatchToRoute(Object(Illuminate\\Http\\Request))
#22 C:\\laragon\\www\\api\\vendor\\laravel\\framework\\src\\Illuminate\\Foundation\\Http\\Kernel.php(200): Illuminate\\Routing\\Router->dispatch(Object(Illuminate\\Http\\Request))
#23 C:\\laragon\\www\\api\\vendor\\laravel\\framework\\src\\Illuminate\\Pipeline\\Pipeline.php(180): Illuminate\\Foundation\\Http\\Kernel->Illuminate\\Foundation\\Http\\{closure}(Object(Illuminate\\Http\\Request))
#24 C:\\laragon\\www\\api\\app\\Http\\Middleware\\HandleCors.php(20): Illuminate\\Pipeline\\Pipeline->Illuminate\\Pipeline\\{closure}(Object(Illuminate\\Http\\Request))
#25 C:\\laragon\\www\\api\\vendor\\laravel\\framework\\src\\Illuminate\\Pipeline\\Pipeline.php(219): App\\Http\\Middleware\\HandleCors->handle(Object(Illuminate\\Http\\Request), Object(Closure))
#26 C:\\laragon\\www\\api\\vendor\\laravel\\framework\\src\\Illuminate\\Foundation\\Http\\Middleware\\TransformsRequest.php(21): Illuminate\\Pipeline\\Pipeline->Illuminate\\Pipeline\\{closure}(Object(Illuminate\\Http\\Request))
#27 C:\\laragon\\www\\api\\vendor\\laravel\\framework\\src\\Illuminate\\Foundation\\Http\\Middleware\\ConvertEmptyStringsToNull.php(31): Illuminate\\Foundation\\Http\\Middleware\\TransformsRequest->handle(Object(Illuminate\\Http\\Request), Object(Closure))
#28 C:\\laragon\\www\\api\\vendor\\laravel\\framework\\src\\Illuminate\\Pipeline\\Pipeline.php(219): Illuminate\\Foundation\\Http\\Middleware\\ConvertEmptyStringsToNull->handle(Object(Illuminate\\Http\\Request), Object(Closure))
#29 C:\\laragon\\www\\api\\vendor\\laravel\\framework\\src\\Illuminate\\Foundation\\Http\\Middleware\\TransformsRequest.php(21): Illuminate\\Pipeline\\Pipeline->Illuminate\\Pipeline\\{closure}(Object(Illuminate\\Http\\Request))
#30 C:\\laragon\\www\\api\\vendor\\laravel\\framework\\src\\Illuminate\\Foundation\\Http\\Middleware\\TrimStrings.php(51): Illuminate\\Foundation\\Http\\Middleware\\TransformsRequest->handle(Object(Illuminate\\Http\\Request), Object(Closure))
#31 C:\\laragon\\www\\api\\vendor\\laravel\\framework\\src\\Illuminate\\Pipeline\\Pipeline.php(219): Illuminate\\Foundation\\Http\\Middleware\\TrimStrings->handle(Object(Illuminate\\Http\\Request), Object(Closure))
#32 C:\\laragon\\www\\api\\vendor\\laravel\\framework\\src\\Illuminate\\Http\\Middleware\\ValidatePostSize.php(27): Illuminate\\Pipeline\\Pipeline->Illuminate\\Pipeline\\{closure}(Object(Illuminate\\Http\\Request))
#33 C:\\laragon\\www\\api\\vendor\\laravel\\framework\\src\\Illuminate\\Pipeline\\Pipeline.php(219): Illuminate\\Http\\Middleware\\ValidatePostSize->handle(Object(Illuminate\\Http\\Request), Object(Closure))
#34 C:\\laragon\\www\\api\\vendor\\laravel\\framework\\src\\Illuminate\\Foundation\\Http\\Middleware\\PreventRequestsDuringMaintenance.php(109): Illuminate\\Pipeline\\Pipeline->Illuminate\\Pipeline\\{closure}(Object(Illuminate\\Http\\Request))
#35 C:\\laragon\\www\\api\\vendor\\laravel\\framework\\src\\Illuminate\\Pipeline\\Pipeline.php(219): Illuminate\\Foundation\\Http\\Middleware\\PreventRequestsDuringMaintenance->handle(Object(Illuminate\\Http\\Request), Object(Closure))
#36 C:\\laragon\\www\\api\\vendor\\laravel\\framework\\src\\Illuminate\\Http\\Middleware\\HandleCors.php(48): Illuminate\\Pipeline\\Pipeline->Illuminate\\Pipeline\\{closure}(Object(Illuminate\\Http\\Request))
#37 C:\\laragon\\www\\api\\vendor\\laravel\\framework\\src\\Illuminate\\Pipeline\\Pipeline.php(219): Illuminate\\Http\\Middleware\\HandleCors->handle(Object(Illuminate\\Http\\Request), Object(Closure))
#38 C:\\laragon\\www\\api\\vendor\\laravel\\framework\\src\\Illuminate\\Http\\Middleware\\TrustProxies.php(58): Illuminate\\Pipeline\\Pipeline->Illuminate\\Pipeline\\{closure}(Object(Illuminate\\Http\\Request))
#39 C:\\laragon\\www\\api\\vendor\\laravel\\framework\\src\\Illuminate\\Pipeline\\Pipeline.php(219): Illuminate\\Http\\Middleware\\TrustProxies->handle(Object(Illuminate\\Http\\Request), Object(Closure))
#40 C:\\laragon\\www\\api\\vendor\\laravel\\framework\\src\\Illuminate\\Foundation\\Http\\Middleware\\InvokeDeferredCallbacks.php(22): Illuminate\\Pipeline\\Pipeline->Illuminate\\Pipeline\\{closure}(Object(Illuminate\\Http\\Request))
#41 C:\\laragon\\www\\api\\vendor\\laravel\\framework\\src\\Illuminate\\Pipeline\\Pipeline.php(219): Illuminate\\Foundation\\Http\\Middleware\\InvokeDeferredCallbacks->handle(Object(Illuminate\\Http\\Request), Object(Closure))
#42 C:\\laragon\\www\\api\\vendor\\laravel\\framework\\src\\Illuminate\\Http\\Middleware\\ValidatePathEncoding.php(26): Illuminate\\Pipeline\\Pipeline->Illuminate\\Pipeline\\{closure}(Object(Illuminate\\Http\\Request))
#43 C:\\laragon\\www\\api\\vendor\\laravel\\framework\\src\\Illuminate\\Pipeline\\Pipeline.php(219): Illuminate\\Http\\Middleware\\ValidatePathEncoding->handle(Object(Illuminate\\Http\\Request), Object(Closure))
#44 C:\\laragon\\www\\api\\vendor\\laravel\\framework\\src\\Illuminate\\Pipeline\\Pipeline.php(137): Illuminate\\Pipeline\\Pipeline->Illuminate\\Pipeline\\{closure}(Object(Illuminate\\Http\\Request))
#45 C:\\laragon\\www\\api\\vendor\\laravel\\framework\\src\\Illuminate\\Foundation\\Http\\Kernel.php(175): Illuminate\\Pipeline\\Pipeline->then(Object(Closure))
#46 C:\\laragon\\www\\api\\vendor\\laravel\\framework\\src\\Illuminate\\Foundation\\Http\\Kernel.php(144): Illuminate\\Foundation\\Http\\Kernel->sendRequestThroughRouter(Object(Illuminate\\Http\\Request))
#47 C:\\laragon\\www\\api\\vendor\\laravel\\framework\\src\\Illuminate\\Foundation\\Application.php(1220): Illuminate\\Foundation\\Http\\Kernel->handle(Object(Illuminate\\Http\\Request))
#48 C:\\laragon\\www\\api\\public\\index.php(20): Illuminate\\Foundation\\Application->handleRequest(Object(Illuminate\\Http\\Request))
#49 {main}
"} 
[2026-09-22 07:07:26] local.ERROR: preg_match(): Unknown modifier ';' {"exception":"[object] (ErrorException(code: 0): preg_match(): Unknown modifier ';' at C:\\laragon\\www\\api\\vendor\\laravel\\framework\\src\\Illuminate\\Validation\\Concerns\\ValidatesAttributes.php:2064)
[stacktrace]
#0 C:\\laragon\\www\\api\\vendor\\laravel\\framework\\src\\Illuminate\\Foundation\\Bootstrap\\HandleExceptions.php(258): Illuminate\\Foundation\\Bootstrap\\HandleExceptions->handleError(2, 'preg_match(): U...', 'C:\\\\laragon\\\\www\\\\...', 2064)
#1 [internal function]: Illuminate\\Foundation\\Bootstrap\\HandleExceptions->Illuminate\\Foundation\\Bootstrap\\{closure}(2, 'preg_match(): U...', 'C:\\\\laragon\\\\www\\\\...', 2064)
#2 C:\\laragon\\www\\api\\vendor\\laravel\\framework\\src\\Illuminate\\Validation\\Concerns\\ValidatesAttributes.php(2064): preg_match('/^(?=.*[a-z])(?...', 'Test@1234')
#3 C:\\laragon\\www\\api\\vendor\\laravel\\framework\\src\\Illuminate\\Validation\\Validator.php(685): Illuminate\\Validation\\Validator->validateRegex('password', 'Test@1234', Array, Object(Illuminate\\Validation\\Validator))
#4 C:\\laragon\\www\\api\\vendor\\laravel\\framework\\src\\Illuminate\\Validation\\Validator.php(480): Illuminate\\Validation\\Validator->validateAttribute('password', 'Regex')
#5 C:\\laragon\\www\\api\\vendor\\laravel\\framework\\src\\Illuminate\\Validation\\Validator.php(515): Illuminate\\Validation\\Validator->passes()
#6 C:\\laragon\\www\\api\\vendor\\laravel\\framework\\src\\Illuminate\\Validation\\Validator.php(557): Illuminate\\Validation\\Validator->fails()
#7 C:\\laragon\\www\\api\\vendor\\laravel\\framework\\src\\Illuminate\\Foundation\\Providers\\FoundationServiceProvider.php(156): Illuminate\\Validation\\Validator->validate()
#8 C:\\laragon\\www\\api\\vendor\\laravel\\framework\\src\\Illuminate\\Macroable\\Traits\\Macroable.php(126): Illuminate\\Http\\Request->Illuminate\\Foundation\\Providers\\{closure}(Array, Array)
#9 C:\\laragon\\www\\api\\app\\Http\\Controllers\\UserController.php(29): Illuminate\\Http\\Request->__call('validate', Array)
#10 C:\\laragon\\www\\api\\vendor\\laravel\\framework\\src\\Illuminate\\Routing\\ControllerDispatcher.php(46): App\\Http\\Controllers\\UserController->register(Object(Illuminate\\Http\\Request))
#11 C:\\laragon\\www\\api\\vendor\\laravel\\framework\\src\\Illuminate\\Routing\\Route.php(265): Illuminate\\Routing\\ControllerDispatcher->dispatch(Object(Illuminate\\Routing\\Route), Object(App\\Http\\Controllers\\UserController), 'register')
#12 C:\\laragon\\www\\api\\vendor\\laravel\\framework\\src\\Illuminate\\Routing\\Route.php(211): Illuminate\\Routing\\Route->runController()
#13 C:\\laragon\\www\\api\\vendor\\laravel\\framework\\src\\Illuminate\\Routing\\Router.php(822): Illuminate\\Routing\\Route->run()
#14 C:\\laragon\\www\\api\\vendor\\laravel\\framework\\src\\Illuminate\\Pipeline\\Pipeline.php(180): Illuminate\\Routing\\Router->Illuminate\\Routing\\{closure}(Object(Illuminate\\Http\\Request))
#15 C:\\laragon\\www\\api\\vendor\\laravel\\framework\\src\\Illuminate\\Routing\\Middleware\\SubstituteBindings.php(50): Illuminate\\Pipeline\\Pipeline->Illuminate\\Pipeline\\{closure}(Object(Illuminate\\Http\\Request))
#16 C:\\laragon\\www\\api\\vendor\\laravel\\framework\\src\\Illuminate\\Pipeline\\Pipeline.php(219): Illuminate\\Routing\\Middleware\\SubstituteBindings->handle(Object(Illuminate\\Http\\Request), Object(Closure))
#17 C:\\laragon\\www\\api\\vendor\\laravel\\framework\\src\\Illuminate\\Pipeline\\Pipeline.php(137): Illuminate\\Pipeline\\Pipeline->Illuminate\\Pipeline\\{closure}(Object(Illuminate\\Http\\Request))
#18 C:\\laragon\\www\\api\\vendor\\laravel\\framework\\src\\Illuminate\\Routing\\Router.php(821): Illuminate\\Pipeline\\Pipeline->then(Object(Closure))
#19 C:\\laragon\\www\\api\\vendor\\laravel\\framework\\src\\Illuminate\\Routing\\Router.php(800): Illuminate\\Routing\\Router->runRouteWithinStack(Object(Illuminate\\Routing\\Route), Object(Illuminate\\Http\\Request))
#20 C:\\laragon\\www\\api\\vendor\\laravel\\framework\\src\\Illuminate\\Routing\\Router.php(764): Illuminate\\Routing\\Router->runRoute(Object(Illuminate\\Http\\Request), Object(Illuminate\\Routing\\Route))
#21 C:\\laragon\\www\\api\\vendor\\laravel\\framework\\src\\Illuminate\\Routing\\Router.php(753): Illuminate\\Routing\\Router->dispatchToRoute(Object(Illuminate\\Http\\Request))
#22 C:\\laragon\\www\\api\\vendor\\laravel\\framework\\src\\Illuminate\\Foundation\\Http\\Kernel.php(200): Illuminate\\Routing\\Router->dispatch(Object(Illuminate\\Http\\Request))
#23 C:\\laragon\\www\\api\\vendor\\laravel\\framework\\src\\Illuminate\\Pipeline\\Pipeline.php(180): Illuminate\\Foundation\\Http\\Kernel->Illuminate\\Foundation\\Http\\{closure}(Object(Illuminate\\Http\\Request))
#24 C:\\laragon\\www\\api\\app\\Http\\Middleware\\HandleCors.php(20): Illuminate\\Pipeline\\Pipeline->Illuminate\\Pipeline\\{closure}(Object(Illuminate\\Http\\Request))
#25 C:\\laragon\\www\\api\\vendor\\laravel\\framework\\src\\Illuminate\\Pipeline\\Pipeline.php(219): App\\Http\\Middleware\\HandleCors->handle(Object(Illuminate\\Http\\Request), Object(Closure))
#26 C:\\laragon\\www\\api\\vendor\\laravel\\framework\\src\\Illuminate\\Foundation\\Http\\Middleware\\TransformsRequest.php(21): Illuminate\\Pipeline\\Pipeline->Illuminate\\Pipeline\\{closure}(Object(Illuminate\\Http\\Request))
#27 C:\\laragon\\www\\api\\vendor\\laravel\\framework\\src\\Illuminate\\Foundation\\Http\\Middleware\\ConvertEmptyStringsToNull.php(31): Illuminate\\Foundation\\Http\\Middleware\\TransformsRequest->handle(Object(Illuminate\\Http\\Request), Object(Closure))
#28 C:\\laragon\\www\\api\\vendor\\laravel\\framework\\src\\Illuminate\\Pipeline\\Pipeline.php(219): Illuminate\\Foundation\\Http\\Middleware\\ConvertEmptyStringsToNull->handle(Object(Illuminate\\Http\\Request), Object(Closure))
#29 C:\\laragon\\www\\api\\vendor\\laravel\\framework\\src\\Illuminate\\Foundation\\Http\\Middleware\\TransformsRequest.php(21): Illuminate\\Pipeline\\Pipeline->Illuminate\\Pipeline\\{closure}(Object(Illuminate\\Http\\Request))
#30 C:\\laragon\\www\\api\\vendor\\laravel\\framework\\src\\Illuminate\\Foundation\\Http\\Middleware\\TrimStrings.php(51): Illuminate\\Foundation\\Http\\Middleware\\TransformsRequest->handle(Object(Illuminate\\Http\\Request), Object(Closure))
#31 C:\\laragon\\www\\api\\vendor\\laravel\\framework\\src\\Illuminate\\Pipeline\\Pipeline.php(219): Illuminate\\Foundation\\Http\\Middleware\\TrimStrings->handle(Object(Illuminate\\Http\\Request), Object(Closure))
#32 C:\\laragon\\www\\api\\vendor\\laravel\\framework\\src\\Illuminate\\Http\\Middleware\\ValidatePostSize.php(27): Illuminate\\Pipeline\\Pipeline->Illuminate\\Pipeline\\{closure}(Object(Illuminate\\Http\\Request))
#33 C:\\laragon\\www\\api\\vendor\\laravel\\framework\\src\\Illuminate\\Pipeline\\Pipeline.php(219): Illuminate\\Http\\Middleware\\ValidatePostSize->handle(Object(Illuminate\\Http\\Request), Object(Closure))
#34 C:\\laragon\\www\\api\\vendor\\laravel\\framework\\src\\Illuminate\\Foundation\\Http\\Middleware\\PreventRequestsDuringMaintenance.php(109): Illuminate\\Pipeline\\Pipeline->Illuminate\\Pipeline\\{closure}(Object(Illuminate\\Http\\Request))
#35 C:\\laragon\\www\\api\\vendor\\laravel\\framework\\src\\Illuminate\\Pipeline\\Pipeline.php(219): Illuminate\\Foundation\\Http\\Middleware\\PreventRequestsDuringMaintenance->handle(Object(Illuminate\\Http\\Request), Object(Closure))
#36 C:\\laragon\\www\\api\\vendor\\laravel\\framework\\src\\Illuminate\\Http\\Middleware\\HandleCors.php(48): Illuminate\\Pipeline\\Pipeline->Illuminate\\Pipeline\\{closure}(Object(Illuminate\\Http\\Request))
#37 C:\\laragon\\www\\api\\vendor\\laravel\\framework\\src\\Illuminate\\Pipeline\\Pipeline.php(219): Illuminate\\Http\\Middleware\\HandleCors->handle(Object(Illuminate\\Http\\Request), Object(Closure))
#38 C:\\laragon\\www\\api\\vendor\\laravel\\framework\\src\\Illuminate\\Http\\Middleware\\TrustProxies.php(58): Illuminate\\Pipeline\\Pipeline->Illuminate\\Pipeline\\{closure}(Object(Illuminate\\Http\\Request))
#39 C:\\laragon\\www\\api\\vendor\\laravel\\framework\\src\\Illuminate\\Pipeline\\Pipeline.php(219): Illuminate\\Http\\Middleware\\TrustProxies->handle(Object(Illuminate\\Http\\Request), Object(Closure))
#40 C:\\laragon\\www\\api\\vendor\\laravel\\framework\\src\\Illuminate\\Foundation\\Http\\Middleware\\InvokeDeferredCallbacks.php(22): Illuminate\\Pipeline\\Pipeline->Illuminate\\Pipeline\\{closure}(Object(Illuminate\\Http\\Request))
#41 C:\\laragon\\www\\api\\vendor\\laravel\\framework\\src\\Illuminate\\Pipeline\\Pipeline.php(219): Illuminate\\Foundation\\Http\\Middleware\\InvokeDeferredCallbacks->handle(Object(Illuminate\\Http\\Request), Object(Closure))
#42 C:\\laragon\\www\\api\\vendor\\laravel\\framework\\src\\Illuminate\\Http\\Middleware\\ValidatePathEncoding.php(26): Illuminate\\Pipeline\\Pipeline->Illuminate\\Pipeline\\{closure}(Object(Illuminate\\Http\\Request))
#43 C:\\laragon\\www\\api\\vendor\\laravel\\framework\\src\\Illuminate\\Pipeline\\Pipeline.php(219): Illuminate\\Http\\Middleware\\ValidatePathEncoding->handle(Object(Illuminate\\Http\\Request), Object(Closure))
#44 C:\\laragon\\www\\api\\vendor\\laravel\\framework\\src\\Illuminate\\Pipeline\\Pipeline.php(137): Illuminate\\Pipeline\\Pipeline->Illuminate\\Pipeline\\{closure}(Object(Illuminate\\Http\\Request))
#45 C:\\laragon\\www\\api\\vendor\\laravel\\framework\\src\\Illuminate\\Foundation\\Http\\Kernel.php(175): Illuminate\\Pipeline\\Pipeline->then(Object(Closure))
#46 C:\\laragon\\www\\api\\vendor\\laravel\\framework\\src\\Illuminate\\Foundation\\Http\\Kernel.php(144): Illuminate\\Foundation\\Http\\Kernel->sendRequestThroughRouter(Object(Illuminate\\Http\\Request))
#47 C:\\laragon\\www\\api\\vendor\\laravel\\framework\\src\\Illuminate\\Foundation\\Application.php(1220): Illuminate\\Foundation\\Http\\Kernel->handle(Object(Illuminate\\Http\\Request))
#48 C:\\laragon\\www\\api\\public\\index.php(20): Illuminate\\Foundation\\Application->handleRequest(Object(Illuminate\\Http\\Request))
#49 {main}
"} 
[2026-09-22 07:11:51] local.ERROR: preg_match(): Unknown modifier ';' {"exception":"[object] (ErrorException(code: 0): preg_match(): Unknown modifier ';' at C:\\laragon\\www\\api\\vendor\\laravel\\framework\\src\\Illuminate\\Validation\\Concerns\\ValidatesAttributes.php:2064)
[stacktrace]
#0 C:\\laragon\\www\\api\\vendor\\laravel\\framework\\src\\Illuminate\\Foundation\\Bootstrap\\HandleExceptions.php(258): Illuminate\\Foundation\\Bootstrap\\HandleExceptions->handleError(2, 'preg_match(): U...', 'C:\\\\laragon\\\\www\\\\...', 2064)
#1 [internal function]: Illuminate\\Foundation\\Bootstrap\\HandleExceptions->Illuminate\\Foundation\\Bootstrap\\{closure}(2, 'preg_match(): U...', 'C:\\\\laragon\\\\www\\\\...', 2064)
#2 C:\\laragon\\www\\api\\vendor\\laravel\\framework\\src\\Illuminate\\Validation\\Concerns\\ValidatesAttributes.php(2064): preg_match('/^(?=.*[a-z])(?...', 'Test@1234')
#3 C:\\laragon\\www\\api\\vendor\\laravel\\framework\\src\\Illuminate\\Validation\\Validator.php(685): Illuminate\\Validation\\Validator->validateRegex('password', 'Test@1234', Array, Object(Illuminate\\Validation\\Validator))
#4 C:\\laragon\\www\\api\\vendor\\laravel\\framework\\src\\Illuminate\\Validation\\Validator.php(480): Illuminate\\Validation\\Validator->validateAttribute('password', 'Regex')
#5 C:\\laragon\\www\\api\\vendor\\laravel\\framework\\src\\Illuminate\\Validation\\Validator.php(515): Illuminate\\Validation\\Validator->passes()
#6 C:\\laragon\\www\\api\\vendor\\laravel\\framework\\src\\Illuminate\\Validation\\Validator.php(557): Illuminate\\Validation\\Validator->fails()
#7 C:\\laragon\\www\\api\\vendor\\laravel\\framework\\src\\Illuminate\\Foundation\\Providers\\FoundationServiceProvider.php(156): Illuminate\\Validation\\Validator->validate()
#8 C:\\laragon\\www\\api\\vendor\\laravel\\framework\\src\\Illuminate\\Macroable\\Traits\\Macroable.php(126): Illuminate\\Http\\Request->Illuminate\\Foundation\\Providers\\{closure}(Array, Array)
#9 C:\\laragon\\www\\api\\app\\Http\\Controllers\\UserController.php(29): Illuminate\\Http\\Request->__call('validate', Array)
#10 C:\\laragon\\www\\api\\vendor\\laravel\\framework\\src\\Illuminate\\Routing\\ControllerDispatcher.php(46): App\\Http\\Controllers\\UserController->register(Object(Illuminate\\Http\\Request))
#11 C:\\laragon\\www\\api\\vendor\\laravel\\framework\\src\\Illuminate\\Routing\\Route.php(265): Illuminate\\Routing\\ControllerDispatcher->dispatch(Object(Illuminate\\Routing\\Route), Object(App\\Http\\Controllers\\UserController), 'register')
#12 C:\\laragon\\www\\api\\vendor\\laravel\\framework\\src\\Illuminate\\Routing\\Route.php(211): Illuminate\\Routing\\Route->runController()
#13 C:\\laragon\\www\\api\\vendor\\laravel\\framework\\src\\Illuminate\\Routing\\Router.php(822): Illuminate\\Routing\\Route->run()
#14 C:\\laragon\\www\\api\\vendor\\laravel\\framework\\src\\Illuminate\\Pipeline\\Pipeline.php(180): Illuminate\\Routing\\Router->Illuminate\\Routing\\{closure}(Object(Illuminate\\Http\\Request))
#15 C:\\laragon\\www\\api\\vendor\\laravel\\framework\\src\\Illuminate\\Routing\\Middleware\\SubstituteBindings.php(50): Illuminate\\Pipeline\\Pipeline->Illuminate\\Pipeline\\{closure}(Object(Illuminate\\Http\\Request))
#16 C:\\laragon\\www\\api\\vendor\\laravel\\framework\\src\\Illuminate\\Pipeline\\Pipeline.php(219): Illuminate\\Routing\\Middleware\\SubstituteBindings->handle(Object(Illuminate\\Http\\Request), Object(Closure))
#17 C:\\laragon\\www\\api\\vendor\\laravel\\framework\\src\\Illuminate\\Pipeline\\Pipeline.php(137): Illuminate\\Pipeline\\Pipeline->Illuminate\\Pipeline\\{closure}(Object(Illuminate\\Http\\Request))
#18 C:\\laragon\\www\\api\\vendor\\laravel\\framework\\src\\Illuminate\\Routing\\Router.php(821): Illuminate\\Pipeline\\Pipeline->then(Object(Closure))
#19 C:\\laragon\\www\\api\\vendor\\laravel\\framework\\src\\Illuminate\\Routing\\Router.php(800): Illuminate\\Routing\\Router->runRouteWithinStack(Object(Illuminate\\Routing\\Route), Object(Illuminate\\Http\\Request))
#20 C:\\laragon\\www\\api\\vendor\\laravel\\framework\\src\\Illuminate\\Routing\\Router.php(764): Illuminate\\Routing\\Router->runRoute(Object(Illuminate\\Http\\Request), Object(Illuminate\\Routing\\Route))
#21 C:\\laragon\\www\\api\\vendor\\laravel\\framework\\src\\Illuminate\\Routing\\Router.php(753): Illuminate\\Routing\\Router->dispatchToRoute(Object(Illuminate\\Http\\Request))
#22 C:\\laragon\\www\\api\\vendor\\laravel\\framework\\src\\Illuminate\\Foundation\\Http\\Kernel.php(200): Illuminate\\Routing\\Router->dispatch(Object(Illuminate\\Http\\Request))
#23 C:\\laragon\\www\\api\\vendor\\laravel\\framework\\src\\Illuminate\\Pipeline\\Pipeline.php(180): Illuminate\\Foundation\\Http\\Kernel->Illuminate\\Foundation\\Http\\{closure}(Object(Illuminate\\Http\\Request))
#24 C:\\laragon\\www\\api\\app\\Http\\Middleware\\HandleCors.php(20): Illuminate\\Pipeline\\Pipeline->Illuminate\\Pipeline\\{closure}(Object(Illuminate\\Http\\Request))
#25 C:\\laragon\\www\\api\\vendor\\laravel\\framework\\src\\Illuminate\\Pipeline\\Pipeline.php(219): App\\Http\\Middleware\\HandleCors->handle(Object(Illuminate\\Http\\Request), Object(Closure))
#26 C:\\laragon\\www\\api\\vendor\\laravel\\framework\\src\\Illuminate\\Foundation\\Http\\Middleware\\TransformsRequest.php(21): Illuminate\\Pipeline\\Pipeline->Illuminate\\Pipeline\\{closure}(Object(Illuminate\\Http\\Request))
#27 C:\\laragon\\www\\api\\vendor\\laravel\\framework\\src\\Illuminate\\Foundation\\Http\\Middleware\\ConvertEmptyStringsToNull.php(31): Illuminate\\Foundation\\Http\\Middleware\\TransformsRequest->handle(Object(Illuminate\\Http\\Request), Object(Closure))
#28 C:\\laragon\\www\\api\\vendor\\laravel\\framework\\src\\Illuminate\\Pipeline\\Pipeline.php(219): Illuminate\\Foundation\\Http\\Middleware\\ConvertEmptyStringsToNull->handle(Object(Illuminate\\Http\\Request), Object(Closure))
#29 C:\\laragon\\www\\api\\vendor\\laravel\\framework\\src\\Illuminate\\Foundation\\Http\\Middleware\\TransformsRequest.php(21): Illuminate\\Pipeline\\Pipeline->Illuminate\\Pipeline\\{closure}(Object(Illuminate\\Http\\Request))
#30 C:\\laragon\\www\\api\\vendor\\laravel\\framework\\src\\Illuminate\\Foundation\\Http\\Middleware\\TrimStrings.php(51): Illuminate\\Foundation\\Http\\Middleware\\TransformsRequest->handle(Object(Illuminate\\Http\\Request), Object(Closure))
#31 C:\\laragon\\www\\api\\vendor\\laravel\\framework\\src\\Illuminate\\Pipeline\\Pipeline.php(219): Illuminate\\Foundation\\Http\\Middleware\\TrimStrings->handle(Object(Illuminate\\Http\\Request), Object(Closure))
#32 C:\\laragon\\www\\api\\vendor\\laravel\\framework\\src\\Illuminate\\Http\\Middleware\\ValidatePostSize.php(27): Illuminate\\Pipeline\\Pipeline->Illuminate\\Pipeline\\{closure}(Object(Illuminate\\Http\\Request))
#33 C:\\laragon\\www\\api\\vendor\\laravel\\framework\\src\\Illuminate\\Pipeline\\Pipeline.php(219): Illuminate\\Http\\Middleware\\ValidatePostSize->handle(Object(Illuminate\\Http\\Request), Object(Closure))
#34 C:\\laragon\\www\\api\\vendor\\laravel\\framework\\src\\Illuminate\\Foundation\\Http\\Middleware\\PreventRequestsDuringMaintenance.php(109): Illuminate\\Pipeline\\Pipeline->Illuminate\\Pipeline\\{closure}(Object(Illuminate\\Http\\Request))
#35 C:\\laragon\\www\\api\\vendor\\laravel\\framework\\src\\Illuminate\\Pipeline\\Pipeline.php(219): Illuminate\\Foundation\\Http\\Middleware\\PreventRequestsDuringMaintenance->handle(Object(Illuminate\\Http\\Request), Object(Closure))
#36 C:\\laragon\\www\\api\\vendor\\laravel\\framework\\src\\Illuminate\\Http\\Middleware\\HandleCors.php(48): Illuminate\\Pipeline\\Pipeline->Illuminate\\Pipeline\\{closure}(Object(Illuminate\\Http\\Request))
#37 C:\\laragon\\www\\api\\vendor\\laravel\\framework\\src\\Illuminate\\Pipeline\\Pipeline.php(219): Illuminate\\Http\\Middleware\\HandleCors->handle(Object(Illuminate\\Http\\Request), Object(Closure))
#38 C:\\laragon\\www\\api\\vendor\\laravel\\framework\\src\\Illuminate\\Http\\Middleware\\TrustProxies.php(58): Illuminate\\Pipeline\\Pipeline->Illuminate\\Pipeline\\{closure}(Object(Illuminate\\Http\\Request))
#39 C:\\laragon\\www\\api\\vendor\\laravel\\framework\\src\\Illuminate\\Pipeline\\Pipeline.php(219): Illuminate\\Http\\Middleware\\TrustProxies->handle(Object(Illuminate\\Http\\Request), Object(Closure))
#40 C:\\laragon\\www\\api\\vendor\\laravel\\framework\\src\\Illuminate\\Foundation\\Http\\Middleware\\InvokeDeferredCallbacks.php(22): Illuminate\\Pipeline\\Pipeline->Illuminate\\Pipeline\\{closure}(Object(Illuminate\\Http\\Request))
#41 C:\\laragon\\www\\api\\vendor\\laravel\\framework\\src\\Illuminate\\Pipeline\\Pipeline.php(219): Illuminate\\Foundation\\Http\\Middleware\\InvokeDeferredCallbacks->handle(Object(Illuminate\\Http\\Request), Object(Closure))
#42 C:\\laragon\\www\\api\\vendor\\laravel\\framework\\src\\Illuminate\\Http\\Middleware\\ValidatePathEncoding.php(26): Illuminate\\Pipeline\\Pipeline->Illuminate\\Pipeline\\{closure}(Object(Illuminate\\Http\\Request))
#43 C:\\laragon\\www\\api\\vendor\\laravel\\framework\\src\\Illuminate\\Pipeline\\Pipeline.php(219): Illuminate\\Http\\Middleware\\ValidatePathEncoding->handle(Object(Illuminate\\Http\\Request), Object(Closure))
#44 C:\\laragon\\www\\api\\vendor\\laravel\\framework\\src\\Illuminate\\Pipeline\\Pipeline.php(137): Illuminate\\Pipeline\\Pipeline->Illuminate\\Pipeline\\{closure}(Object(Illuminate\\Http\\Request))
#45 C:\\laragon\\www\\api\\vendor\\laravel\\framework\\src\\Illuminate\\Foundation\\Http\\Kernel.php(175): Illuminate\\Pipeline\\Pipeline->then(Object(Closure))
#46 C:\\laragon\\www\\api\\vendor\\laravel\\framework\\src\\Illuminate\\Foundation\\Http\\Kernel.php(144): Illuminate\\Foundation\\Http\\Kernel->sendRequestThroughRouter(Object(Illuminate\\Http\\Request))
#47 C:\\laragon\\www\\api\\vendor\\laravel\\framework\\src\\Illuminate\\Foundation\\Application.php(1220): Illuminate\\Foundation\\Http\\Kernel->handle(Object(Illuminate\\Http\\Request))
#48 C:\\laragon\\www\\api\\public\\index.php(20): Illuminate\\Foundation\\Application->handleRequest(Object(Illuminate\\Http\\Request))
#49 {main}
"} 
[2026-09-22 07:55:56] local.ERROR: preg_match(): Unknown modifier ';' {"exception":"[object] (ErrorException(code: 0): preg_match(): Unknown modifier ';' at C:\\laragon\\www\\api\\vendor\\laravel\\framework\\src\\Illuminate\\Validation\\Concerns\\ValidatesAttributes.php:2064)
[stacktrace]
#0 C:\\laragon\\www\\api\\vendor\\laravel\\framework\\src\\Illuminate\\Foundation\\Bootstrap\\HandleExceptions.php(258): Illuminate\\Foundation\\Bootstrap\\HandleExceptions->handleError(2, 'preg_match(): U...', 'C:\\\\laragon\\\\www\\\\...', 2064)
#1 [internal function]: Illuminate\\Foundation\\Bootstrap\\HandleExceptions->Illuminate\\Foundation\\Bootstrap\\{closure}(2, 'preg_match(): U...', 'C:\\\\laragon\\\\www\\\\...', 2064)
#2 C:\\laragon\\www\\api\\vendor\\laravel\\framework\\src\\Illuminate\\Validation\\Concerns\\ValidatesAttributes.php(2064): preg_match('/^(?=.*[a-z])(?...', 'Test@1234')
#3 C:\\laragon\\www\\api\\vendor\\laravel\\framework\\src\\Illuminate\\Validation\\Validator.php(685): Illuminate\\Validation\\Validator->validateRegex('password', 'Test@1234', Array, Object(Illuminate\\Validation\\Validator))
#4 C:\\laragon\\www\\api\\vendor\\laravel\\framework\\src\\Illuminate\\Validation\\Validator.php(480): Illuminate\\Validation\\Validator->validateAttribute('password', 'Regex')
#5 C:\\laragon\\www\\api\\vendor\\laravel\\framework\\src\\Illuminate\\Validation\\Validator.php(515): Illuminate\\Validation\\Validator->passes()
#6 C:\\laragon\\www\\api\\vendor\\laravel\\framework\\src\\Illuminate\\Validation\\Validator.php(557): Illuminate\\Validation\\Validator->fails()
#7 C:\\laragon\\www\\api\\vendor\\laravel\\framework\\src\\Illuminate\\Foundation\\Providers\\FoundationServiceProvider.php(156): Illuminate\\Validation\\Validator->validate()
#8 C:\\laragon\\www\\api\\vendor\\laravel\\framework\\src\\Illuminate\\Macroable\\Traits\\Macroable.php(126): Illuminate\\Http\\Request->Illuminate\\Foundation\\Providers\\{closure}(Array, Array)
#9 C:\\laragon\\www\\api\\app\\Http\\Controllers\\UserController.php(29): Illuminate\\Http\\Request->__call('validate', Array)
#10 C:\\laragon\\www\\api\\vendor\\laravel\\framework\\src\\Illuminate\\Routing\\ControllerDispatcher.php(46): App\\Http\\Controllers\\UserController->register(Object(Illuminate\\Http\\Request))
#11 C:\\laragon\\www\\api\\vendor\\laravel\\framework\\src\\Illuminate\\Routing\\Route.php(265): Illuminate\\Routing\\ControllerDispatcher->dispatch(Object(Illuminate\\Routing\\Route), Object(App\\Http\\Controllers\\UserController), 'register')
#12 C:\\laragon\\www\\api\\vendor\\laravel\\framework\\src\\Illuminate\\Routing\\Route.php(211): Illuminate\\Routing\\Route->runController()
#13 C:\\laragon\\www\\api\\vendor\\laravel\\framework\\src\\Illuminate\\Routing\\Router.php(822): Illuminate\\Routing\\Route->run()
#14 C:\\laragon\\www\\api\\vendor\\laravel\\framework\\src\\Illuminate\\Pipeline\\Pipeline.php(180): Illuminate\\Routing\\Router->Illuminate\\Routing\\{closure}(Object(Illuminate\\Http\\Request))
#15 C:\\laragon\\www\\api\\vendor\\laravel\\framework\\src\\Illuminate\\Routing\\Middleware\\SubstituteBindings.php(50): Illuminate\\Pipeline\\Pipeline->Illuminate\\Pipeline\\{closure}(Object(Illuminate\\Http\\Request))
#16 C:\\laragon\\www\\api\\vendor\\laravel\\framework\\src\\Illuminate\\Pipeline\\Pipeline.php(219): Illuminate\\Routing\\Middleware\\SubstituteBindings->handle(Object(Illuminate\\Http\\Request), Object(Closure))
#17 C:\\laragon\\www\\api\\vendor\\laravel\\framework\\src\\Illuminate\\Pipeline\\Pipeline.php(137): Illuminate\\Pipeline\\Pipeline->Illuminate\\Pipeline\\{closure}(Object(Illuminate\\Http\\Request))
#18 C:\\laragon\\www\\api\\vendor\\laravel\\framework\\src\\Illuminate\\Routing\\Router.php(821): Illuminate\\Pipeline\\Pipeline->then(Object(Closure))
#19 C:\\laragon\\www\\api\\vendor\\laravel\\framework\\src\\Illuminate\\Routing\\Router.php(800): Illuminate\\Routing\\Router->runRouteWithinStack(Object(Illuminate\\Routing\\Route), Object(Illuminate\\Http\\Request))
#20 C:\\laragon\\www\\api\\vendor\\laravel\\framework\\src\\Illuminate\\Routing\\Router.php(764): Illuminate\\Routing\\Router->runRoute(Object(Illuminate\\Http\\Request), Object(Illuminate\\Routing\\Route))
#21 C:\\laragon\\www\\api\\vendor\\laravel\\framework\\src\\Illuminate\\Routing\\Router.php(753): Illuminate\\Routing\\Router->dispatchToRoute(Object(Illuminate\\Http\\Request))
#22 C:\\laragon\\www\\api\\vendor\\laravel\\framework\\src\\Illuminate\\Foundation\\Http\\Kernel.php(200): Illuminate\\Routing\\Router->dispatch(Object(Illuminate\\Http\\Request))
#23 C:\\laragon\\www\\api\\vendor\\laravel\\framework\\src\\Illuminate\\Pipeline\\Pipeline.php(180): Illuminate\\Foundation\\Http\\Kernel->Illuminate\\Foundation\\Http\\{closure}(Object(Illuminate\\Http\\Request))
#24 C:\\laragon\\www\\api\\app\\Http\\Middleware\\HandleCors.php(20): Illuminate\\Pipeline\\Pipeline->Illuminate\\Pipeline\\{closure}(Object(Illuminate\\Http\\Request))
#25 C:\\laragon\\www\\api\\vendor\\laravel\\framework\\src\\Illuminate\\Pipeline\\Pipeline.php(219): App\\Http\\Middleware\\HandleCors->handle(Object(Illuminate\\Http\\Request), Object(Closure))
#26 C:\\laragon\\www\\api\\vendor\\laravel\\framework\\src\\Illuminate\\Foundation\\Http\\Middleware\\TransformsRequest.php(21): Illuminate\\Pipeline\\Pipeline->Illuminate\\Pipeline\\{closure}(Object(Illuminate\\Http\\Request))
#27 C:\\laragon\\www\\api\\vendor\\laravel\\framework\\src\\Illuminate\\Foundation\\Http\\Middleware\\ConvertEmptyStringsToNull.php(31): Illuminate\\Foundation\\Http\\Middleware\\TransformsRequest->handle(Object(Illuminate\\Http\\Request), Object(Closure))
#28 C:\\laragon\\www\\api\\vendor\\laravel\\framework\\src\\Illuminate\\Pipeline\\Pipeline.php(219): Illuminate\\Foundation\\Http\\Middleware\\ConvertEmptyStringsToNull->handle(Object(Illuminate\\Http\\Request), Object(Closure))
#29 C:\\laragon\\www\\api\\vendor\\laravel\\framework\\src\\Illuminate\\Foundation\\Http\\Middleware\\TransformsRequest.php(21): Illuminate\\Pipeline\\Pipeline->Illuminate\\Pipeline\\{closure}(Object(Illuminate\\Http\\Request))
#30 C:\\laragon\\www\\api\\vendor\\laravel\\framework\\src\\Illuminate\\Foundation\\Http\\Middleware\\TrimStrings.php(51): Illuminate\\Foundation\\Http\\Middleware\\TransformsRequest->handle(Object(Illuminate\\Http\\Request), Object(Closure))
#31 C:\\laragon\\www\\api\\vendor\\laravel\\framework\\src\\Illuminate\\Pipeline\\Pipeline.php(219): Illuminate\\Foundation\\Http\\Middleware\\TrimStrings->handle(Object(Illuminate\\Http\\Request), Object(Closure))
#32 C:\\laragon\\www\\api\\vendor\\laravel\\framework\\src\\Illuminate\\Http\\Middleware\\ValidatePostSize.php(27): Illuminate\\Pipeline\\Pipeline->Illuminate\\Pipeline\\{closure}(Object(Illuminate\\Http\\Request))
#33 C:\\laragon\\www\\api\\vendor\\laravel\\framework\\src\\Illuminate\\Pipeline\\Pipeline.php(219): Illuminate\\Http\\Middleware\\ValidatePostSize->handle(Object(Illuminate\\Http\\Request), Object(Closure))
#34 C:\\laragon\\www\\api\\vendor\\laravel\\framework\\src\\Illuminate\\Foundation\\Http\\Middleware\\PreventRequestsDuringMaintenance.php(109): Illuminate\\Pipeline\\Pipeline->Illuminate\\Pipeline\\{closure}(Object(Illuminate\\Http\\Request))
#35 C:\\laragon\\www\\api\\vendor\\laravel\\framework\\src\\Illuminate\\Pipeline\\Pipeline.php(219): Illuminate\\Foundation\\Http\\Middleware\\PreventRequestsDuringMaintenance->handle(Object(Illuminate\\Http\\Request), Object(Closure))
#36 C:\\laragon\\www\\api\\vendor\\laravel\\framework\\src\\Illuminate\\Http\\Middleware\\HandleCors.php(48): Illuminate\\Pipeline\\Pipeline->Illuminate\\Pipeline\\{closure}(Object(Illuminate\\Http\\Request))
#37 C:\\laragon\\www\\api\\vendor\\laravel\\framework\\src\\Illuminate\\Pipeline\\Pipeline.php(219): Illuminate\\Http\\Middleware\\HandleCors->handle(Object(Illuminate\\Http\\Request), Object(Closure))
#38 C:\\laragon\\www\\api\\vendor\\laravel\\framework\\src\\Illuminate\\Http\\Middleware\\TrustProxies.php(58): Illuminate\\Pipeline\\Pipeline->Illuminate\\Pipeline\\{closure}(Object(Illuminate\\Http\\Request))
#39 C:\\laragon\\www\\api\\vendor\\laravel\\framework\\src\\Illuminate\\Pipeline\\Pipeline.php(219): Illuminate\\Http\\Middleware\\TrustProxies->handle(Object(Illuminate\\Http\\Request), Object(Closure))
#40 C:\\laragon\\www\\api\\vendor\\laravel\\framework\\src\\Illuminate\\Foundation\\Http\\Middleware\\InvokeDeferredCallbacks.php(22): Illuminate\\Pipeline\\Pipeline->Illuminate\\Pipeline\\{closure}(Object(Illuminate\\Http\\Request))
#41 C:\\laragon\\www\\api\\vendor\\laravel\\framework\\src\\Illuminate\\Pipeline\\Pipeline.php(219): Illuminate\\Foundation\\Http\\Middleware\\InvokeDeferredCallbacks->handle(Object(Illuminate\\Http\\Request), Object(Closure))
#42 C:\\laragon\\www\\api\\vendor\\laravel\\framework\\src\\Illuminate\\Http\\Middleware\\ValidatePathEncoding.php(26): Illuminate\\Pipeline\\Pipeline->Illuminate\\Pipeline\\{closure}(Object(Illuminate\\Http\\Request))
#43 C:\\laragon\\www\\api\\vendor\\laravel\\framework\\src\\Illuminate\\Pipeline\\Pipeline.php(219): Illuminate\\Http\\Middleware\\ValidatePathEncoding->handle(Object(Illuminate\\Http\\Request), Object(Closure))
#44 C:\\laragon\\www\\api\\vendor\\laravel\\framework\\src\\Illuminate\\Pipeline\\Pipeline.php(137): Illuminate\\Pipeline\\Pipeline->Illuminate\\Pipeline\\{closure}(Object(Illuminate\\Http\\Request))
#45 C:\\laragon\\www\\api\\vendor\\laravel\\framework\\src\\Illuminate\\Foundation\\Http\\Kernel.php(175): Illuminate\\Pipeline\\Pipeline->then(Object(Closure))
#46 C:\\laragon\\www\\api\\vendor\\laravel\\framework\\src\\Illuminate\\Foundation\\Http\\Kernel.php(144): Illuminate\\Foundation\\Http\\Kernel->sendRequestThroughRouter(Object(Illuminate\\Http\\Request))
#47 C:\\laragon\\www\\api\\vendor\\laravel\\framework\\src\\Illuminate\\Foundation\\Application.php(1220): Illuminate\\Foundation\\Http\\Kernel->handle(Object(Illuminate\\Http\\Request))
#48 C:\\laragon\\www\\api\\public\\index.php(20): Illuminate\\Foundation\\Application->handleRequest(Object(Illuminate\\Http\\Request))
#49 {main}
"} 
[2026-09-22 07:56:33] local.ERROR: preg_match(): Unknown modifier ';' {"exception":"[object] (ErrorException(code: 0): preg_match(): Unknown modifier ';' at C:\\laragon\\www\\api\\vendor\\laravel\\framework\\src\\Illuminate\\Validation\\Concerns\\ValidatesAttributes.php:2064)
[stacktrace]
#0 C:\\laragon\\www\\api\\vendor\\laravel\\framework\\src\\Illuminate\\Foundation\\Bootstrap\\HandleExceptions.php(258): Illuminate\\Foundation\\Bootstrap\\HandleExceptions->handleError(2, 'preg_match(): U...', 'C:\\\\laragon\\\\www\\\\...', 2064)
#1 [internal function]: Illuminate\\Foundation\\Bootstrap\\HandleExceptions->Illuminate\\Foundation\\Bootstrap\\{closure}(2, 'preg_match(): U...', 'C:\\\\laragon\\\\www\\\\...', 2064)
#2 C:\\laragon\\www\\api\\vendor\\laravel\\framework\\src\\Illuminate\\Validation\\Concerns\\ValidatesAttributes.php(2064): preg_match('/^(?=.*[a-z])(?...', 'Test@1234')
#3 C:\\laragon\\www\\api\\vendor\\laravel\\framework\\src\\Illuminate\\Validation\\Validator.php(685): Illuminate\\Validation\\Validator->validateRegex('password', 'Test@1234', Array, Object(Illuminate\\Validation\\Validator))
#4 C:\\laragon\\www\\api\\vendor\\laravel\\framework\\src\\Illuminate\\Validation\\Validator.php(480): Illuminate\\Validation\\Validator->validateAttribute('password', 'Regex')
#5 C:\\laragon\\www\\api\\vendor\\laravel\\framework\\src\\Illuminate\\Validation\\Validator.php(515): Illuminate\\Validation\\Validator->passes()
#6 C:\\laragon\\www\\api\\vendor\\laravel\\framework\\src\\Illuminate\\Validation\\Validator.php(557): Illuminate\\Validation\\Validator->fails()
#7 C:\\laragon\\www\\api\\vendor\\laravel\\framework\\src\\Illuminate\\Foundation\\Providers\\FoundationServiceProvider.php(156): Illuminate\\Validation\\Validator->validate()
#8 C:\\laragon\\www\\api\\vendor\\laravel\\framework\\src\\Illuminate\\Macroable\\Traits\\Macroable.php(126): Illuminate\\Http\\Request->Illuminate\\Foundation\\Providers\\{closure}(Array, Array)
#9 C:\\laragon\\www\\api\\app\\Http\\Controllers\\UserController.php(29): Illuminate\\Http\\Request->__call('validate', Array)
#10 C:\\laragon\\www\\api\\vendor\\laravel\\framework\\src\\Illuminate\\Routing\\ControllerDispatcher.php(46): App\\Http\\Controllers\\UserController->register(Object(Illuminate\\Http\\Request))
#11 C:\\laragon\\www\\api\\vendor\\laravel\\framework\\src\\Illuminate\\Routing\\Route.php(265): Illuminate\\Routing\\ControllerDispatcher->dispatch(Object(Illuminate\\Routing\\Route), Object(App\\Http\\Controllers\\UserController), 'register')
#12 C:\\laragon\\www\\api\\vendor\\laravel\\framework\\src\\Illuminate\\Routing\\Route.php(211): Illuminate\\Routing\\Route->runController()
#13 C:\\laragon\\www\\api\\vendor\\laravel\\framework\\src\\Illuminate\\Routing\\Router.php(822): Illuminate\\Routing\\Route->run()
#14 C:\\laragon\\www\\api\\vendor\\laravel\\framework\\src\\Illuminate\\Pipeline\\Pipeline.php(180): Illuminate\\Routing\\Router->Illuminate\\Routing\\{closure}(Object(Illuminate\\Http\\Request))
#15 C:\\laragon\\www\\api\\vendor\\laravel\\framework\\src\\Illuminate\\Routing\\Middleware\\SubstituteBindings.php(50): Illuminate\\Pipeline\\Pipeline->Illuminate\\Pipeline\\{closure}(Object(Illuminate\\Http\\Request))
#16 C:\\laragon\\www\\api\\vendor\\laravel\\framework\\src\\Illuminate\\Pipeline\\Pipeline.php(219): Illuminate\\Routing\\Middleware\\SubstituteBindings->handle(Object(Illuminate\\Http\\Request), Object(Closure))
#17 C:\\laragon\\www\\api\\vendor\\laravel\\framework\\src\\Illuminate\\Pipeline\\Pipeline.php(137): Illuminate\\Pipeline\\Pipeline->Illuminate\\Pipeline\\{closure}(Object(Illuminate\\Http\\Request))
#18 C:\\laragon\\www\\api\\vendor\\laravel\\framework\\src\\Illuminate\\Routing\\Router.php(821): Illuminate\\Pipeline\\Pipeline->then(Object(Closure))
#19 C:\\laragon\\www\\api\\vendor\\laravel\\framework\\src\\Illuminate\\Routing\\Router.php(800): Illuminate\\Routing\\Router->runRouteWithinStack(Object(Illuminate\\Routing\\Route), Object(Illuminate\\Http\\Request))
#20 C:\\laragon\\www\\api\\vendor\\laravel\\framework\\src\\Illuminate\\Routing\\Router.php(764): Illuminate\\Routing\\Router->runRoute(Object(Illuminate\\Http\\Request), Object(Illuminate\\Routing\\Route))
#21 C:\\laragon\\www\\api\\vendor\\laravel\\framework\\src\\Illuminate\\Routing\\Router.php(753): Illuminate\\Routing\\Router->dispatchToRoute(Object(Illuminate\\Http\\Request))
#22 C:\\laragon\\www\\api\\vendor\\laravel\\framework\\src\\Illuminate\\Foundation\\Http\\Kernel.php(200): Illuminate\\Routing\\Router->dispatch(Object(Illuminate\\Http\\Request))
#23 C:\\laragon\\www\\api\\vendor\\laravel\\framework\\src\\Illuminate\\Pipeline\\Pipeline.php(180): Illuminate\\Foundation\\Http\\Kernel->Illuminate\\Foundation\\Http\\{closure}(Object(Illuminate\\Http\\Request))
#24 C:\\laragon\\www\\api\\app\\Http\\Middleware\\HandleCors.php(20): Illuminate\\Pipeline\\Pipeline->Illuminate\\Pipeline\\{closure}(Object(Illuminate\\Http\\Request))
#25 C:\\laragon\\www\\api\\vendor\\laravel\\framework\\src\\Illuminate\\Pipeline\\Pipeline.php(219): App\\Http\\Middleware\\HandleCors->handle(Object(Illuminate\\Http\\Request), Object(Closure))
#26 C:\\laragon\\www\\api\\vendor\\laravel\\framework\\src\\Illuminate\\Foundation\\Http\\Middleware\\TransformsRequest.php(21): Illuminate\\Pipeline\\Pipeline->Illuminate\\Pipeline\\{closure}(Object(Illuminate\\Http\\Request))
#27 C:\\laragon\\www\\api\\vendor\\laravel\\framework\\src\\Illuminate\\Foundation\\Http\\Middleware\\ConvertEmptyStringsToNull.php(31): Illuminate\\Foundation\\Http\\Middleware\\TransformsRequest->handle(Object(Illuminate\\Http\\Request), Object(Closure))
#28 C:\\laragon\\www\\api\\vendor\\laravel\\framework\\src\\Illuminate\\Pipeline\\Pipeline.php(219): Illuminate\\Foundation\\Http\\Middleware\\ConvertEmptyStringsToNull->handle(Object(Illuminate\\Http\\Request), Object(Closure))
#29 C:\\laragon\\www\\api\\vendor\\laravel\\framework\\src\\Illuminate\\Foundation\\Http\\Middleware\\TransformsRequest.php(21): Illuminate\\Pipeline\\Pipeline->Illuminate\\Pipeline\\{closure}(Object(Illuminate\\Http\\Request))
#30 C:\\laragon\\www\\api\\vendor\\laravel\\framework\\src\\Illuminate\\Foundation\\Http\\Middleware\\TrimStrings.php(51): Illuminate\\Foundation\\Http\\Middleware\\TransformsRequest->handle(Object(Illuminate\\Http\\Request), Object(Closure))
#31 C:\\laragon\\www\\api\\vendor\\laravel\\framework\\src\\Illuminate\\Pipeline\\Pipeline.php(219): Illuminate\\Foundation\\Http\\Middleware\\TrimStrings->handle(Object(Illuminate\\Http\\Request), Object(Closure))
#32 C:\\laragon\\www\\api\\vendor\\laravel\\framework\\src\\Illuminate\\Http\\Middleware\\ValidatePostSize.php(27): Illuminate\\Pipeline\\Pipeline->Illuminate\\Pipeline\\{closure}(Object(Illuminate\\Http\\Request))
#33 C:\\laragon\\www\\api\\vendor\\laravel\\framework\\src\\Illuminate\\Pipeline\\Pipeline.php(219): Illuminate\\Http\\Middleware\\ValidatePostSize->handle(Object(Illuminate\\Http\\Request), Object(Closure))
#34 C:\\laragon\\www\\api\\vendor\\laravel\\framework\\src\\Illuminate\\Foundation\\Http\\Middleware\\PreventRequestsDuringMaintenance.php(109): Illuminate\\Pipeline\\Pipeline->Illuminate\\Pipeline\\{closure}(Object(Illuminate\\Http\\Request))
#35 C:\\laragon\\www\\api\\vendor\\laravel\\framework\\src\\Illuminate\\Pipeline\\Pipeline.php(219): Illuminate\\Foundation\\Http\\Middleware\\PreventRequestsDuringMaintenance->handle(Object(Illuminate\\Http\\Request), Object(Closure))
#36 C:\\laragon\\www\\api\\vendor\\laravel\\framework\\src\\Illuminate\\Http\\Middleware\\HandleCors.php(48): Illuminate\\Pipeline\\Pipeline->Illuminate\\Pipeline\\{closure}(Object(Illuminate\\Http\\Request))
#37 C:\\laragon\\www\\api\\vendor\\laravel\\framework\\src\\Illuminate\\Pipeline\\Pipeline.php(219): Illuminate\\Http\\Middleware\\HandleCors->handle(Object(Illuminate\\Http\\Request), Object(Closure))
#38 C:\\laragon\\www\\api\\vendor\\laravel\\framework\\src\\Illuminate\\Http\\Middleware\\TrustProxies.php(58): Illuminate\\Pipeline\\Pipeline->Illuminate\\Pipeline\\{closure}(Object(Illuminate\\Http\\Request))
#39 C:\\laragon\\www\\api\\vendor\\laravel\\framework\\src\\Illuminate\\Pipeline\\Pipeline.php(219): Illuminate\\Http\\Middleware\\TrustProxies->handle(Object(Illuminate\\Http\\Request), Object(Closure))
#40 C:\\laragon\\www\\api\\vendor\\laravel\\framework\\src\\Illuminate\\Foundation\\Http\\Middleware\\InvokeDeferredCallbacks.php(22): Illuminate\\Pipeline\\Pipeline->Illuminate\\Pipeline\\{closure}(Object(Illuminate\\Http\\Request))
#41 C:\\laragon\\www\\api\\vendor\\laravel\\framework\\src\\Illuminate\\Pipeline\\Pipeline.php(219): Illuminate\\Foundation\\Http\\Middleware\\InvokeDeferredCallbacks->handle(Object(Illuminate\\Http\\Request), Object(Closure))
#42 C:\\laragon\\www\\api\\vendor\\laravel\\framework\\src\\Illuminate\\Http\\Middleware\\ValidatePathEncoding.php(26): Illuminate\\Pipeline\\Pipeline->Illuminate\\Pipeline\\{closure}(Object(Illuminate\\Http\\Request))
#43 C:\\laragon\\www\\api\\vendor\\laravel\\framework\\src\\Illuminate\\Pipeline\\Pipeline.php(219): Illuminate\\Http\\Middleware\\ValidatePathEncoding->handle(Object(Illuminate\\Http\\Request), Object(Closure))
#44 C:\\laragon\\www\\api\\vendor\\laravel\\framework\\src\\Illuminate\\Pipeline\\Pipeline.php(137): Illuminate\\Pipeline\\Pipeline->Illuminate\\Pipeline\\{closure}(Object(Illuminate\\Http\\Request))
#45 C:\\laragon\\www\\api\\vendor\\laravel\\framework\\src\\Illuminate\\Foundation\\Http\\Kernel.php(175): Illuminate\\Pipeline\\Pipeline->then(Object(Closure))
#46 C:\\laragon\\www\\api\\vendor\\laravel\\framework\\src\\Illuminate\\Foundation\\Http\\Kernel.php(144): Illuminate\\Foundation\\Http\\Kernel->sendRequestThroughRouter(Object(Illuminate\\Http\\Request))
#47 C:\\laragon\\www\\api\\vendor\\laravel\\framework\\src\\Illuminate\\Foundation\\Application.php(1220): Illuminate\\Foundation\\Http\\Kernel->handle(Object(Illuminate\\Http\\Request))
#48 C:\\laragon\\www\\api\\public\\index.php(20): Illuminate\\Foundation\\Application->handleRequest(Object(Illuminate\\Http\\Request))
#49 {main}
"} 
[2026-09-22 15:34:01] local.INFO: ✅ Player stats incremented (atomic upsert) {"player_id":"6ab21cb9fe20232daf001c72","path":"memory_match_stats.general.difficult"} 
[2026-09-23 04:21:30] local.INFO: Profile propagated to leaderboard collections {"player_id":"6ab21cb9fe20232daf001c72","old_username":"testplayer01","new_username":"player01","username_changed":true,"avatar_changed":true} 
[2026-09-23 04:25:09] local.INFO: Profile propagated to leaderboard collections {"player_id":"6ab21cb9fe20232daf001c72","old_username":"player01","new_username":"testplayer01","username_changed":true,"avatar_changed":true} 
[2026-09-23 04:26:51] local.INFO: Profile propagated to leaderboard collections {"player_id":"6ab21cb9fe20232daf001c72","old_username":"testplayer01","new_username":"newplayer01","username_changed":true,"avatar_changed":false} 
[2026-09-23 04:27:18] local.INFO: Profile propagated to leaderboard collections {"player_id":"6ab21cb9fe20232daf001c72","old_username":"newplayer01","new_username":"testplayer01","username_changed":true,"avatar_changed":false} 
[2026-09-23 04:27:56] local.INFO: Profile propagated to leaderboard collections {"player_id":"6ab21cb9fe20232daf001c72","old_username":"testplayer01","new_username":"testplayername2026","username_changed":true,"avatar_changed":false} 
[2026-09-23 04:30:51] local.INFO: Profile propagated to leaderboard collections {"player_id":"6ab21cb9fe20232daf001c72","old_username":"testplayername2026","new_username":"testplayername2026","username_changed":false,"avatar_changed":true} 
[2026-09-23 04:34:05] local.INFO: Profile propagated to leaderboard collections {"player_id":"6ab21cb9fe20232daf001c72","old_username":"testplayername2026","new_username":"testplayer01","username_changed":true,"avatar_changed":false} 
[2026-09-23 05:53:55] local.INFO: Fetching questions {"category":"Math","difficulty":"Easy","year_level":"ALL"} 
[2026-09-23 05:53:55] local.INFO: Questions found {"count":1208} 
[2026-09-23 05:53:55] local.INFO: Difficulty setting applied {"difficulty":"Easy","num_questions":10} 
[2026-09-23 05:57:52] local.INFO: Challenge result saved {"player_id":"6ab23676fe20232daf001c74","correct_answers":2,"total_questions":10,"is_perfect":false} 
[2026-09-23 05:57:52] local.INFO: ✅ Player stats incremented (atomic upsert) {"player_id":"6ab23676fe20232daf001c74","path":"challenge_stats.math.easy"} 
[2026-09-23 05:57:52] local.INFO: Player stats updated  
[2026-09-23 05:57:52] local.INFO: Not a perfect score — no badge awarded {"correct":2,"total":10} 
[2026-09-23 05:58:12] local.INFO: Fetching questions {"category":"Math","difficulty":"Easy","year_level":"ALL"} 
[2026-09-23 05:58:12] local.INFO: Questions found {"count":1208} 
[2026-09-23 05:58:12] local.INFO: Difficulty setting applied {"difficulty":"Easy","num_questions":10} 
[2026-09-23 05:58:48] local.INFO: Fetching questions {"category":"Math","difficulty":"Easy","year_level":"ALL"} 
[2026-09-23 05:58:48] local.INFO: Questions found {"count":1208} 
[2026-09-23 05:58:48] local.INFO: Difficulty setting applied {"difficulty":"Easy","num_questions":10} 
[2026-09-23 06:00:07] local.INFO: Fetching questions {"category":"Math","difficulty":"Easy","year_level":"ALL"} 
[2026-09-23 06:00:07] local.INFO: Questions found {"count":1208} 
[2026-09-23 06:00:07] local.INFO: Difficulty setting applied {"difficulty":"Easy","num_questions":10} 
[2026-09-23 06:01:59] local.INFO: Fetching questions {"category":"Science","difficulty":"Easy","year_level":"ALL"} 
[2026-09-23 06:01:59] local.INFO: Questions found {"count":192} 
[2026-09-23 06:01:59] local.INFO: Difficulty setting applied {"difficulty":"Easy","num_questions":10} 
[2026-09-23 06:03:55] local.INFO: Fetching questions {"category":"Science","difficulty":"Easy","year_level":"ALL"} 
[2026-09-23 06:03:55] local.INFO: Questions found {"count":192} 
[2026-09-23 06:03:55] local.INFO: Difficulty setting applied {"difficulty":"Easy","num_questions":10} 
[2026-09-23 06:05:35] local.INFO: Fetching questions {"category":"Science","difficulty":"Easy","year_level":"ALL"} 
[2026-09-23 06:05:35] local.INFO: Questions found {"count":192} 
[2026-09-23 06:05:35] local.INFO: Difficulty setting applied {"difficulty":"Easy","num_questions":10} 
[2026-09-23 06:05:57] local.INFO: Fetching questions {"category":"Science","difficulty":"Easy","year_level":"ALL"} 
[2026-09-23 06:05:57] local.INFO: Questions found {"count":192} 
[2026-09-23 06:05:57] local.INFO: Difficulty setting applied {"difficulty":"Easy","num_questions":10} 
[2026-09-23 06:07:15] local.INFO: Fetching questions {"category":"Science","difficulty":"Easy","year_level":"ALL"} 
[2026-09-23 06:07:15] local.INFO: Questions found {"count":192} 
[2026-09-23 06:07:15] local.INFO: Difficulty setting applied {"difficulty":"Easy","num_questions":10} 
[2026-09-23 06:07:36] local.INFO: Fetching questions {"category":"Science","difficulty":"Easy","year_level":"ALL"} 
[2026-09-23 06:07:36] local.INFO: Questions found {"count":192} 
[2026-09-23 06:07:36] local.INFO: Difficulty setting applied {"difficulty":"Easy","num_questions":10} 
[2026-09-23 06:09:44] local.INFO: Challenge result saved {"player_id":"6ab23676fe20232daf001c74","correct_answers":10,"total_questions":10,"is_perfect":true} 
[2026-09-23 06:09:44] local.INFO: ✅ Player stats incremented (atomic upsert) {"player_id":"6ab23676fe20232daf001c74","path":"challenge_stats.science.easy"} 
[2026-09-23 06:09:44] local.INFO: Player stats updated  
[2026-09-23 06:09:44] local.INFO: Perfect score detected {"player_id":"6ab23676fe20232daf001c74","difficulty":"Easy"} 
[2026-09-23 06:09:44] local.INFO: 🎯 Recording badge progress from challenge {"player_id":"6ab23676fe20232daf001c74","difficulty":"easy"} 
[2026-09-23 06:09:44] local.INFO: 📊 Badge progress updated {"total_count":1,"current_in_set":1,"milestone_reached":false} 
[2026-09-23 06:09:44] local.INFO: Badge progress recorded {"badge_awarded":{"difficulty":"Easy","progress":1,"remaining":2,"badge_unlocked":false,"message":"2 more perfect scores needed for next badge"}} 
[2026-09-23 06:13:49] local.INFO: Fetching questions {"category":"Math","difficulty":"Easy","year_level":"ALL"} 
[2026-09-23 06:13:49] local.INFO: Questions found {"count":1208} 
[2026-09-23 06:13:49] local.INFO: Difficulty setting applied {"difficulty":"Easy","num_questions":10} 
[2026-09-23 06:17:10] local.INFO: Fetching questions {"category":"Math","difficulty":"Easy","year_level":"ALL"} 
[2026-09-23 06:17:10] local.INFO: Questions found {"count":1208} 
[2026-09-23 06:17:10] local.INFO: Difficulty setting applied {"difficulty":"Easy","num_questions":10} 
[2026-09-23 06:17:14] local.INFO: Fetching questions {"category":"Math","difficulty":"Easy","year_level":"ALL"} 
[2026-09-23 06:17:14] local.INFO: Questions found {"count":1208} 
[2026-09-23 06:17:14] local.INFO: Difficulty setting applied {"difficulty":"Easy","num_questions":10} 
[2026-09-23 06:22:44] local.INFO: Challenge result saved {"player_id":"6ab23676fe20232daf001c74","correct_answers":1,"total_questions":10,"is_perfect":false} 
[2026-09-23 06:22:44] local.INFO: ✅ Player stats incremented (atomic upsert) {"player_id":"6ab23676fe20232daf001c74","path":"challenge_stats.math.easy"} 
[2026-09-23 06:22:44] local.INFO: Player stats updated  
[2026-09-23 06:22:44] local.INFO: Not a perfect score — no badge awarded {"correct":1,"total":10} 
[2026-09-23 06:23:09] local.INFO: Fetching questions {"category":"Math","difficulty":"Easy","year_level":"ALL"} 
[2026-09-23 06:23:09] local.INFO: Questions found {"count":1208} 
[2026-09-23 06:23:09] local.INFO: Difficulty setting applied {"difficulty":"Easy","num_questions":10} 
[2026-09-23 09:31:09] local.INFO: ✅ Player stats incremented (atomic upsert) {"player_id":"6ab23676fe20232daf001c74","path":"memory_match_stats.general.easy"} 
[2026-09-23 09:34:56] local.INFO: ✅ Player stats incremented (atomic upsert) {"player_id":"6ab23676fe20232daf001c74","path":"memory_match_stats.general.easy"} 
[2026-09-23 09:41:57] local.INFO: ✅ Player stats incremented (atomic upsert) {"player_id":"6ab23676fe20232daf001c74","path":"memory_match_stats.general.easy"} 
[2026-09-23 09:45:47] local.INFO: ✅ Player stats incremented (atomic upsert) {"player_id":"6ab23676fe20232daf001c74","path":"memory_match_stats.general.average"} 
[2026-09-23 10:04:26] local.INFO: ✅ Player stats incremented (atomic upsert) {"player_id":"6ab23676fe20232daf001c74","path":"puzzle_stats.solar system.difficult"} 
[2026-09-23 10:07:36] local.INFO: ✅ Player stats incremented (atomic upsert) {"player_id":"6ab23676fe20232daf001c74","path":"puzzle_stats.solar system.easy"} 
[2026-09-23 10:50:38] local.INFO: Fetching questions {"category":"Science","difficulty":"Easy","year_level":"ALL"} 
[2026-09-23 10:50:38] local.INFO: Questions found {"count":192} 
[2026-09-23 10:50:38] local.INFO: Difficulty setting applied {"difficulty":"Easy","num_questions":10} 
[2026-09-23 10:53:11] local.INFO: === BATTLE RESULT REQUEST RECEIVED ===  
[2026-09-23 10:53:11] local.INFO: Request Data: {"player_id":"6ab21cb9fe20232daf001c72","category":"Science","difficulty_level":"Easy","player_score":24,"result":"won","battle_id":"ZB6NP5","questions_answered":10,"correct_answers":4} 
[2026-09-23 10:53:11] local.INFO: ✅ Validation passed {"player_id":"6ab21cb9fe20232daf001c72","category":"Science","difficulty_level":"Easy","player_score":24,"result":"won","battle_id":"ZB6NP5","questions_answered":10,"correct_answers":4} 
[2026-09-23 10:53:11] local.INFO: ✅ Battle result saved to battle collection  
[2026-09-23 10:53:11] local.INFO: ✅ Player stats incremented (atomic upsert) {"player_id":"6ab21cb9fe20232daf001c72","path":"battle_stats.science.easy"} 
[2026-09-23 10:53:11] local.INFO: 🏆 Player WON - awarding badge progress  
[2026-09-23 10:53:11] local.INFO: 🎯 Recording badge progress from battle {"player_id":"6ab21cb9fe20232daf001c72","difficulty":"easy"} 
[2026-09-23 10:53:11] local.INFO: 📊 Badge progress updated {"total_count":1,"current_in_set":1,"milestone_reached":false} 
[2026-09-23 10:53:11] local.INFO: Badge awarded result {"badge_awarded":{"difficulty":"Easy","progress":1,"remaining":2,"badge_unlocked":false,"message":"2 more battle wins needed for next badge"}} 
[2026-09-23 10:53:11] local.INFO: === BATTLE RESULT SAVED SUCCESSFULLY ===  
[2026-09-23 10:53:12] local.INFO: === BATTLE RESULT REQUEST RECEIVED ===  
[2026-09-23 10:53:12] local.INFO: Request Data: {"player_id":"6ab23676fe20232daf001c74","category":"Science","difficulty_level":"Easy","player_score":5,"result":"lost","battle_id":"ZB6NP5","questions_answered":10,"correct_answers":1} 
[2026-09-23 10:53:12] local.INFO: ✅ Validation passed {"player_id":"6ab23676fe20232daf001c74","category":"Science","difficulty_level":"Easy","player_score":5,"result":"lost","battle_id":"ZB6NP5","questions_answered":10,"correct_answers":1} 
[2026-09-23 10:53:12] local.INFO: ✅ Battle result saved to battle collection  
[2026-09-23 10:53:12] local.INFO: Skipping player_stats increment - no win to record {"player_id":"6ab23676fe20232daf001c74","game_type":"battle","result":"lost"} 
[2026-09-23 10:53:12] local.INFO: ℹ️ Player LOST - no badges awarded  
[2026-09-23 10:53:12] local.INFO: === BATTLE RESULT SAVED SUCCESSFULLY ===  
[2026-09-23 10:56:39] local.INFO: Fetching questions {"category":"Science","difficulty":"Easy","year_level":"ALL"} 
[2026-09-23 10:56:39] local.INFO: Questions found {"count":192} 
[2026-09-23 10:56:39] local.INFO: Difficulty setting applied {"difficulty":"Easy","num_questions":10} 
[2026-09-23 10:57:38] local.INFO: Fetching questions {"category":"Science","difficulty":"Easy","year_level":"ALL"} 
[2026-09-23 10:57:38] local.INFO: Questions found {"count":192} 
[2026-09-23 10:57:38] local.INFO: Difficulty setting applied {"difficulty":"Easy","num_questions":10} 
[2026-09-23 11:00:20] local.INFO: Fetching questions {"category":"Science","difficulty":"Easy","year_level":"ALL"} 
[2026-09-23 11:00:20] local.INFO: Questions found {"count":192} 
[2026-09-23 11:00:20] local.INFO: Difficulty setting applied {"difficulty":"Easy","num_questions":10} 
[2026-09-23 11:15:59] local.INFO: Fetching questions {"category":"Math","difficulty":"Easy","year_level":"ALL"} 
[2026-09-23 11:15:59] local.INFO: Questions found {"count":1208} 
[2026-09-23 11:15:59] local.INFO: Difficulty setting applied {"difficulty":"Easy","num_questions":10} 
[2026-09-23 11:23:28] local.INFO: Fetching questions {"category":"Science","difficulty":"Easy","year_level":"ALL"} 
[2026-09-23 11:23:28] local.INFO: Questions found {"count":192} 
[2026-09-23 11:23:28] local.INFO: Difficulty setting applied {"difficulty":"Easy","num_questions":10} 
[2026-09-23 11:24:55] local.INFO: Fetching questions {"category":"Science","difficulty":"Easy","year_level":"ALL"} 
[2026-09-23 11:24:55] local.INFO: Questions found {"count":192} 
[2026-09-23 11:24:55] local.INFO: Difficulty setting applied {"difficulty":"Easy","num_questions":10} 
[2026-09-23 11:39:55] local.INFO: Fetching questions {"category":"Math","difficulty":"Easy","year_level":"ALL"} 
[2026-09-23 11:39:55] local.INFO: Questions found {"count":1208} 
[2026-09-23 11:39:55] local.INFO: Difficulty setting applied {"difficulty":"Easy","num_questions":10} 
[2026-09-23 11:40:46] local.INFO: === BATTLE RESULT REQUEST RECEIVED ===  
[2026-09-23 11:40:46] local.INFO: Request Data: {"player_id":"6ab23676fe20232daf001c74","category":"Math","difficulty_level":"Easy","player_score":29,"result":"lost","battle_id":"6I8DGY","questions_answered":10,"correct_answers":2} 
[2026-09-23 11:40:46] local.INFO: ✅ Validation passed {"player_id":"6ab23676fe20232daf001c74","category":"Math","difficulty_level":"Easy","player_score":29,"result":"lost","battle_id":"6I8DGY","questions_answered":10,"correct_answers":2} 
[2026-09-23 11:40:46] local.INFO: ✅ Battle result saved to battle collection  
[2026-09-23 11:40:46] local.INFO: Skipping player_stats increment - no win to record {"player_id":"6ab23676fe20232daf001c74","game_type":"battle","result":"lost"} 
[2026-09-23 11:40:46] local.INFO: ℹ️ Player LOST - no badges awarded  
[2026-09-23 11:40:46] local.INFO: === BATTLE RESULT SAVED SUCCESSFULLY ===  
[2026-09-23 11:40:46] local.INFO: === BATTLE RESULT REQUEST RECEIVED ===  
[2026-09-23 11:40:46] local.INFO: Request Data: {"player_id":"6ab21cb9fe20232daf001c72","category":"Math","difficulty_level":"Easy","player_score":94,"result":"won","battle_id":"6I8DGY","questions_answered":10,"correct_answers":7} 
[2026-09-23 11:40:46] local.INFO: ✅ Validation passed {"player_id":"6ab21cb9fe20232daf001c72","category":"Math","difficulty_level":"Easy","player_score":94,"result":"won","battle_id":"6I8DGY","questions_answered":10,"correct_answers":7} 
[2026-09-23 11:40:46] local.INFO: ✅ Battle result saved to battle collection  
[2026-09-23 11:40:46] local.INFO: ✅ Player stats incremented (atomic upsert) {"player_id":"6ab21cb9fe20232daf001c72","path":"battle_stats.math.easy"} 
[2026-09-23 11:40:46] local.INFO: 🏆 Player WON - awarding badge progress  
[2026-09-23 11:40:46] local.INFO: 🎯 Recording badge progress from battle {"player_id":"6ab21cb9fe20232daf001c72","difficulty":"easy"} 
[2026-09-23 11:40:46] local.INFO: 📊 Badge progress updated {"total_count":2,"current_in_set":2,"milestone_reached":false} 
[2026-09-23 11:40:46] local.INFO: Badge awarded result {"badge_awarded":{"difficulty":"Easy","progress":2,"remaining":1,"badge_unlocked":false,"message":"1 more battle win needed for next badge"}} 
[2026-09-23 11:40:46] local.INFO: === BATTLE RESULT SAVED SUCCESSFULLY ===  
[2026-09-23 11:41:02] local.INFO: Fetching questions {"category":"Math","difficulty":"Easy","year_level":"ALL"} 
[2026-09-23 11:41:03] local.INFO: Questions found {"count":1208} 
[2026-09-23 11:41:03] local.INFO: Difficulty setting applied {"difficulty":"Easy","num_questions":10} 
[2026-09-23 11:41:53] local.INFO: === BATTLE RESULT REQUEST RECEIVED ===  
[2026-09-23 11:41:53] local.INFO: Request Data: {"player_id":"6ab23676fe20232daf001c74","category":"Math","difficulty_level":"Easy","player_score":39,"result":"lost","battle_id":"H4WRWO","questions_answered":10,"correct_answers":3} 
[2026-09-23 11:41:53] local.INFO: === BATTLE RESULT REQUEST RECEIVED ===  
[2026-09-23 11:41:53] local.INFO: Request Data: {"player_id":"6ab21cb9fe20232daf001c72","category":"Math","difficulty_level":"Easy","player_score":123,"result":"won","battle_id":"H4WRWO","questions_answered":10,"correct_answers":9} 
[2026-09-23 11:41:53] local.INFO: ✅ Validation passed {"player_id":"6ab23676fe20232daf001c74","category":"Math","difficulty_level":"Easy","player_score":39,"result":"lost","battle_id":"H4WRWO","questions_answered":10,"correct_answers":3} 
[2026-09-23 11:41:53] local.INFO: ✅ Validation passed {"player_id":"6ab21cb9fe20232daf001c72","category":"Math","difficulty_level":"Easy","player_score":123,"result":"won","battle_id":"H4WRWO","questions_answered":10,"correct_answers":9} 
[2026-09-23 11:41:53] local.INFO: ✅ Battle result saved to battle collection  
[2026-09-23 11:41:53] local.INFO: Skipping player_stats increment - no win to record {"player_id":"6ab23676fe20232daf001c74","game_type":"battle","result":"lost"} 
[2026-09-23 11:41:53] local.INFO: ℹ️ Player LOST - no badges awarded  
[2026-09-23 11:41:53] local.INFO: === BATTLE RESULT SAVED SUCCESSFULLY ===  
[2026-09-23 11:41:53] local.INFO: ✅ Battle result saved to battle collection  
[2026-09-23 11:41:53] local.INFO: ✅ Player stats incremented (atomic upsert) {"player_id":"6ab21cb9fe20232daf001c72","path":"battle_stats.math.easy"} 
[2026-09-23 11:41:53] local.INFO: 🏆 Player WON - awarding badge progress  
[2026-09-23 11:41:53] local.INFO: 🎯 Recording badge progress from battle {"player_id":"6ab21cb9fe20232daf001c72","difficulty":"easy"} 
[2026-09-23 11:41:53] local.INFO: 📊 Badge progress updated {"total_count":3,"current_in_set":0,"milestone_reached":true} 
[2026-09-23 11:41:53] local.INFO: 🎊 MILESTONE REACHED! {"difficulty":"easy","badge_number":1,"total_badges_earned":3} 
[2026-09-23 11:41:53] local.INFO: Claimable reward created — awaiting player claim {"difficulty":"easy","badge_number":1} 
[2026-09-23 11:41:53] local.INFO: Badge awarded result {"badge_awarded":{"difficulty":"Easy","badge_unlocked":true,"badge_number":1,"can_claim":true,"message":"Congratulations! You've earned badge #1 for Easy difficulty! Visit the badge screen to claim it."}} 
[2026-09-23 11:41:53] local.INFO: === BATTLE RESULT SAVED SUCCESSFULLY ===  
[2026-09-23 11:42:22] local.INFO: Reward requested by player 6ab21cb9fe20232daf001c72, difficulty: easy  
[2026-09-23 11:48:46] local.INFO: Fetching questions {"category":"Science","difficulty":"Average","year_level":"ALL"} 
[2026-09-23 11:48:46] local.INFO: Questions found {"count":1818} 
[2026-09-23 11:48:46] local.INFO: Difficulty setting applied {"difficulty":"Average","num_questions":10} 
[2026-09-23 11:49:35] local.INFO: === BATTLE RESULT REQUEST RECEIVED ===  
[2026-09-23 11:49:35] local.INFO: Request Data: {"player_id":"6ab23676fe20232daf001c74","category":"Science","difficulty_level":"Average","player_score":73,"result":"lost","battle_id":"HX7PE5","questions_answered":10,"correct_answers":5} 
[2026-09-23 11:49:35] local.INFO: ✅ Validation passed {"player_id":"6ab23676fe20232daf001c74","category":"Science","difficulty_level":"Average","player_score":73,"result":"lost","battle_id":"HX7PE5","questions_answered":10,"correct_answers":5} 
[2026-09-23 11:49:35] local.INFO: ✅ Battle result saved to battle collection  
[2026-09-23 11:49:35] local.INFO: Skipping player_stats increment - no win to record {"player_id":"6ab23676fe20232daf001c74","game_type":"battle","result":"lost"} 
[2026-09-23 11:49:35] local.INFO: ℹ️ Player LOST - no badges awarded  
[2026-09-23 11:49:35] local.INFO: === BATTLE RESULT SAVED SUCCESSFULLY ===  
[2026-09-23 11:49:35] local.INFO: === BATTLE RESULT REQUEST RECEIVED ===  
[2026-09-23 11:49:35] local.INFO: Request Data: {"player_id":"6ab21cb9fe20232daf001c72","category":"Science","difficulty_level":"Average","player_score":95,"result":"won","battle_id":"HX7PE5","questions_answered":10,"correct_answers":7} 
[2026-09-23 11:49:35] local.INFO: ✅ Validation passed {"player_id":"6ab21cb9fe20232daf001c72","category":"Science","difficulty_level":"Average","player_score":95,"result":"won","battle_id":"HX7PE5","questions_answered":10,"correct_answers":7} 
[2026-09-23 11:49:35] local.INFO: ✅ Battle result saved to battle collection  
[2026-09-23 11:49:35] local.INFO: ✅ Player stats incremented (atomic upsert) {"player_id":"6ab21cb9fe20232daf001c72","path":"battle_stats.science.average"} 
[2026-09-23 11:49:35] local.INFO: 🏆 Player WON - awarding badge progress  
[2026-09-23 11:49:35] local.INFO: 🎯 Recording badge progress from battle {"player_id":"6ab21cb9fe20232daf001c72","difficulty":"average"} 
[2026-09-23 11:49:35] local.INFO: 📊 Badge progress updated {"total_count":1,"current_in_set":1,"milestone_reached":false} 
[2026-09-23 11:49:35] local.INFO: Badge awarded result {"badge_awarded":{"difficulty":"Average","progress":1,"remaining":2,"badge_unlocked":false,"message":"2 more battle wins needed for next badge"}} 
[2026-09-23 11:49:35] local.INFO: === BATTLE RESULT SAVED SUCCESSFULLY ===  
[2026-09-23 11:56:03] local.INFO: Fetching questions {"category":"Science","difficulty":"Average","year_level":"ALL"} 
[2026-09-23 11:56:03] local.INFO: Questions found {"count":1818} 
[2026-09-23 11:56:03] local.INFO: Difficulty setting applied {"difficulty":"Average","num_questions":10} 
[2026-09-23 11:56:54] local.INFO: === BATTLE RESULT REQUEST RECEIVED ===  
[2026-09-23 11:56:54] local.INFO: Request Data: {"player_id":"6ab21cb9fe20232daf001c72","category":"Science","difficulty_level":"Average","player_score":67,"result":"won","battle_id":"0UW21R","questions_answered":10,"correct_answers":5} 
[2026-09-23 11:56:54] local.INFO: ✅ Validation passed {"player_id":"6ab21cb9fe20232daf001c72","category":"Science","difficulty_level":"Average","player_score":67,"result":"won","battle_id":"0UW21R","questions_answered":10,"correct_answers":5} 
[2026-09-23 11:56:54] local.INFO: === BATTLE RESULT REQUEST RECEIVED ===  
[2026-09-23 11:56:54] local.INFO: Request Data: {"player_id":"6ab23676fe20232daf001c74","category":"Science","difficulty_level":"Average","player_score":45,"result":"lost","battle_id":"0UW21R","questions_answered":10,"correct_answers":3} 
[2026-09-23 11:56:54] local.INFO: ✅ Validation passed {"player_id":"6ab23676fe20232daf001c74","category":"Science","difficulty_level":"Average","player_score":45,"result":"lost","battle_id":"0UW21R","questions_answered":10,"correct_answers":3} 
[2026-09-23 11:56:54] local.INFO: ✅ Battle result saved to battle collection  
[2026-09-23 11:56:54] local.INFO: ✅ Player stats incremented (atomic upsert) {"player_id":"6ab21cb9fe20232daf001c72","path":"battle_stats.science.average"} 
[2026-09-23 11:56:54] local.INFO: 🏆 Player WON - awarding badge progress  
[2026-09-23 11:56:54] local.INFO: 🎯 Recording badge progress from battle {"player_id":"6ab21cb9fe20232daf001c72","difficulty":"average"} 
[2026-09-23 11:56:54] local.INFO: 📊 Badge progress updated {"total_count":2,"current_in_set":2,"milestone_reached":false} 
[2026-09-23 11:56:54] local.INFO: Badge awarded result {"badge_awarded":{"difficulty":"Average","progress":2,"remaining":1,"badge_unlocked":false,"message":"1 more battle win needed for next badge"}} 
[2026-09-23 11:56:54] local.INFO: === BATTLE RESULT SAVED SUCCESSFULLY ===  
[2026-09-23 11:56:54] local.INFO: ✅ Battle result saved to battle collection  
[2026-09-23 11:56:54] local.INFO: Skipping player_stats increment - no win to record {"player_id":"6ab23676fe20232daf001c74","game_type":"battle","result":"lost"} 
[2026-09-23 11:56:54] local.INFO: ℹ️ Player LOST - no badges awarded  
[2026-09-23 11:56:54] local.INFO: === BATTLE RESULT SAVED SUCCESSFULLY ===  
[2026-09-23 11:57:08] local.INFO: Fetching questions {"category":"Science","difficulty":"Average","year_level":"ALL"} 
[2026-09-23 11:57:08] local.INFO: Questions found {"count":1818} 
[2026-09-23 11:57:08] local.INFO: Difficulty setting applied {"difficulty":"Average","num_questions":10} 
[2026-09-23 11:57:57] local.INFO: === BATTLE RESULT REQUEST RECEIVED ===  
[2026-09-23 11:57:57] local.INFO: Request Data: {"player_id":"6ab23676fe20232daf001c74","category":"Science","difficulty_level":"Average","player_score":43,"result":"won","battle_id":"IRA7R3","questions_answered":10,"correct_answers":3} 
[2026-09-23 11:57:57] local.INFO: ✅ Validation passed {"player_id":"6ab23676fe20232daf001c74","category":"Science","difficulty_level":"Average","player_score":43,"result":"won","battle_id":"IRA7R3","questions_answered":10,"correct_answers":3} 
[2026-09-23 11:57:57] local.INFO: === BATTLE RESULT REQUEST RECEIVED ===  
[2026-09-23 11:57:57] local.INFO: Request Data: {"player_id":"6ab21cb9fe20232daf001c72","category":"Science","difficulty_level":"Average","player_score":40,"result":"lost","battle_id":"IRA7R3","questions_answered":10,"correct_answers":3} 
[2026-09-23 11:57:57] local.INFO: ✅ Battle result saved to battle collection  
[2026-09-23 11:57:57] local.INFO: ✅ Validation passed {"player_id":"6ab21cb9fe20232daf001c72","category":"Science","difficulty_level":"Average","player_score":40,"result":"lost","battle_id":"IRA7R3","questions_answered":10,"correct_answers":3} 
[2026-09-23 11:57:57] local.INFO: ✅ Player stats incremented (atomic upsert) {"player_id":"6ab23676fe20232daf001c74","path":"battle_stats.science.average"} 
[2026-09-23 11:57:57] local.INFO: 🏆 Player WON - awarding badge progress  
[2026-09-23 11:57:57] local.INFO: 🎯 Recording badge progress from battle {"player_id":"6ab23676fe20232daf001c74","difficulty":"average"} 
[2026-09-23 11:57:57] local.INFO: 📊 Badge progress updated {"total_count":1,"current_in_set":1,"milestone_reached":false} 
[2026-09-23 11:57:57] local.INFO: Badge awarded result {"badge_awarded":{"difficulty":"Average","progress":1,"remaining":2,"badge_unlocked":false,"message":"2 more battle wins needed for next badge"}} 
[2026-09-23 11:57:57] local.INFO: === BATTLE RESULT SAVED SUCCESSFULLY ===  
[2026-09-23 11:57:57] local.INFO: ✅ Battle result saved to battle collection  
[2026-09-23 11:57:57] local.INFO: Skipping player_stats increment - no win to record {"player_id":"6ab21cb9fe20232daf001c72","game_type":"battle","result":"lost"} 
[2026-09-23 11:57:57] local.INFO: ℹ️ Player LOST - no badges awarded  
[2026-09-23 11:57:57] local.INFO: === BATTLE RESULT SAVED SUCCESSFULLY ===  
[2026-09-23 11:58:14] local.INFO: Fetching questions {"category":"Science","difficulty":"Average","year_level":"ALL"} 
[2026-09-23 11:58:14] local.INFO: Questions found {"count":1818} 
[2026-09-23 11:58:14] local.INFO: Difficulty setting applied {"difficulty":"Average","num_questions":10} 
[2026-09-23 11:59:03] local.INFO: === BATTLE RESULT REQUEST RECEIVED ===  
[2026-09-23 11:59:03] local.INFO: Request Data: {"player_id":"6ab21cb9fe20232daf001c72","category":"Science","difficulty_level":"Average","player_score":81,"result":"won","battle_id":"GL5OIZ","questions_answered":10,"correct_answers":6} 
[2026-09-23 11:59:03] local.INFO: === BATTLE RESULT REQUEST RECEIVED ===  
[2026-09-23 11:59:03] local.INFO: Request Data: {"player_id":"6ab23676fe20232daf001c74","category":"Science","difficulty_level":"Average","player_score":30,"result":"lost","battle_id":"GL5OIZ","questions_answered":10,"correct_answers":2} 
[2026-09-23 11:59:03] local.INFO: ✅ Validation passed {"player_id":"6ab21cb9fe20232daf001c72","category":"Science","difficulty_level":"Average","player_score":81,"result":"won","battle_id":"GL5OIZ","questions_answered":10,"correct_answers":6} 
[2026-09-23 11:59:03] local.INFO: ✅ Validation passed {"player_id":"6ab23676fe20232daf001c74","category":"Science","difficulty_level":"Average","player_score":30,"result":"lost","battle_id":"GL5OIZ","questions_answered":10,"correct_answers":2} 
[2026-09-23 11:59:03] local.INFO: ✅ Battle result saved to battle collection  
[2026-09-23 11:59:03] local.INFO: ✅ Battle result saved to battle collection  
[2026-09-23 11:59:03] local.INFO: Skipping player_stats increment - no win to record {"player_id":"6ab23676fe20232daf001c74","game_type":"battle","result":"lost"} 
[2026-09-23 11:59:03] local.INFO: ℹ️ Player LOST - no badges awarded  
[2026-09-23 11:59:03] local.INFO: === BATTLE RESULT SAVED SUCCESSFULLY ===  
[2026-09-23 11:59:03] local.INFO: ✅ Player stats incremented (atomic upsert) {"player_id":"6ab21cb9fe20232daf001c72","path":"battle_stats.science.average"} 
[2026-09-23 11:59:03] local.INFO: 🏆 Player WON - awarding badge progress  
[2026-09-23 11:59:03] local.INFO: 🎯 Recording badge progress from battle {"player_id":"6ab21cb9fe20232daf001c72","difficulty":"average"} 
[2026-09-23 11:59:03] local.INFO: 📊 Badge progress updated {"total_count":3,"current_in_set":0,"milestone_reached":true} 
[2026-09-23 11:59:03] local.INFO: 🎊 MILESTONE REACHED! {"difficulty":"average","badge_number":1,"total_badges_earned":3} 
[2026-09-23 11:59:03] local.INFO: Claimable reward created — awaiting player claim {"difficulty":"average","badge_number":1} 
[2026-09-23 11:59:03] local.INFO: Badge awarded result {"badge_awarded":{"difficulty":"Average","badge_unlocked":true,"badge_number":1,"can_claim":true,"message":"Congratulations! You've earned badge #1 for Average difficulty! Visit the badge screen to claim it."}} 
[2026-09-23 11:59:03] local.INFO: === BATTLE RESULT SAVED SUCCESSFULLY ===  
[2026-09-23 11:59:18] local.INFO: Fetching questions {"category":"Science","difficulty":"Average","year_level":"ALL"} 
[2026-09-23 11:59:18] local.INFO: Questions found {"count":1818} 
[2026-09-23 11:59:18] local.INFO: Difficulty setting applied {"difficulty":"Average","num_questions":10} 
[2026-09-23 12:00:10] local.INFO: === BATTLE RESULT REQUEST RECEIVED ===  
[2026-09-23 12:00:10] local.INFO: Request Data: {"player_id":"6ab23676fe20232daf001c74","category":"Science","difficulty_level":"Average","player_score":15,"result":"lost","battle_id":"L3SRLV","questions_answered":10,"correct_answers":1} 
[2026-09-23 12:00:10] local.INFO: ✅ Validation passed {"player_id":"6ab23676fe20232daf001c74","category":"Science","difficulty_level":"Average","player_score":15,"result":"lost","battle_id":"L3SRLV","questions_answered":10,"correct_answers":1} 
[2026-09-23 12:00:10] local.INFO: ✅ Battle result saved to battle collection  
[2026-09-23 12:00:10] local.INFO: Skipping player_stats increment - no win to record {"player_id":"6ab23676fe20232daf001c74","game_type":"battle","result":"lost"} 
[2026-09-23 12:00:10] local.INFO: ℹ️ Player LOST - no badges awarded  
[2026-09-23 12:00:10] local.INFO: === BATTLE RESULT SAVED SUCCESSFULLY ===  
[2026-09-23 12:00:10] local.INFO: === BATTLE RESULT REQUEST RECEIVED ===  
[2026-09-23 12:00:10] local.INFO: Request Data: {"player_id":"6ab21cb9fe20232daf001c72","category":"Science","difficulty_level":"Average","player_score":77,"result":"won","battle_id":"L3SRLV","questions_answered":10,"correct_answers":6} 
[2026-09-23 12:00:10] local.INFO: ✅ Validation passed {"player_id":"6ab21cb9fe20232daf001c72","category":"Science","difficulty_level":"Average","player_score":77,"result":"won","battle_id":"L3SRLV","questions_answered":10,"correct_answers":6} 
[2026-09-23 12:00:10] local.INFO: ✅ Battle result saved to battle collection  
[2026-09-23 12:00:10] local.INFO: ✅ Player stats incremented (atomic upsert) {"player_id":"6ab21cb9fe20232daf001c72","path":"battle_stats.science.average"} 
[2026-09-23 12:00:10] local.INFO: 🏆 Player WON - awarding badge progress  
[2026-09-23 12:00:10] local.INFO: 🎯 Recording badge progress from battle {"player_id":"6ab21cb9fe20232daf001c72","difficulty":"average"} 
[2026-09-23 12:00:10] local.INFO: 📊 Badge progress updated {"total_count":4,"current_in_set":1,"milestone_reached":false} 
[2026-09-23 12:00:10] local.INFO: Badge awarded result {"badge_awarded":{"difficulty":"Average","progress":1,"remaining":2,"badge_unlocked":false,"message":"2 more battle wins needed for next badge"}} 
[2026-09-23 12:00:10] local.INFO: === BATTLE RESULT SAVED SUCCESSFULLY ===  
[2026-09-23 12:08:06] local.INFO: Fetching questions {"category":"Math","difficulty":"Easy","year_level":"ALL"} 
[2026-09-23 12:08:07] local.INFO: Questions found {"count":1208} 
[2026-09-23 12:08:07] local.INFO: Difficulty setting applied {"difficulty":"Easy","num_questions":10} 
[2026-09-23 12:08:59] local.INFO: === BATTLE RESULT REQUEST RECEIVED ===  
[2026-09-23 12:08:59] local.INFO: Request Data: {"player_id":"6ab21cb9fe20232daf001c72","category":"Math","difficulty_level":"Easy","player_score":15,"result":"lost","battle_id":"ERZ07L","questions_answered":10,"correct_answers":1} 
[2026-09-23 12:08:59] local.INFO: ✅ Validation passed {"player_id":"6ab21cb9fe20232daf001c72","category":"Math","difficulty_level":"Easy","player_score":15,"result":"lost","battle_id":"ERZ07L","questions_answered":10,"correct_answers":1} 
[2026-09-23 12:08:59] local.INFO: === BATTLE RESULT REQUEST RECEIVED ===  
[2026-09-23 12:08:59] local.INFO: Request Data: {"player_id":"6ab23676fe20232daf001c74","category":"Math","difficulty_level":"Easy","player_score":68,"result":"won","battle_id":"ERZ07L","questions_answered":10,"correct_answers":5} 
[2026-09-23 12:08:59] local.INFO: ✅ Battle result saved to battle collection  
[2026-09-23 12:08:59] local.INFO: Skipping player_stats increment - no win to record {"player_id":"6ab21cb9fe20232daf001c72","game_type":"battle","result":"lost"} 
[2026-09-23 12:08:59] local.INFO: ℹ️ Player LOST - no badges awarded  
[2026-09-23 12:08:59] local.INFO: === BATTLE RESULT SAVED SUCCESSFULLY ===  
[2026-09-23 12:08:59] local.INFO: ✅ Validation passed {"player_id":"6ab23676fe20232daf001c74","category":"Math","difficulty_level":"Easy","player_score":68,"result":"won","battle_id":"ERZ07L","questions_answered":10,"correct_answers":5} 
[2026-09-23 12:08:59] local.INFO: ✅ Battle result saved to battle collection  
[2026-09-23 12:08:59] local.INFO: ✅ Player stats incremented (atomic upsert) {"player_id":"6ab23676fe20232daf001c74","path":"battle_stats.math.easy"} 
[2026-09-23 12:08:59] local.INFO: 🏆 Player WON - awarding badge progress  
[2026-09-23 12:08:59] local.INFO: 🎯 Recording badge progress from battle {"player_id":"6ab23676fe20232daf001c74","difficulty":"easy"} 
[2026-09-23 12:08:59] local.INFO: 📊 Badge progress updated {"total_count":2,"current_in_set":2,"milestone_reached":false} 
[2026-09-23 12:08:59] local.INFO: Badge awarded result {"badge_awarded":{"difficulty":"Easy","progress":2,"remaining":1,"badge_unlocked":false,"message":"1 more battle win needed for next badge"}} 
[2026-09-23 12:08:59] local.INFO: === BATTLE RESULT SAVED SUCCESSFULLY ===  
[2026-09-23 12:09:27] local.INFO: Fetching questions {"category":"Math","difficulty":"Easy","year_level":"ALL"} 
[2026-09-23 12:09:27] local.INFO: Questions found {"count":1208} 
[2026-09-23 12:09:27] local.INFO: Difficulty setting applied {"difficulty":"Easy","num_questions":10} 
[2026-09-23 12:10:24] local.INFO: === BATTLE RESULT REQUEST RECEIVED ===  
[2026-09-23 12:10:24] local.INFO: Request Data: {"player_id":"6ab23676fe20232daf001c74","category":"Math","difficulty_level":"Easy","player_score":77,"result":"won","battle_id":"1PMDO4","questions_answered":10,"correct_answers":6} 
[2026-09-23 12:10:24] local.INFO: === BATTLE RESULT REQUEST RECEIVED ===  
[2026-09-23 12:10:24] local.INFO: Request Data: {"player_id":"6ab21cb9fe20232daf001c72","category":"Math","difficulty_level":"Easy","player_score":44,"result":"lost","battle_id":"1PMDO4","questions_answered":10,"correct_answers":3} 
[2026-09-23 12:10:24] local.INFO: ✅ Validation passed {"player_id":"6ab23676fe20232daf001c74","category":"Math","difficulty_level":"Easy","player_score":77,"result":"won","battle_id":"1PMDO4","questions_answered":10,"correct_answers":6} 
[2026-09-23 12:10:24] local.INFO: ✅ Validation passed {"player_id":"6ab21cb9fe20232daf001c72","category":"Math","difficulty_level":"Easy","player_score":44,"result":"lost","battle_id":"1PMDO4","questions_answered":10,"correct_answers":3} 
[2026-09-23 12:10:24] local.INFO: ✅ Battle result saved to battle collection  
[2026-09-23 12:10:24] local.INFO: ✅ Player stats incremented (atomic upsert) {"player_id":"6ab23676fe20232daf001c74","path":"battle_stats.math.easy"} 
[2026-09-23 12:10:24] local.INFO: 🏆 Player WON - awarding badge progress  
[2026-09-23 12:10:24] local.INFO: 🎯 Recording badge progress from battle {"player_id":"6ab23676fe20232daf001c74","difficulty":"easy"} 
[2026-09-23 12:10:24] local.INFO: ✅ Battle result saved to battle collection  
[2026-09-23 12:10:24] local.INFO: 📊 Badge progress updated {"total_count":3,"current_in_set":0,"milestone_reached":true} 
[2026-09-23 12:10:24] local.INFO: 🎊 MILESTONE REACHED! {"difficulty":"easy","badge_number":1,"total_badges_earned":3} 
[2026-09-23 12:10:24] local.INFO: Skipping player_stats increment - no win to record {"player_id":"6ab21cb9fe20232daf001c72","game_type":"battle","result":"lost"} 
[2026-09-23 12:10:24] local.INFO: ℹ️ Player LOST - no badges awarded  
[2026-09-23 12:10:24] local.INFO: === BATTLE RESULT SAVED SUCCESSFULLY ===  
[2026-09-23 12:10:24] local.INFO: Claimable reward created — awaiting player claim {"difficulty":"easy","badge_number":1} 
[2026-09-23 12:10:24] local.INFO: Badge awarded result {"badge_awarded":{"difficulty":"Easy","badge_unlocked":true,"badge_number":1,"can_claim":true,"message":"Congratulations! You've earned badge #1 for Easy difficulty! Visit the badge screen to claim it."}} 
[2026-09-23 12:10:24] local.INFO: === BATTLE RESULT SAVED SUCCESSFULLY ===  
[2026-09-23 12:10:55] local.INFO: Reward requested by player 6ab23676fe20232daf001c74, difficulty: easy  
[2026-09-23 12:33:13] local.INFO: ✅ Player stats incremented (atomic upsert) {"player_id":"6ab21cb9fe20232daf001c72","path":"puzzle_stats.solar system.easy"} 
[2026-09-23 12:45:40] local.WARNING: Admin analytics: some player_stats rows were skipped {"orphaned_stats_rows":5,"plays_by_players_with_no_sex_set":0,"hint":"Orphaned rows have no matching player_info document (stale player_id) and cannot be attributed to a gender. A player whose sex is \"Prefer not to say\" also will not appear in a Male vs Female chart."} 
[2026-09-23 12:45:40] local.WARNING: Admin analytics: plays skipped because the player age did not map to a bucket {"plays":39,"buckets":["0-12","13-17","18-22","23-29","30-39","40+"]} 
[2026-09-23 12:55:45] local.WARNING: Admin analytics: some player_stats rows were skipped {"orphaned_stats_rows":5,"plays_by_players_with_no_sex_set":0,"hint":"Orphaned rows have no matching player_info document (stale player_id) and cannot be attributed to a gender. A player whose sex is \"Prefer not to say\" also will not appear in a Male vs Female chart."} 
[2026-09-23 12:55:45] local.WARNING: Admin analytics: plays skipped because the player age did not map to a bucket {"plays":39,"buckets":["0-12","13-17","18-22","23-29","30-39","40+"]} 
[2026-09-23 13:11:12] local.WARNING: Admin analytics: some player_stats rows were skipped {"orphaned_stats_rows":5,"plays_by_players_with_no_sex_set":0,"hint":"Orphaned rows have no matching player_info document (stale player_id) and cannot be attributed to a gender. A player whose sex is \"Prefer not to say\" also will not appear in a Male vs Female chart."} 
[2026-09-23 13:11:12] local.WARNING: Admin analytics: plays skipped because the player age did not map to a bucket {"plays":39,"buckets":["0-12","13-17","18-22","23-29","30-39","40+"]} 
[2026-09-23 13:12:10] local.WARNING: Admin analytics: some player_stats rows were skipped {"orphaned_stats_rows":5,"plays_by_players_with_no_sex_set":0,"hint":"Orphaned rows have no matching player_info document (stale player_id) and cannot be attributed to a gender. A player whose sex is \"Prefer not to say\" also will not appear in a Male vs Female chart."} 
[2026-09-23 13:12:10] local.WARNING: Admin analytics: plays skipped because the player age did not map to a bucket {"plays":39,"buckets":["0-12","13-17","18-22","23-29","30-39","40+"]} 
[2026-09-23 13:26:19] local.WARNING: Admin analytics: some player_stats rows were skipped {"orphaned_stats_rows":5,"plays_by_players_with_no_sex_set":0,"hint":"Orphaned rows have no matching player_info document (stale player_id) and cannot be attributed to a gender. A player whose sex is \"Prefer not to say\" also will not appear in a Male vs Female chart."} 
[2026-09-23 13:26:19] local.WARNING: Admin analytics: plays skipped because the player age did not map to a bucket {"plays":39,"buckets":["0-12","13-17","18-22","23-29","30-39","40+"]} 
[2026-09-23 15:15:26] local.WARNING: Admin analytics: some player_stats rows were skipped {"orphaned_stats_rows":5,"plays_by_players_with_no_sex_set":0,"hint":"Orphaned rows have no matching player_info document (stale player_id) and cannot be attributed to a gender. A player whose sex is \"Prefer not to say\" also will not appear in a Male vs Female chart."} 
[2026-09-23 15:15:26] local.WARNING: Admin analytics: plays skipped because the player age did not map to a bucket {"plays":39,"buckets":["0-12","13-17","18-22","23-29","30-39","40+"]} 
[2026-09-23 15:16:09] local.WARNING: Admin analytics: some player_stats rows were skipped {"orphaned_stats_rows":5,"plays_by_players_with_no_sex_set":0,"hint":"Orphaned rows have no matching player_info document (stale player_id) and cannot be attributed to a gender. A player whose sex is \"Prefer not to say\" also will not appear in a Male vs Female chart."} 
[2026-09-23 15:16:09] local.WARNING: Admin analytics: plays skipped because the player age did not map to a bucket {"plays":39,"buckets":["0-12","13-17","18-22","23-29","30-39","40+"]} 
[2026-09-23 15:17:33] local.WARNING: Admin analytics: some player_stats rows were skipped {"orphaned_stats_rows":5,"plays_by_players_with_no_sex_set":0,"hint":"Orphaned rows have no matching player_info document (stale player_id) and cannot be attributed to a gender. A player whose sex is \"Prefer not to say\" also will not appear in a Male vs Female chart."} 
[2026-09-23 15:17:33] local.WARNING: Admin analytics: plays skipped because the player age did not map to a bucket {"plays":39,"buckets":["0-12","13-17","18-22","23-29","30-39","40+"]} 
[2026-09-23 16:43:34] local.WARNING: Admin analytics: some player_stats rows were skipped {"orphaned_stats_rows":5,"plays_by_players_with_no_sex_set":0,"hint":"Orphaned rows have no matching player_info document (stale player_id) and cannot be attributed to a gender. A player whose sex is \"Prefer not to say\" also will not appear in a Male vs Female chart."} 
[2026-09-23 16:43:34] local.WARNING: Admin analytics: plays skipped because the player age did not map to a bucket {"plays":39,"buckets":["0-12","13-17","18-22","23-29","30-39","40+"]} 
[2026-09-23 17:28:14] local.INFO: Admin awarded badge {"admin":"starbooks_admin","player":"testplayer01","difficulty":"easy","rewards_awarded":1,"new_official":1} 
[2026-09-23 17:47:21] local.WARNING: Admin analytics: some player_stats rows were skipped {"orphaned_stats_rows":5,"plays_by_players_with_no_sex_set":0,"hint":"Orphaned rows have no matching player_info document (stale player_id) and cannot be attributed to a gender. A player whose sex is \"Prefer not to say\" also will not appear in a Male vs Female chart."} 
[2026-09-23 17:47:21] local.WARNING: Admin analytics: plays skipped because the player age did not map to a bucket {"plays":39,"buckets":["0-12","13-17","18-22","23-29","30-39","40+"]} 
[2026-09-23 17:50:54] local.INFO: Admin image saved on update: C:\laragon\www\api\public\uploads/admins/admin_6aaa2c7cc09dd0e8550cb661_1790185854.jpg (85326 bytes)  
[2026-09-23 17:59:29] local.WARNING: Admin analytics: some player_stats rows were skipped {"orphaned_stats_rows":5,"plays_by_players_with_no_sex_set":0,"hint":"Orphaned rows have no matching player_info document (stale player_id) and cannot be attributed to a gender. A player whose sex is \"Prefer not to say\" also will not appear in a Male vs Female chart."} 
[2026-09-23 17:59:29] local.WARNING: Admin analytics: plays skipped because the player age did not map to a bucket {"plays":39,"buckets":["0-12","13-17","18-22","23-29","30-39","40+"]} 
[2026-09-23 18:13:05] local.WARNING: Admin analytics: some player_stats rows were skipped {"orphaned_stats_rows":5,"plays_by_players_with_no_sex_set":0,"hint":"Orphaned rows have no matching player_info document (stale player_id) and cannot be attributed to a gender. A player whose sex is \"Prefer not to say\" also will not appear in a Male vs Female chart."} 
[2026-09-23 18:13:05] local.WARNING: Admin analytics: plays skipped because the player age did not map to a bucket {"plays":39,"buckets":["0-12","13-17","18-22","23-29","30-39","40+"]} 
[2026-09-23 18:18:14] local.WARNING: Admin analytics: some player_stats rows were skipped {"orphaned_stats_rows":5,"plays_by_players_with_no_sex_set":0,"hint":"Orphaned rows have no matching player_info document (stale player_id) and cannot be attributed to a gender. A player whose sex is \"Prefer not to say\" also will not appear in a Male vs Female chart."} 
[2026-09-23 18:18:14] local.WARNING: Admin analytics: plays skipped because the player age did not map to a bucket {"plays":39,"buckets":["0-12","13-17","18-22","23-29","30-39","40+"]} 
[2026-09-23 18:18:57] local.WARNING: Admin analytics: some player_stats rows were skipped {"orphaned_stats_rows":5,"plays_by_players_with_no_sex_set":0,"hint":"Orphaned rows have no matching player_info document (stale player_id) and cannot be attributed to a gender. A player whose sex is \"Prefer not to say\" also will not appear in a Male vs Female chart."} 
[2026-09-23 18:18:57] local.WARNING: Admin analytics: plays skipped because the player age did not map to a bucket {"plays":39,"buckets":["0-12","13-17","18-22","23-29","30-39","40+"]} 
[2026-09-23 19:34:56] local.INFO: Fetching questions {"category":"Math","difficulty":"Easy","year_level":"ALL"} 
[2026-09-23 19:34:56] local.INFO: Questions found {"count":1208} 
[2026-09-23 19:34:56] local.INFO: Difficulty setting applied {"difficulty":"Easy","num_questions":50} 
[2026-09-23 19:41:52] local.INFO: Fetching questions {"category":"Science","difficulty":"Easy","year_level":"ALL"} 
[2026-09-23 19:41:52] local.INFO: Questions found {"count":192} 
[2026-09-23 19:41:52] local.INFO: Difficulty setting applied {"difficulty":"Easy","num_questions":10} 
[2026-09-23 19:42:30] local.INFO: Fetching questions {"category":"Science","difficulty":"Easy","year_level":"ALL"} 
[2026-09-23 19:42:30] local.INFO: Questions found {"count":192} 
[2026-09-23 19:42:30] local.INFO: Difficulty setting applied {"difficulty":"Easy","num_questions":10} 
[2026-09-24 02:23:06] local.WARNING: Admin analytics: some player_stats rows were skipped {"orphaned_stats_rows":5,"plays_by_players_with_no_sex_set":0,"hint":"Orphaned rows have no matching player_info document (stale player_id) and cannot be attributed to a gender. A player whose sex is \"Prefer not to say\" also will not appear in a Male vs Female chart."} 
[2026-09-24 02:23:06] local.WARNING: Admin analytics: plays skipped because the player age did not map to a bucket {"plays":39,"buckets":["0-12","13-17","18-22","23-29","30-39","40+"]} 
[2026-09-24 02:55:46] local.INFO: [LB DEBUG] player_info rows loaded {"count":0,"sample_keys":[]} 
[2026-09-24 02:55:46] local.INFO: [LB DEBUG] player_badges rows loaded {"count":3,"sample":{"Illuminate\\Support\\Collection":[{"raw_player_info_id":{"$oid":"6aaa2dccc09dd0e8550cb665"},"raw_type":"MongoDB\\BSON\\ObjectId","normalized":"6aaa2dccc09dd0e8550cb665"},{"raw_player_info_id":{"$oid":"6ab23676fe20232daf001c74"},"raw_type":"MongoDB\\BSON\\ObjectId","normalized":"6ab23676fe20232daf001c74"},{"raw_player_info_id":{"$oid":"6ab21cb9fe20232daf001c72"},"raw_type":"MongoDB\\BSON\\ObjectId","normalized":"6ab21cb9fe20232daf001c72"}]}} 
[2026-09-24 02:55:48] local.INFO: [LB DEBUG] player_info rows loaded {"count":0,"sample_keys":[]} 
[2026-09-24 02:55:48] local.INFO: [LB DEBUG] player_badges rows loaded {"count":3,"sample":{"Illuminate\\Support\\Collection":[{"raw_player_info_id":{"$oid":"6aaa2dccc09dd0e8550cb665"},"raw_type":"MongoDB\\BSON\\ObjectId","normalized":"6aaa2dccc09dd0e8550cb665"},{"raw_player_info_id":{"$oid":"6ab23676fe20232daf001c74"},"raw_type":"MongoDB\\BSON\\ObjectId","normalized":"6ab23676fe20232daf001c74"},{"raw_player_info_id":{"$oid":"6ab21cb9fe20232daf001c72"},"raw_type":"MongoDB\\BSON\\ObjectId","normalized":"6ab21cb9fe20232daf001c72"}]}} 
[2026-09-24 03:02:25] local.INFO: [LB DEBUG] player_info rows loaded {"count":0,"sample_keys":[]} 
[2026-09-24 03:02:25] local.INFO: [LB DEBUG] player_badges rows loaded {"count":3,"sample":{"Illuminate\\Support\\Collection":[{"raw_player_info_id":{"$oid":"6aaa2dccc09dd0e8550cb665"},"raw_type":"MongoDB\\BSON\\ObjectId","normalized":"6aaa2dccc09dd0e8550cb665"},{"raw_player_info_id":{"$oid":"6ab23676fe20232daf001c74"},"raw_type":"MongoDB\\BSON\\ObjectId","normalized":"6ab23676fe20232daf001c74"},{"raw_player_info_id":{"$oid":"6ab21cb9fe20232daf001c72"},"raw_type":"MongoDB\\BSON\\ObjectId","normalized":"6ab21cb9fe20232daf001c72"}]}} 
[2026-09-24 03:03:19] local.INFO: [LB DEBUG] player_info rows loaded {"count":0,"sample_keys":[]} 
[2026-09-24 03:03:19] local.INFO: [LB DEBUG] player_badges rows loaded {"count":3,"sample":{"Illuminate\\Support\\Collection":[{"raw_player_info_id":{"$oid":"6aaa2dccc09dd0e8550cb665"},"raw_type":"MongoDB\\BSON\\ObjectId","normalized":"6aaa2dccc09dd0e8550cb665"},{"raw_player_info_id":{"$oid":"6ab23676fe20232daf001c74"},"raw_type":"MongoDB\\BSON\\ObjectId","normalized":"6ab23676fe20232daf001c74"},{"raw_player_info_id":{"$oid":"6ab21cb9fe20232daf001c72"},"raw_type":"MongoDB\\BSON\\ObjectId","normalized":"6ab21cb9fe20232daf001c72"}]}} 
[2026-09-24 03:03:29] local.INFO: [LB DEBUG] player_info rows loaded {"count":0,"sample_keys":[]} 
[2026-09-24 03:03:29] local.INFO: [LB DEBUG] player_badges rows loaded {"count":3,"sample":{"Illuminate\\Support\\Collection":[{"raw_player_info_id":{"$oid":"6aaa2dccc09dd0e8550cb665"},"raw_type":"MongoDB\\BSON\\ObjectId","normalized":"6aaa2dccc09dd0e8550cb665"},{"raw_player_info_id":{"$oid":"6ab23676fe20232daf001c74"},"raw_type":"MongoDB\\BSON\\ObjectId","normalized":"6ab23676fe20232daf001c74"},{"raw_player_info_id":{"$oid":"6ab21cb9fe20232daf001c72"},"raw_type":"MongoDB\\BSON\\ObjectId","normalized":"6ab21cb9fe20232daf001c72"}]}} 
[2026-09-24 03:03:42] local.INFO: [LB DEBUG] player_info rows loaded {"count":0,"sample_keys":[]} 
[2026-09-24 03:03:42] local.INFO: [LB DEBUG] player_badges rows loaded {"count":3,"sample":{"Illuminate\\Support\\Collection":[{"raw_player_info_id":{"$oid":"6aaa2dccc09dd0e8550cb665"},"raw_type":"MongoDB\\BSON\\ObjectId","normalized":"6aaa2dccc09dd0e8550cb665"},{"raw_player_info_id":{"$oid":"6ab23676fe20232daf001c74"},"raw_type":"MongoDB\\BSON\\ObjectId","normalized":"6ab23676fe20232daf001c74"},{"raw_player_info_id":{"$oid":"6ab21cb9fe20232daf001c72"},"raw_type":"MongoDB\\BSON\\ObjectId","normalized":"6ab21cb9fe20232daf001c72"}]}} 
[2026-09-24 03:05:40] local.INFO: [LB DEBUG] player_info rows loaded {"count":0,"sample_keys":[]} 
[2026-09-24 03:05:40] local.INFO: [LB DEBUG] player_badges rows loaded {"count":3,"sample":{"Illuminate\\Support\\Collection":[{"raw_player_info_id":{"$oid":"6aaa2dccc09dd0e8550cb665"},"raw_type":"MongoDB\\BSON\\ObjectId","normalized":"6aaa2dccc09dd0e8550cb665"},{"raw_player_info_id":{"$oid":"6ab23676fe20232daf001c74"},"raw_type":"MongoDB\\BSON\\ObjectId","normalized":"6ab23676fe20232daf001c74"},{"raw_player_info_id":{"$oid":"6ab21cb9fe20232daf001c72"},"raw_type":"MongoDB\\BSON\\ObjectId","normalized":"6ab21cb9fe20232daf001c72"}]}} 
[2026-09-24 03:10:32] local.WARNING: Admin analytics: some player_stats rows were skipped {"orphaned_stats_rows":5,"plays_by_players_with_no_sex_set":0,"hint":"Orphaned rows have no matching player_info document (stale player_id) and cannot be attributed to a gender. A player whose sex is \"Prefer not to say\" also will not appear in a Male vs Female chart."} 
[2026-09-24 03:10:32] local.WARNING: Admin analytics: plays skipped because the player age did not map to a bucket {"plays":39,"buckets":["0-12","13-17","18-22","23-29","30-39","40+"]} 
[2026-09-24 03:14:23] local.WARNING: Admin analytics: some player_stats rows were skipped {"orphaned_stats_rows":5,"plays_by_players_with_no_sex_set":0,"hint":"Orphaned rows have no matching player_info document (stale player_id) and cannot be attributed to a gender. A player whose sex is \"Prefer not to say\" also will not appear in a Male vs Female chart."} 
[2026-09-24 03:14:23] local.WARNING: Admin analytics: plays skipped because the player age did not map to a bucket {"plays":39,"buckets":["0-12","13-17","18-22","23-29","30-39","40+"]} 
[2026-09-24 03:17:07] local.WARNING: Admin analytics: some player_stats rows were skipped {"orphaned_stats_rows":5,"plays_by_players_with_no_sex_set":0,"hint":"Orphaned rows have no matching player_info document (stale player_id) and cannot be attributed to a gender. A player whose sex is \"Prefer not to say\" also will not appear in a Male vs Female chart."} 
[2026-09-24 03:17:07] local.WARNING: Admin analytics: plays skipped because the player age did not map to a bucket {"plays":39,"buckets":["0-12","13-17","18-22","23-29","30-39","40+"]} 
[2026-09-24 03:29:34] local.WARNING: Admin analytics: some player_stats rows were skipped {"orphaned_stats_rows":5,"plays_by_players_with_no_sex_set":0,"hint":"Orphaned rows have no matching player_info document (stale player_id) and cannot be attributed to a gender. A player whose sex is \"Prefer not to say\" also will not appear in a Male vs Female chart."} 
[2026-09-24 03:29:34] local.WARNING: Admin analytics: plays skipped because the player age did not map to a bucket {"plays":39,"buckets":["0-12","13-17","18-22","23-29","30-39","40+"]} 
[2026-09-24 03:33:37] local.WARNING: Admin analytics: some player_stats rows were skipped {"orphaned_stats_rows":5,"plays_by_players_with_no_sex_set":0,"hint":"Orphaned rows have no matching player_info document (stale player_id) and cannot be attributed to a gender. A player whose sex is \"Prefer not to say\" also will not appear in a Male vs Female chart."} 
[2026-09-24 03:33:37] local.WARNING: Admin analytics: plays skipped because the player age did not map to a bucket {"plays":39,"buckets":["0-12","13-17","18-22","23-29","30-39","40+"]} 
[2026-09-24 03:35:59] local.WARNING: Admin analytics: some player_stats rows were skipped {"orphaned_stats_rows":5,"plays_by_players_with_no_sex_set":0,"hint":"Orphaned rows have no matching player_info document (stale player_id) and cannot be attributed to a gender. A player whose sex is \"Prefer not to say\" also will not appear in a Male vs Female chart."} 
[2026-09-24 03:35:59] local.WARNING: Admin analytics: plays skipped because the player age did not map to a bucket {"plays":39,"buckets":["0-12","13-17","18-22","23-29","30-39","40+"]} 
[2026-09-24 03:37:31] local.INFO: DEBUG playerIdToSex map {"count":0,"keys":[]} 
[2026-09-24 03:37:31] local.INFO: DEBUG allStats player_ids {"count":5,"rows":[{"raw_type":"MongoDB\\BSON\\ObjectId","raw_str":"6aaa2dccc09dd0e8550cb665","normalised":"6aaa2dccc09dd0e8550cb665"},{"raw_type":"MongoDB\\BSON\\ObjectId","raw_str":"6aaa4c4981fa95c3e30f5864","normalised":"6aaa4c4981fa95c3e30f5864"},{"raw_type":"MongoDB\\BSON\\ObjectId","raw_str":"6aac05eb2690434a8006e972","normalised":"6aac05eb2690434a8006e972"},{"raw_type":"MongoDB\\BSON\\ObjectId","raw_str":"6ab21cb9fe20232daf001c72","normalised":"6ab21cb9fe20232daf001c72"},{"raw_type":"MongoDB\\BSON\\ObjectId","raw_str":"6ab23676fe20232daf001c74","normalised":"6ab23676fe20232daf001c74"}]} 
[2026-09-24 03:37:31] local.WARNING: Admin analytics: some player_stats rows were skipped {"orphaned_stats_rows":5,"plays_by_players_with_no_sex_set":0,"hint":"Orphaned rows have no matching player_info document (stale player_id) and cannot be attributed to a gender. A player whose sex is \"Prefer not to say\" also will not appear in a Male vs Female chart."} 
[2026-09-24 03:37:31] local.WARNING: Admin analytics: plays skipped because the player age did not map to a bucket {"plays":39,"buckets":["0-12","13-17","18-22","23-29","30-39","40+"]} 
[2026-09-24 03:40:51] local.WARNING: Admin analytics: some player_stats rows were skipped {"orphaned_stats_rows":0,"plays_by_players_with_no_sex_set":22,"hint":"Orphaned rows have no matching player_info document (stale player_id) and cannot be attributed to a gender. A player whose sex is \"Prefer not to say\" also will not appear in a Male vs Female chart."} 
[2026-09-24 04:10:33] local.ERROR: Target class [App\Http\Controllers\AdminController] does not exist. {"exception":"[object] (Illuminate\\Contracts\\Container\\BindingResolutionException(code: 0): Target class [App\\Http\\Controllers\\AdminController] does not exist. at C:\\laragon\\www\\api\\vendor\\laravel\\framework\\src\\Illuminate\\Container\\Container.php:1163)
[stacktrace]
#0 C:\\laragon\\www\\api\\vendor\\laravel\\framework\\src\\Illuminate\\Container\\Container.php(972): Illuminate\\Container\\Container->build('App\\\\Http\\\\Contro...')
#1 C:\\laragon\\www\\api\\vendor\\laravel\\framework\\src\\Illuminate\\Foundation\\Application.php(1078): Illuminate\\Container\\Container->resolve('App\\\\Http\\\\Contro...', Array, true)
#2 C:\\laragon\\www\\api\\vendor\\laravel\\framework\\src\\Illuminate\\Container\\Container.php(903): Illuminate\\Foundation\\Application->resolve('App\\\\Http\\\\Contro...', Array)
#3 C:\\laragon\\www\\api\\vendor\\laravel\\framework\\src\\Illuminate\\Foundation\\Application.php(1058): Illuminate\\Container\\Container->make('App\\\\Http\\\\Contro...', Array)
#4 C:\\laragon\\www\\api\\vendor\\laravel\\framework\\src\\Illuminate\\Routing\\Route.php(286): Illuminate\\Foundation\\Application->make('App\\\\Http\\\\Contro...')
#5 C:\\laragon\\www\\api\\vendor\\laravel\\framework\\src\\Illuminate\\Routing\\Route.php(266): Illuminate\\Routing\\Route->getController()
#6 C:\\laragon\\www\\api\\vendor\\laravel\\framework\\src\\Illuminate\\Routing\\Route.php(211): Illuminate\\Routing\\Route->runController()
#7 C:\\laragon\\www\\api\\vendor\\laravel\\framework\\src\\Illuminate\\Routing\\Router.php(822): Illuminate\\Routing\\Route->run()
#8 C:\\laragon\\www\\api\\vendor\\laravel\\framework\\src\\Illuminate\\Pipeline\\Pipeline.php(180): Illuminate\\Routing\\Router->Illuminate\\Routing\\{closure}(Object(Illuminate\\Http\\Request))
#9 C:\\laragon\\www\\api\\vendor\\laravel\\framework\\src\\Illuminate\\Routing\\Middleware\\SubstituteBindings.php(50): Illuminate\\Pipeline\\Pipeline->Illuminate\\Pipeline\\{closure}(Object(Illuminate\\Http\\Request))
#10 C:\\laragon\\www\\api\\vendor\\laravel\\framework\\src\\Illuminate\\Pipeline\\Pipeline.php(219): Illuminate\\Routing\\Middleware\\SubstituteBindings->handle(Object(Illuminate\\Http\\Request), Object(Closure))
#11 C:\\laragon\\www\\api\\vendor\\laravel\\framework\\src\\Illuminate\\Pipeline\\Pipeline.php(137): Illuminate\\Pipeline\\Pipeline->Illuminate\\Pipeline\\{closure}(Object(Illuminate\\Http\\Request))
#12 C:\\laragon\\www\\api\\vendor\\laravel\\framework\\src\\Illuminate\\Routing\\Router.php(821): Illuminate\\Pipeline\\Pipeline->then(Object(Closure))
#13 C:\\laragon\\www\\api\\vendor\\laravel\\framework\\src\\Illuminate\\Routing\\Router.php(800): Illuminate\\Routing\\Router->runRouteWithinStack(Object(Illuminate\\Routing\\Route), Object(Illuminate\\Http\\Request))
#14 C:\\laragon\\www\\api\\vendor\\laravel\\framework\\src\\Illuminate\\Routing\\Router.php(764): Illuminate\\Routing\\Router->runRoute(Object(Illuminate\\Http\\Request), Object(Illuminate\\Routing\\Route))
#15 C:\\laragon\\www\\api\\vendor\\laravel\\framework\\src\\Illuminate\\Routing\\Router.php(753): Illuminate\\Routing\\Router->dispatchToRoute(Object(Illuminate\\Http\\Request))
#16 C:\\laragon\\www\\api\\vendor\\laravel\\framework\\src\\Illuminate\\Foundation\\Http\\Kernel.php(200): Illuminate\\Routing\\Router->dispatch(Object(Illuminate\\Http\\Request))
#17 C:\\laragon\\www\\api\\vendor\\laravel\\framework\\src\\Illuminate\\Pipeline\\Pipeline.php(180): Illuminate\\Foundation\\Http\\Kernel->Illuminate\\Foundation\\Http\\{closure}(Object(Illuminate\\Http\\Request))
#18 C:\\laragon\\www\\api\\app\\Http\\Middleware\\HandleCors.php(20): Illuminate\\Pipeline\\Pipeline->Illuminate\\Pipeline\\{closure}(Object(Illuminate\\Http\\Request))
#19 C:\\laragon\\www\\api\\vendor\\laravel\\framework\\src\\Illuminate\\Pipeline\\Pipeline.php(219): App\\Http\\Middleware\\HandleCors->handle(Object(Illuminate\\Http\\Request), Object(Closure))
#20 C:\\laragon\\www\\api\\vendor\\laravel\\framework\\src\\Illuminate\\Foundation\\Http\\Middleware\\TransformsRequest.php(21): Illuminate\\Pipeline\\Pipeline->Illuminate\\Pipeline\\{closure}(Object(Illuminate\\Http\\Request))
#21 C:\\laragon\\www\\api\\vendor\\laravel\\framework\\src\\Illuminate\\Foundation\\Http\\Middleware\\ConvertEmptyStringsToNull.php(31): Illuminate\\Foundation\\Http\\Middleware\\TransformsRequest->handle(Object(Illuminate\\Http\\Request), Object(Closure))
#22 C:\\laragon\\www\\api\\vendor\\laravel\\framework\\src\\Illuminate\\Pipeline\\Pipeline.php(219): Illuminate\\Foundation\\Http\\Middleware\\ConvertEmptyStringsToNull->handle(Object(Illuminate\\Http\\Request), Object(Closure))
#23 C:\\laragon\\www\\api\\vendor\\laravel\\framework\\src\\Illuminate\\Foundation\\Http\\Middleware\\TransformsRequest.php(21): Illuminate\\Pipeline\\Pipeline->Illuminate\\Pipeline\\{closure}(Object(Illuminate\\Http\\Request))
#24 C:\\laragon\\www\\api\\vendor\\laravel\\framework\\src\\Illuminate\\Foundation\\Http\\Middleware\\TrimStrings.php(51): Illuminate\\Foundation\\Http\\Middleware\\TransformsRequest->handle(Object(Illuminate\\Http\\Request), Object(Closure))
#25 C:\\laragon\\www\\api\\vendor\\laravel\\framework\\src\\Illuminate\\Pipeline\\Pipeline.php(219): Illuminate\\Foundation\\Http\\Middleware\\TrimStrings->handle(Object(Illuminate\\Http\\Request), Object(Closure))
#26 C:\\laragon\\www\\api\\vendor\\laravel\\framework\\src\\Illuminate\\Http\\Middleware\\ValidatePostSize.php(27): Illuminate\\Pipeline\\Pipeline->Illuminate\\Pipeline\\{closure}(Object(Illuminate\\Http\\Request))
#27 C:\\laragon\\www\\api\\vendor\\laravel\\framework\\src\\Illuminate\\Pipeline\\Pipeline.php(219): Illuminate\\Http\\Middleware\\ValidatePostSize->handle(Object(Illuminate\\Http\\Request), Object(Closure))
#28 C:\\laragon\\www\\api\\vendor\\laravel\\framework\\src\\Illuminate\\Foundation\\Http\\Middleware\\PreventRequestsDuringMaintenance.php(109): Illuminate\\Pipeline\\Pipeline->Illuminate\\Pipeline\\{closure}(Object(Illuminate\\Http\\Request))
#29 C:\\laragon\\www\\api\\vendor\\laravel\\framework\\src\\Illuminate\\Pipeline\\Pipeline.php(219): Illuminate\\Foundation\\Http\\Middleware\\PreventRequestsDuringMaintenance->handle(Object(Illuminate\\Http\\Request), Object(Closure))
#30 C:\\laragon\\www\\api\\vendor\\laravel\\framework\\src\\Illuminate\\Http\\Middleware\\HandleCors.php(48): Illuminate\\Pipeline\\Pipeline->Illuminate\\Pipeline\\{closure}(Object(Illuminate\\Http\\Request))
#31 C:\\laragon\\www\\api\\vendor\\laravel\\framework\\src\\Illuminate\\Pipeline\\Pipeline.php(219): Illuminate\\Http\\Middleware\\HandleCors->handle(Object(Illuminate\\Http\\Request), Object(Closure))
#32 C:\\laragon\\www\\api\\vendor\\laravel\\framework\\src\\Illuminate\\Http\\Middleware\\TrustProxies.php(58): Illuminate\\Pipeline\\Pipeline->Illuminate\\Pipeline\\{closure}(Object(Illuminate\\Http\\Request))
#33 C:\\laragon\\www\\api\\vendor\\laravel\\framework\\src\\Illuminate\\Pipeline\\Pipeline.php(219): Illuminate\\Http\\Middleware\\TrustProxies->handle(Object(Illuminate\\Http\\Request), Object(Closure))
#34 C:\\laragon\\www\\api\\vendor\\laravel\\framework\\src\\Illuminate\\Foundation\\Http\\Middleware\\InvokeDeferredCallbacks.php(22): Illuminate\\Pipeline\\Pipeline->Illuminate\\Pipeline\\{closure}(Object(Illuminate\\Http\\Request))
#35 C:\\laragon\\www\\api\\vendor\\laravel\\framework\\src\\Illuminate\\Pipeline\\Pipeline.php(219): Illuminate\\Foundation\\Http\\Middleware\\InvokeDeferredCallbacks->handle(Object(Illuminate\\Http\\Request), Object(Closure))
#36 C:\\laragon\\www\\api\\vendor\\laravel\\framework\\src\\Illuminate\\Http\\Middleware\\ValidatePathEncoding.php(26): Illuminate\\Pipeline\\Pipeline->Illuminate\\Pipeline\\{closure}(Object(Illuminate\\Http\\Request))
#37 C:\\laragon\\www\\api\\vendor\\laravel\\framework\\src\\Illuminate\\Pipeline\\Pipeline.php(219): Illuminate\\Http\\Middleware\\ValidatePathEncoding->handle(Object(Illuminate\\Http\\Request), Object(Closure))
#38 C:\\laragon\\www\\api\\vendor\\laravel\\framework\\src\\Illuminate\\Pipeline\\Pipeline.php(137): Illuminate\\Pipeline\\Pipeline->Illuminate\\Pipeline\\{closure}(Object(Illuminate\\Http\\Request))
#39 C:\\laragon\\www\\api\\vendor\\laravel\\framework\\src\\Illuminate\\Foundation\\Http\\Kernel.php(175): Illuminate\\Pipeline\\Pipeline->then(Object(Closure))
#40 C:\\laragon\\www\\api\\vendor\\laravel\\framework\\src\\Illuminate\\Foundation\\Http\\Kernel.php(144): Illuminate\\Foundation\\Http\\Kernel->sendRequestThroughRouter(Object(Illuminate\\Http\\Request))
#41 C:\\laragon\\www\\api\\vendor\\laravel\\framework\\src\\Illuminate\\Foundation\\Application.php(1220): Illuminate\\Foundation\\Http\\Kernel->handle(Object(Illuminate\\Http\\Request))
#42 C:\\laragon\\www\\api\\public\\index.php(20): Illuminate\\Foundation\\Application->handleRequest(Object(Illuminate\\Http\\Request))
#43 {main}

[previous exception] [object] (ReflectionException(code: -1): Class \"App\\Http\\Controllers\\AdminController\" does not exist at C:\\laragon\\www\\api\\vendor\\laravel\\framework\\src\\Illuminate\\Container\\Container.php:1161)
[stacktrace]
#0 C:\\laragon\\www\\api\\vendor\\laravel\\framework\\src\\Illuminate\\Container\\Container.php(1161): ReflectionClass->__construct('App\\\\Http\\\\Contro...')
#1 C:\\laragon\\www\\api\\vendor\\laravel\\framework\\src\\Illuminate\\Container\\Container.php(972): Illuminate\\Container\\Container->build('App\\\\Http\\\\Contro...')
#2 C:\\laragon\\www\\api\\vendor\\laravel\\framework\\src\\Illuminate\\Foundation\\Application.php(1078): Illuminate\\Container\\Container->resolve('App\\\\Http\\\\Contro...', Array, true)
#3 C:\\laragon\\www\\api\\vendor\\laravel\\framework\\src\\Illuminate\\Container\\Container.php(903): Illuminate\\Foundation\\Application->resolve('App\\\\Http\\\\Contro...', Array)
#4 C:\\laragon\\www\\api\\vendor\\laravel\\framework\\src\\Illuminate\\Foundation\\Application.php(1058): Illuminate\\Container\\Container->make('App\\\\Http\\\\Contro...', Array)
#5 C:\\laragon\\www\\api\\vendor\\laravel\\framework\\src\\Illuminate\\Routing\\Route.php(286): Illuminate\\Foundation\\Application->make('App\\\\Http\\\\Contro...')
#6 C:\\laragon\\www\\api\\vendor\\laravel\\framework\\src\\Illuminate\\Routing\\Route.php(266): Illuminate\\Routing\\Route->getController()
#7 C:\\laragon\\www\\api\\vendor\\laravel\\framework\\src\\Illuminate\\Routing\\Route.php(211): Illuminate\\Routing\\Route->runController()
#8 C:\\laragon\\www\\api\\vendor\\laravel\\framework\\src\\Illuminate\\Routing\\Router.php(822): Illuminate\\Routing\\Route->run()
#9 C:\\laragon\\www\\api\\vendor\\laravel\\framework\\src\\Illuminate\\Pipeline\\Pipeline.php(180): Illuminate\\Routing\\Router->Illuminate\\Routing\\{closure}(Object(Illuminate\\Http\\Request))
#10 C:\\laragon\\www\\api\\vendor\\laravel\\framework\\src\\Illuminate\\Routing\\Middleware\\SubstituteBindings.php(50): Illuminate\\Pipeline\\Pipeline->Illuminate\\Pipeline\\{closure}(Object(Illuminate\\Http\\Request))
#11 C:\\laragon\\www\\api\\vendor\\laravel\\framework\\src\\Illuminate\\Pipeline\\Pipeline.php(219): Illuminate\\Routing\\Middleware\\SubstituteBindings->handle(Object(Illuminate\\Http\\Request), Object(Closure))
#12 C:\\laragon\\www\\api\\vendor\\laravel\\framework\\src\\Illuminate\\Pipeline\\Pipeline.php(137): Illuminate\\Pipeline\\Pipeline->Illuminate\\Pipeline\\{closure}(Object(Illuminate\\Http\\Request))
#13 C:\\laragon\\www\\api\\vendor\\laravel\\framework\\src\\Illuminate\\Routing\\Router.php(821): Illuminate\\Pipeline\\Pipeline->then(Object(Closure))
#14 C:\\laragon\\www\\api\\vendor\\laravel\\framework\\src\\Illuminate\\Routing\\Router.php(800): Illuminate\\Routing\\Router->runRouteWithinStack(Object(Illuminate\\Routing\\Route), Object(Illuminate\\Http\\Request))
#15 C:\\laragon\\www\\api\\vendor\\laravel\\framework\\src\\Illuminate\\Routing\\Router.php(764): Illuminate\\Routing\\Router->runRoute(Object(Illuminate\\Http\\Request), Object(Illuminate\\Routing\\Route))
#16 C:\\laragon\\www\\api\\vendor\\laravel\\framework\\src\\Illuminate\\Routing\\Router.php(753): Illuminate\\Routing\\Router->dispatchToRoute(Object(Illuminate\\Http\\Request))
#17 C:\\laragon\\www\\api\\vendor\\laravel\\framework\\src\\Illuminate\\Foundation\\Http\\Kernel.php(200): Illuminate\\Routing\\Router->dispatch(Object(Illuminate\\Http\\Request))
#18 C:\\laragon\\www\\api\\vendor\\laravel\\framework\\src\\Illuminate\\Pipeline\\Pipeline.php(180): Illuminate\\Foundation\\Http\\Kernel->Illuminate\\Foundation\\Http\\{closure}(Object(Illuminate\\Http\\Request))
#19 C:\\laragon\\www\\api\\app\\Http\\Middleware\\HandleCors.php(20): Illuminate\\Pipeline\\Pipeline->Illuminate\\Pipeline\\{closure}(Object(Illuminate\\Http\\Request))
#20 C:\\laragon\\www\\api\\vendor\\laravel\\framework\\src\\Illuminate\\Pipeline\\Pipeline.php(219): App\\Http\\Middleware\\HandleCors->handle(Object(Illuminate\\Http\\Request), Object(Closure))
#21 C:\\laragon\\www\\api\\vendor\\laravel\\framework\\src\\Illuminate\\Foundation\\Http\\Middleware\\TransformsRequest.php(21): Illuminate\\Pipeline\\Pipeline->Illuminate\\Pipeline\\{closure}(Object(Illuminate\\Http\\Request))
#22 C:\\laragon\\www\\api\\vendor\\laravel\\framework\\src\\Illuminate\\Foundation\\Http\\Middleware\\ConvertEmptyStringsToNull.php(31): Illuminate\\Foundation\\Http\\Middleware\\TransformsRequest->handle(Object(Illuminate\\Http\\Request), Object(Closure))
#23 C:\\laragon\\www\\api\\vendor\\laravel\\framework\\src\\Illuminate\\Pipeline\\Pipeline.php(219): Illuminate\\Foundation\\Http\\Middleware\\ConvertEmptyStringsToNull->handle(Object(Illuminate\\Http\\Request), Object(Closure))
#24 C:\\laragon\\www\\api\\vendor\\laravel\\framework\\src\\Illuminate\\Foundation\\Http\\Middleware\\TransformsRequest.php(21): Illuminate\\Pipeline\\Pipeline->Illuminate\\Pipeline\\{closure}(Object(Illuminate\\Http\\Request))
#25 C:\\laragon\\www\\api\\vendor\\laravel\\framework\\src\\Illuminate\\Foundation\\Http\\Middleware\\TrimStrings.php(51): Illuminate\\Foundation\\Http\\Middleware\\TransformsRequest->handle(Object(Illuminate\\Http\\Request), Object(Closure))
#26 C:\\laragon\\www\\api\\vendor\\laravel\\framework\\src\\Illuminate\\Pipeline\\Pipeline.php(219): Illuminate\\Foundation\\Http\\Middleware\\TrimStrings->handle(Object(Illuminate\\Http\\Request), Object(Closure))
#27 C:\\laragon\\www\\api\\vendor\\laravel\\framework\\src\\Illuminate\\Http\\Middleware\\ValidatePostSize.php(27): Illuminate\\Pipeline\\Pipeline->Illuminate\\Pipeline\\{closure}(Object(Illuminate\\Http\\Request))
#28 C:\\laragon\\www\\api\\vendor\\laravel\\framework\\src\\Illuminate\\Pipeline\\Pipeline.php(219): Illuminate\\Http\\Middleware\\ValidatePostSize->handle(Object(Illuminate\\Http\\Request), Object(Closure))
#29 C:\\laragon\\www\\api\\vendor\\laravel\\framework\\src\\Illuminate\\Foundation\\Http\\Middleware\\PreventRequestsDuringMaintenance.php(109): Illuminate\\Pipeline\\Pipeline->Illuminate\\Pipeline\\{closure}(Object(Illuminate\\Http\\Request))
#30 C:\\laragon\\www\\api\\vendor\\laravel\\framework\\src\\Illuminate\\Pipeline\\Pipeline.php(219): Illuminate\\Foundation\\Http\\Middleware\\PreventRequestsDuringMaintenance->handle(Object(Illuminate\\Http\\Request), Object(Closure))
#31 C:\\laragon\\www\\api\\vendor\\laravel\\framework\\src\\Illuminate\\Http\\Middleware\\HandleCors.php(48): Illuminate\\Pipeline\\Pipeline->Illuminate\\Pipeline\\{closure}(Object(Illuminate\\Http\\Request))
#32 C:\\laragon\\www\\api\\vendor\\laravel\\framework\\src\\Illuminate\\Pipeline\\Pipeline.php(219): Illuminate\\Http\\Middleware\\HandleCors->handle(Object(Illuminate\\Http\\Request), Object(Closure))
#33 C:\\laragon\\www\\api\\vendor\\laravel\\framework\\src\\Illuminate\\Http\\Middleware\\TrustProxies.php(58): Illuminate\\Pipeline\\Pipeline->Illuminate\\Pipeline\\{closure}(Object(Illuminate\\Http\\Request))
#34 C:\\laragon\\www\\api\\vendor\\laravel\\framework\\src\\Illuminate\\Pipeline\\Pipeline.php(219): Illuminate\\Http\\Middleware\\TrustProxies->handle(Object(Illuminate\\Http\\Request), Object(Closure))
#35 C:\\laragon\\www\\api\\vendor\\laravel\\framework\\src\\Illuminate\\Foundation\\Http\\Middleware\\InvokeDeferredCallbacks.php(22): Illuminate\\Pipeline\\Pipeline->Illuminate\\Pipeline\\{closure}(Object(Illuminate\\Http\\Request))
#36 C:\\laragon\\www\\api\\vendor\\laravel\\framework\\src\\Illuminate\\Pipeline\\Pipeline.php(219): Illuminate\\Foundation\\Http\\Middleware\\InvokeDeferredCallbacks->handle(Object(Illuminate\\Http\\Request), Object(Closure))
#37 C:\\laragon\\www\\api\\vendor\\laravel\\framework\\src\\Illuminate\\Http\\Middleware\\ValidatePathEncoding.php(26): Illuminate\\Pipeline\\Pipeline->Illuminate\\Pipeline\\{closure}(Object(Illuminate\\Http\\Request))
#38 C:\\laragon\\www\\api\\vendor\\laravel\\framework\\src\\Illuminate\\Pipeline\\Pipeline.php(219): Illuminate\\Http\\Middleware\\ValidatePathEncoding->handle(Object(Illuminate\\Http\\Request), Object(Closure))
#39 C:\\laragon\\www\\api\\vendor\\laravel\\framework\\src\\Illuminate\\Pipeline\\Pipeline.php(137): Illuminate\\Pipeline\\Pipeline->Illuminate\\Pipeline\\{closure}(Object(Illuminate\\Http\\Request))
#40 C:\\laragon\\www\\api\\vendor\\laravel\\framework\\src\\Illuminate\\Foundation\\Http\\Kernel.php(175): Illuminate\\Pipeline\\Pipeline->then(Object(Closure))
#41 C:\\laragon\\www\\api\\vendor\\laravel\\framework\\src\\Illuminate\\Foundation\\Http\\Kernel.php(144): Illuminate\\Foundation\\Http\\Kernel->sendRequestThroughRouter(Object(Illuminate\\Http\\Request))
#42 C:\\laragon\\www\\api\\vendor\\laravel\\framework\\src\\Illuminate\\Foundation\\Application.php(1220): Illuminate\\Foundation\\Http\\Kernel->handle(Object(Illuminate\\Http\\Request))
#43 C:\\laragon\\www\\api\\public\\index.php(20): Illuminate\\Foundation\\Application->handleRequest(Object(Illuminate\\Http\\Request))
#44 {main}
"} 
[2026-09-24 04:10:47] local.ERROR: Target class [App\Http\Controllers\AdminController] does not exist. {"exception":"[object] (Illuminate\\Contracts\\Container\\BindingResolutionException(code: 0): Target class [App\\Http\\Controllers\\AdminController] does not exist. at C:\\laragon\\www\\api\\vendor\\laravel\\framework\\src\\Illuminate\\Container\\Container.php:1163)
[stacktrace]
#0 C:\\laragon\\www\\api\\vendor\\laravel\\framework\\src\\Illuminate\\Container\\Container.php(972): Illuminate\\Container\\Container->build('App\\\\Http\\\\Contro...')
#1 C:\\laragon\\www\\api\\vendor\\laravel\\framework\\src\\Illuminate\\Foundation\\Application.php(1078): Illuminate\\Container\\Container->resolve('App\\\\Http\\\\Contro...', Array, true)
#2 C:\\laragon\\www\\api\\vendor\\laravel\\framework\\src\\Illuminate\\Container\\Container.php(903): Illuminate\\Foundation\\Application->resolve('App\\\\Http\\\\Contro...', Array)
#3 C:\\laragon\\www\\api\\vendor\\laravel\\framework\\src\\Illuminate\\Foundation\\Application.php(1058): Illuminate\\Container\\Container->make('App\\\\Http\\\\Contro...', Array)
#4 C:\\laragon\\www\\api\\vendor\\laravel\\framework\\src\\Illuminate\\Routing\\Route.php(286): Illuminate\\Foundation\\Application->make('App\\\\Http\\\\Contro...')
#5 C:\\laragon\\www\\api\\vendor\\laravel\\framework\\src\\Illuminate\\Routing\\Route.php(266): Illuminate\\Routing\\Route->getController()
#6 C:\\laragon\\www\\api\\vendor\\laravel\\framework\\src\\Illuminate\\Routing\\Route.php(211): Illuminate\\Routing\\Route->runController()
#7 C:\\laragon\\www\\api\\vendor\\laravel\\framework\\src\\Illuminate\\Routing\\Router.php(822): Illuminate\\Routing\\Route->run()
#8 C:\\laragon\\www\\api\\vendor\\laravel\\framework\\src\\Illuminate\\Pipeline\\Pipeline.php(180): Illuminate\\Routing\\Router->Illuminate\\Routing\\{closure}(Object(Illuminate\\Http\\Request))
#9 C:\\laragon\\www\\api\\vendor\\laravel\\framework\\src\\Illuminate\\Routing\\Middleware\\SubstituteBindings.php(50): Illuminate\\Pipeline\\Pipeline->Illuminate\\Pipeline\\{closure}(Object(Illuminate\\Http\\Request))
#10 C:\\laragon\\www\\api\\vendor\\laravel\\framework\\src\\Illuminate\\Pipeline\\Pipeline.php(219): Illuminate\\Routing\\Middleware\\SubstituteBindings->handle(Object(Illuminate\\Http\\Request), Object(Closure))
#11 C:\\laragon\\www\\api\\vendor\\laravel\\framework\\src\\Illuminate\\Pipeline\\Pipeline.php(137): Illuminate\\Pipeline\\Pipeline->Illuminate\\Pipeline\\{closure}(Object(Illuminate\\Http\\Request))
#12 C:\\laragon\\www\\api\\vendor\\laravel\\framework\\src\\Illuminate\\Routing\\Router.php(821): Illuminate\\Pipeline\\Pipeline->then(Object(Closure))
#13 C:\\laragon\\www\\api\\vendor\\laravel\\framework\\src\\Illuminate\\Routing\\Router.php(800): Illuminate\\Routing\\Router->runRouteWithinStack(Object(Illuminate\\Routing\\Route), Object(Illuminate\\Http\\Request))
#14 C:\\laragon\\www\\api\\vendor\\laravel\\framework\\src\\Illuminate\\Routing\\Router.php(764): Illuminate\\Routing\\Router->runRoute(Object(Illuminate\\Http\\Request), Object(Illuminate\\Routing\\Route))
#15 C:\\laragon\\www\\api\\vendor\\laravel\\framework\\src\\Illuminate\\Routing\\Router.php(753): Illuminate\\Routing\\Router->dispatchToRoute(Object(Illuminate\\Http\\Request))
#16 C:\\laragon\\www\\api\\vendor\\laravel\\framework\\src\\Illuminate\\Foundation\\Http\\Kernel.php(200): Illuminate\\Routing\\Router->dispatch(Object(Illuminate\\Http\\Request))
#17 C:\\laragon\\www\\api\\vendor\\laravel\\framework\\src\\Illuminate\\Pipeline\\Pipeline.php(180): Illuminate\\Foundation\\Http\\Kernel->Illuminate\\Foundation\\Http\\{closure}(Object(Illuminate\\Http\\Request))
#18 C:\\laragon\\www\\api\\app\\Http\\Middleware\\HandleCors.php(20): Illuminate\\Pipeline\\Pipeline->Illuminate\\Pipeline\\{closure}(Object(Illuminate\\Http\\Request))
#19 C:\\laragon\\www\\api\\vendor\\laravel\\framework\\src\\Illuminate\\Pipeline\\Pipeline.php(219): App\\Http\\Middleware\\HandleCors->handle(Object(Illuminate\\Http\\Request), Object(Closure))
#20 C:\\laragon\\www\\api\\vendor\\laravel\\framework\\src\\Illuminate\\Foundation\\Http\\Middleware\\TransformsRequest.php(21): Illuminate\\Pipeline\\Pipeline->Illuminate\\Pipeline\\{closure}(Object(Illuminate\\Http\\Request))
#21 C:\\laragon\\www\\api\\vendor\\laravel\\framework\\src\\Illuminate\\Foundation\\Http\\Middleware\\ConvertEmptyStringsToNull.php(31): Illuminate\\Foundation\\Http\\Middleware\\TransformsRequest->handle(Object(Illuminate\\Http\\Request), Object(Closure))
#22 C:\\laragon\\www\\api\\vendor\\laravel\\framework\\src\\Illuminate\\Pipeline\\Pipeline.php(219): Illuminate\\Foundation\\Http\\Middleware\\ConvertEmptyStringsToNull->handle(Object(Illuminate\\Http\\Request), Object(Closure))
#23 C:\\laragon\\www\\api\\vendor\\laravel\\framework\\src\\Illuminate\\Foundation\\Http\\Middleware\\TransformsRequest.php(21): Illuminate\\Pipeline\\Pipeline->Illuminate\\Pipeline\\{closure}(Object(Illuminate\\Http\\Request))
#24 C:\\laragon\\www\\api\\vendor\\laravel\\framework\\src\\Illuminate\\Foundation\\Http\\Middleware\\TrimStrings.php(51): Illuminate\\Foundation\\Http\\Middleware\\TransformsRequest->handle(Object(Illuminate\\Http\\Request), Object(Closure))
#25 C:\\laragon\\www\\api\\vendor\\laravel\\framework\\src\\Illuminate\\Pipeline\\Pipeline.php(219): Illuminate\\Foundation\\Http\\Middleware\\TrimStrings->handle(Object(Illuminate\\Http\\Request), Object(Closure))
#26 C:\\laragon\\www\\api\\vendor\\laravel\\framework\\src\\Illuminate\\Http\\Middleware\\ValidatePostSize.php(27): Illuminate\\Pipeline\\Pipeline->Illuminate\\Pipeline\\{closure}(Object(Illuminate\\Http\\Request))
#27 C:\\laragon\\www\\api\\vendor\\laravel\\framework\\src\\Illuminate\\Pipeline\\Pipeline.php(219): Illuminate\\Http\\Middleware\\ValidatePostSize->handle(Object(Illuminate\\Http\\Request), Object(Closure))
#28 C:\\laragon\\www\\api\\vendor\\laravel\\framework\\src\\Illuminate\\Foundation\\Http\\Middleware\\PreventRequestsDuringMaintenance.php(109): Illuminate\\Pipeline\\Pipeline->Illuminate\\Pipeline\\{closure}(Object(Illuminate\\Http\\Request))
#29 C:\\laragon\\www\\api\\vendor\\laravel\\framework\\src\\Illuminate\\Pipeline\\Pipeline.php(219): Illuminate\\Foundation\\Http\\Middleware\\PreventRequestsDuringMaintenance->handle(Object(Illuminate\\Http\\Request), Object(Closure))
#30 C:\\laragon\\www\\api\\vendor\\laravel\\framework\\src\\Illuminate\\Http\\Middleware\\HandleCors.php(48): Illuminate\\Pipeline\\Pipeline->Illuminate\\Pipeline\\{closure}(Object(Illuminate\\Http\\Request))
#31 C:\\laragon\\www\\api\\vendor\\laravel\\framework\\src\\Illuminate\\Pipeline\\Pipeline.php(219): Illuminate\\Http\\Middleware\\HandleCors->handle(Object(Illuminate\\Http\\Request), Object(Closure))
#32 C:\\laragon\\www\\api\\vendor\\laravel\\framework\\src\\Illuminate\\Http\\Middleware\\TrustProxies.php(58): Illuminate\\Pipeline\\Pipeline->Illuminate\\Pipeline\\{closure}(Object(Illuminate\\Http\\Request))
#33 C:\\laragon\\www\\api\\vendor\\laravel\\framework\\src\\Illuminate\\Pipeline\\Pipeline.php(219): Illuminate\\Http\\Middleware\\TrustProxies->handle(Object(Illuminate\\Http\\Request), Object(Closure))
#34 C:\\laragon\\www\\api\\vendor\\laravel\\framework\\src\\Illuminate\\Foundation\\Http\\Middleware\\InvokeDeferredCallbacks.php(22): Illuminate\\Pipeline\\Pipeline->Illuminate\\Pipeline\\{closure}(Object(Illuminate\\Http\\Request))
#35 C:\\laragon\\www\\api\\vendor\\laravel\\framework\\src\\Illuminate\\Pipeline\\Pipeline.php(219): Illuminate\\Foundation\\Http\\Middleware\\InvokeDeferredCallbacks->handle(Object(Illuminate\\Http\\Request), Object(Closure))
#36 C:\\laragon\\www\\api\\vendor\\laravel\\framework\\src\\Illuminate\\Http\\Middleware\\ValidatePathEncoding.php(26): Illuminate\\Pipeline\\Pipeline->Illuminate\\Pipeline\\{closure}(Object(Illuminate\\Http\\Request))
#37 C:\\laragon\\www\\api\\vendor\\laravel\\framework\\src\\Illuminate\\Pipeline\\Pipeline.php(219): Illuminate\\Http\\Middleware\\ValidatePathEncoding->handle(Object(Illuminate\\Http\\Request), Object(Closure))
#38 C:\\laragon\\www\\api\\vendor\\laravel\\framework\\src\\Illuminate\\Pipeline\\Pipeline.php(137): Illuminate\\Pipeline\\Pipeline->Illuminate\\Pipeline\\{closure}(Object(Illuminate\\Http\\Request))
#39 C:\\laragon\\www\\api\\vendor\\laravel\\framework\\src\\Illuminate\\Foundation\\Http\\Kernel.php(175): Illuminate\\Pipeline\\Pipeline->then(Object(Closure))
#40 C:\\laragon\\www\\api\\vendor\\laravel\\framework\\src\\Illuminate\\Foundation\\Http\\Kernel.php(144): Illuminate\\Foundation\\Http\\Kernel->sendRequestThroughRouter(Object(Illuminate\\Http\\Request))
#41 C:\\laragon\\www\\api\\vendor\\laravel\\framework\\src\\Illuminate\\Foundation\\Application.php(1220): Illuminate\\Foundation\\Http\\Kernel->handle(Object(Illuminate\\Http\\Request))
#42 C:\\laragon\\www\\api\\public\\index.php(20): Illuminate\\Foundation\\Application->handleRequest(Object(Illuminate\\Http\\Request))
#43 {main}

[previous exception] [object] (ReflectionException(code: -1): Class \"App\\Http\\Controllers\\AdminController\" does not exist at C:\\laragon\\www\\api\\vendor\\laravel\\framework\\src\\Illuminate\\Container\\Container.php:1161)
[stacktrace]
#0 C:\\laragon\\www\\api\\vendor\\laravel\\framework\\src\\Illuminate\\Container\\Container.php(1161): ReflectionClass->__construct('App\\\\Http\\\\Contro...')
#1 C:\\laragon\\www\\api\\vendor\\laravel\\framework\\src\\Illuminate\\Container\\Container.php(972): Illuminate\\Container\\Container->build('App\\\\Http\\\\Contro...')
#2 C:\\laragon\\www\\api\\vendor\\laravel\\framework\\src\\Illuminate\\Foundation\\Application.php(1078): Illuminate\\Container\\Container->resolve('App\\\\Http\\\\Contro...', Array, true)
#3 C:\\laragon\\www\\api\\vendor\\laravel\\framework\\src\\Illuminate\\Container\\Container.php(903): Illuminate\\Foundation\\Application->resolve('App\\\\Http\\\\Contro...', Array)
#4 C:\\laragon\\www\\api\\vendor\\laravel\\framework\\src\\Illuminate\\Foundation\\Application.php(1058): Illuminate\\Container\\Container->make('App\\\\Http\\\\Contro...', Array)
#5 C:\\laragon\\www\\api\\vendor\\laravel\\framework\\src\\Illuminate\\Routing\\Route.php(286): Illuminate\\Foundation\\Application->make('App\\\\Http\\\\Contro...')
#6 C:\\laragon\\www\\api\\vendor\\laravel\\framework\\src\\Illuminate\\Routing\\Route.php(266): Illuminate\\Routing\\Route->getController()
#7 C:\\laragon\\www\\api\\vendor\\laravel\\framework\\src\\Illuminate\\Routing\\Route.php(211): Illuminate\\Routing\\Route->runController()
#8 C:\\laragon\\www\\api\\vendor\\laravel\\framework\\src\\Illuminate\\Routing\\Router.php(822): Illuminate\\Routing\\Route->run()
#9 C:\\laragon\\www\\api\\vendor\\laravel\\framework\\src\\Illuminate\\Pipeline\\Pipeline.php(180): Illuminate\\Routing\\Router->Illuminate\\Routing\\{closure}(Object(Illuminate\\Http\\Request))
#10 C:\\laragon\\www\\api\\vendor\\laravel\\framework\\src\\Illuminate\\Routing\\Middleware\\SubstituteBindings.php(50): Illuminate\\Pipeline\\Pipeline->Illuminate\\Pipeline\\{closure}(Object(Illuminate\\Http\\Request))
#11 C:\\laragon\\www\\api\\vendor\\laravel\\framework\\src\\Illuminate\\Pipeline\\Pipeline.php(219): Illuminate\\Routing\\Middleware\\SubstituteBindings->handle(Object(Illuminate\\Http\\Request), Object(Closure))
#12 C:\\laragon\\www\\api\\vendor\\laravel\\framework\\src\\Illuminate\\Pipeline\\Pipeline.php(137): Illuminate\\Pipeline\\Pipeline->Illuminate\\Pipeline\\{closure}(Object(Illuminate\\Http\\Request))
#13 C:\\laragon\\www\\api\\vendor\\laravel\\framework\\src\\Illuminate\\Routing\\Router.php(821): Illuminate\\Pipeline\\Pipeline->then(Object(Closure))
#14 C:\\laragon\\www\\api\\vendor\\laravel\\framework\\src\\Illuminate\\Routing\\Router.php(800): Illuminate\\Routing\\Router->runRouteWithinStack(Object(Illuminate\\Routing\\Route), Object(Illuminate\\Http\\Request))
#15 C:\\laragon\\www\\api\\vendor\\laravel\\framework\\src\\Illuminate\\Routing\\Router.php(764): Illuminate\\Routing\\Router->runRoute(Object(Illuminate\\Http\\Request), Object(Illuminate\\Routing\\Route))
#16 C:\\laragon\\www\\api\\vendor\\laravel\\framework\\src\\Illuminate\\Routing\\Router.php(753): Illuminate\\Routing\\Router->dispatchToRoute(Object(Illuminate\\Http\\Request))
#17 C:\\laragon\\www\\api\\vendor\\laravel\\framework\\src\\Illuminate\\Foundation\\Http\\Kernel.php(200): Illuminate\\Routing\\Router->dispatch(Object(Illuminate\\Http\\Request))
#18 C:\\laragon\\www\\api\\vendor\\laravel\\framework\\src\\Illuminate\\Pipeline\\Pipeline.php(180): Illuminate\\Foundation\\Http\\Kernel->Illuminate\\Foundation\\Http\\{closure}(Object(Illuminate\\Http\\Request))
#19 C:\\laragon\\www\\api\\app\\Http\\Middleware\\HandleCors.php(20): Illuminate\\Pipeline\\Pipeline->Illuminate\\Pipeline\\{closure}(Object(Illuminate\\Http\\Request))
#20 C:\\laragon\\www\\api\\vendor\\laravel\\framework\\src\\Illuminate\\Pipeline\\Pipeline.php(219): App\\Http\\Middleware\\HandleCors->handle(Object(Illuminate\\Http\\Request), Object(Closure))
#21 C:\\laragon\\www\\api\\vendor\\laravel\\framework\\src\\Illuminate\\Foundation\\Http\\Middleware\\TransformsRequest.php(21): Illuminate\\Pipeline\\Pipeline->Illuminate\\Pipeline\\{closure}(Object(Illuminate\\Http\\Request))
#22 C:\\laragon\\www\\api\\vendor\\laravel\\framework\\src\\Illuminate\\Foundation\\Http\\Middleware\\ConvertEmptyStringsToNull.php(31): Illuminate\\Foundation\\Http\\Middleware\\TransformsRequest->handle(Object(Illuminate\\Http\\Request), Object(Closure))
#23 C:\\laragon\\www\\api\\vendor\\laravel\\framework\\src\\Illuminate\\Pipeline\\Pipeline.php(219): Illuminate\\Foundation\\Http\\Middleware\\ConvertEmptyStringsToNull->handle(Object(Illuminate\\Http\\Request), Object(Closure))
#24 C:\\laragon\\www\\api\\vendor\\laravel\\framework\\src\\Illuminate\\Foundation\\Http\\Middleware\\TransformsRequest.php(21): Illuminate\\Pipeline\\Pipeline->Illuminate\\Pipeline\\{closure}(Object(Illuminate\\Http\\Request))
#25 C:\\laragon\\www\\api\\vendor\\laravel\\framework\\src\\Illuminate\\Foundation\\Http\\Middleware\\TrimStrings.php(51): Illuminate\\Foundation\\Http\\Middleware\\TransformsRequest->handle(Object(Illuminate\\Http\\Request), Object(Closure))
#26 C:\\laragon\\www\\api\\vendor\\laravel\\framework\\src\\Illuminate\\Pipeline\\Pipeline.php(219): Illuminate\\Foundation\\Http\\Middleware\\TrimStrings->handle(Object(Illuminate\\Http\\Request), Object(Closure))
#27 C:\\laragon\\www\\api\\vendor\\laravel\\framework\\src\\Illuminate\\Http\\Middleware\\ValidatePostSize.php(27): Illuminate\\Pipeline\\Pipeline->Illuminate\\Pipeline\\{closure}(Object(Illuminate\\Http\\Request))
#28 C:\\laragon\\www\\api\\vendor\\laravel\\framework\\src\\Illuminate\\Pipeline\\Pipeline.php(219): Illuminate\\Http\\Middleware\\ValidatePostSize->handle(Object(Illuminate\\Http\\Request), Object(Closure))
#29 C:\\laragon\\www\\api\\vendor\\laravel\\framework\\src\\Illuminate\\Foundation\\Http\\Middleware\\PreventRequestsDuringMaintenance.php(109): Illuminate\\Pipeline\\Pipeline->Illuminate\\Pipeline\\{closure}(Object(Illuminate\\Http\\Request))
#30 C:\\laragon\\www\\api\\vendor\\laravel\\framework\\src\\Illuminate\\Pipeline\\Pipeline.php(219): Illuminate\\Foundation\\Http\\Middleware\\PreventRequestsDuringMaintenance->handle(Object(Illuminate\\Http\\Request), Object(Closure))
#31 C:\\laragon\\www\\api\\vendor\\laravel\\framework\\src\\Illuminate\\Http\\Middleware\\HandleCors.php(48): Illuminate\\Pipeline\\Pipeline->Illuminate\\Pipeline\\{closure}(Object(Illuminate\\Http\\Request))
#32 C:\\laragon\\www\\api\\vendor\\laravel\\framework\\src\\Illuminate\\Pipeline\\Pipeline.php(219): Illuminate\\Http\\Middleware\\HandleCors->handle(Object(Illuminate\\Http\\Request), Object(Closure))
#33 C:\\laragon\\www\\api\\vendor\\laravel\\framework\\src\\Illuminate\\Http\\Middleware\\TrustProxies.php(58): Illuminate\\Pipeline\\Pipeline->Illuminate\\Pipeline\\{closure}(Object(Illuminate\\Http\\Request))
#34 C:\\laragon\\www\\api\\vendor\\laravel\\framework\\src\\Illuminate\\Pipeline\\Pipeline.php(219): Illuminate\\Http\\Middleware\\TrustProxies->handle(Object(Illuminate\\Http\\Request), Object(Closure))
#35 C:\\laragon\\www\\api\\vendor\\laravel\\framework\\src\\Illuminate\\Foundation\\Http\\Middleware\\InvokeDeferredCallbacks.php(22): Illuminate\\Pipeline\\Pipeline->Illuminate\\Pipeline\\{closure}(Object(Illuminate\\Http\\Request))
#36 C:\\laragon\\www\\api\\vendor\\laravel\\framework\\src\\Illuminate\\Pipeline\\Pipeline.php(219): Illuminate\\Foundation\\Http\\Middleware\\InvokeDeferredCallbacks->handle(Object(Illuminate\\Http\\Request), Object(Closure))
#37 C:\\laragon\\www\\api\\vendor\\laravel\\framework\\src\\Illuminate\\Http\\Middleware\\ValidatePathEncoding.php(26): Illuminate\\Pipeline\\Pipeline->Illuminate\\Pipeline\\{closure}(Object(Illuminate\\Http\\Request))
#38 C:\\laragon\\www\\api\\vendor\\laravel\\framework\\src\\Illuminate\\Pipeline\\Pipeline.php(219): Illuminate\\Http\\Middleware\\ValidatePathEncoding->handle(Object(Illuminate\\Http\\Request), Object(Closure))
#39 C:\\laragon\\www\\api\\vendor\\laravel\\framework\\src\\Illuminate\\Pipeline\\Pipeline.php(137): Illuminate\\Pipeline\\Pipeline->Illuminate\\Pipeline\\{closure}(Object(Illuminate\\Http\\Request))
#40 C:\\laragon\\www\\api\\vendor\\laravel\\framework\\src\\Illuminate\\Foundation\\Http\\Kernel.php(175): Illuminate\\Pipeline\\Pipeline->then(Object(Closure))
#41 C:\\laragon\\www\\api\\vendor\\laravel\\framework\\src\\Illuminate\\Foundation\\Http\\Kernel.php(144): Illuminate\\Foundation\\Http\\Kernel->sendRequestThroughRouter(Object(Illuminate\\Http\\Request))
#42 C:\\laragon\\www\\api\\vendor\\laravel\\framework\\src\\Illuminate\\Foundation\\Application.php(1220): Illuminate\\Foundation\\Http\\Kernel->handle(Object(Illuminate\\Http\\Request))
#43 C:\\laragon\\www\\api\\public\\index.php(20): Illuminate\\Foundation\\Application->handleRequest(Object(Illuminate\\Http\\Request))
#44 {main}
"} 
[2026-09-24 04:11:09] local.ERROR: Target class [App\Http\Controllers\AdminController] does not exist. {"exception":"[object] (Illuminate\\Contracts\\Container\\BindingResolutionException(code: 0): Target class [App\\Http\\Controllers\\AdminController] does not exist. at C:\\laragon\\www\\api\\vendor\\laravel\\framework\\src\\Illuminate\\Container\\Container.php:1163)
[stacktrace]
#0 C:\\laragon\\www\\api\\vendor\\laravel\\framework\\src\\Illuminate\\Container\\Container.php(972): Illuminate\\Container\\Container->build('App\\\\Http\\\\Contro...')
#1 C:\\laragon\\www\\api\\vendor\\laravel\\framework\\src\\Illuminate\\Foundation\\Application.php(1078): Illuminate\\Container\\Container->resolve('App\\\\Http\\\\Contro...', Array, true)
#2 C:\\laragon\\www\\api\\vendor\\laravel\\framework\\src\\Illuminate\\Container\\Container.php(903): Illuminate\\Foundation\\Application->resolve('App\\\\Http\\\\Contro...', Array)
#3 C:\\laragon\\www\\api\\vendor\\laravel\\framework\\src\\Illuminate\\Foundation\\Application.php(1058): Illuminate\\Container\\Container->make('App\\\\Http\\\\Contro...', Array)
#4 C:\\laragon\\www\\api\\vendor\\laravel\\framework\\src\\Illuminate\\Routing\\Route.php(286): Illuminate\\Foundation\\Application->make('App\\\\Http\\\\Contro...')
#5 C:\\laragon\\www\\api\\vendor\\laravel\\framework\\src\\Illuminate\\Routing\\Route.php(266): Illuminate\\Routing\\Route->getController()
#6 C:\\laragon\\www\\api\\vendor\\laravel\\framework\\src\\Illuminate\\Routing\\Route.php(211): Illuminate\\Routing\\Route->runController()
#7 C:\\laragon\\www\\api\\vendor\\laravel\\framework\\src\\Illuminate\\Routing\\Router.php(822): Illuminate\\Routing\\Route->run()
#8 C:\\laragon\\www\\api\\vendor\\laravel\\framework\\src\\Illuminate\\Pipeline\\Pipeline.php(180): Illuminate\\Routing\\Router->Illuminate\\Routing\\{closure}(Object(Illuminate\\Http\\Request))
#9 C:\\laragon\\www\\api\\vendor\\laravel\\framework\\src\\Illuminate\\Routing\\Middleware\\SubstituteBindings.php(50): Illuminate\\Pipeline\\Pipeline->Illuminate\\Pipeline\\{closure}(Object(Illuminate\\Http\\Request))
#10 C:\\laragon\\www\\api\\vendor\\laravel\\framework\\src\\Illuminate\\Pipeline\\Pipeline.php(219): Illuminate\\Routing\\Middleware\\SubstituteBindings->handle(Object(Illuminate\\Http\\Request), Object(Closure))
#11 C:\\laragon\\www\\api\\vendor\\laravel\\framework\\src\\Illuminate\\Pipeline\\Pipeline.php(137): Illuminate\\Pipeline\\Pipeline->Illuminate\\Pipeline\\{closure}(Object(Illuminate\\Http\\Request))
#12 C:\\laragon\\www\\api\\vendor\\laravel\\framework\\src\\Illuminate\\Routing\\Router.php(821): Illuminate\\Pipeline\\Pipeline->then(Object(Closure))
#13 C:\\laragon\\www\\api\\vendor\\laravel\\framework\\src\\Illuminate\\Routing\\Router.php(800): Illuminate\\Routing\\Router->runRouteWithinStack(Object(Illuminate\\Routing\\Route), Object(Illuminate\\Http\\Request))
#14 C:\\laragon\\www\\api\\vendor\\laravel\\framework\\src\\Illuminate\\Routing\\Router.php(764): Illuminate\\Routing\\Router->runRoute(Object(Illuminate\\Http\\Request), Object(Illuminate\\Routing\\Route))
#15 C:\\laragon\\www\\api\\vendor\\laravel\\framework\\src\\Illuminate\\Routing\\Router.php(753): Illuminate\\Routing\\Router->dispatchToRoute(Object(Illuminate\\Http\\Request))
#16 C:\\laragon\\www\\api\\vendor\\laravel\\framework\\src\\Illuminate\\Foundation\\Http\\Kernel.php(200): Illuminate\\Routing\\Router->dispatch(Object(Illuminate\\Http\\Request))
#17 C:\\laragon\\www\\api\\vendor\\laravel\\framework\\src\\Illuminate\\Pipeline\\Pipeline.php(180): Illuminate\\Foundation\\Http\\Kernel->Illuminate\\Foundation\\Http\\{closure}(Object(Illuminate\\Http\\Request))
#18 C:\\laragon\\www\\api\\app\\Http\\Middleware\\HandleCors.php(20): Illuminate\\Pipeline\\Pipeline->Illuminate\\Pipeline\\{closure}(Object(Illuminate\\Http\\Request))
#19 C:\\laragon\\www\\api\\vendor\\laravel\\framework\\src\\Illuminate\\Pipeline\\Pipeline.php(219): App\\Http\\Middleware\\HandleCors->handle(Object(Illuminate\\Http\\Request), Object(Closure))
#20 C:\\laragon\\www\\api\\vendor\\laravel\\framework\\src\\Illuminate\\Foundation\\Http\\Middleware\\TransformsRequest.php(21): Illuminate\\Pipeline\\Pipeline->Illuminate\\Pipeline\\{closure}(Object(Illuminate\\Http\\Request))
#21 C:\\laragon\\www\\api\\vendor\\laravel\\framework\\src\\Illuminate\\Foundation\\Http\\Middleware\\ConvertEmptyStringsToNull.php(31): Illuminate\\Foundation\\Http\\Middleware\\TransformsRequest->handle(Object(Illuminate\\Http\\Request), Object(Closure))
#22 C:\\laragon\\www\\api\\vendor\\laravel\\framework\\src\\Illuminate\\Pipeline\\Pipeline.php(219): Illuminate\\Foundation\\Http\\Middleware\\ConvertEmptyStringsToNull->handle(Object(Illuminate\\Http\\Request), Object(Closure))
#23 C:\\laragon\\www\\api\\vendor\\laravel\\framework\\src\\Illuminate\\Foundation\\Http\\Middleware\\TransformsRequest.php(21): Illuminate\\Pipeline\\Pipeline->Illuminate\\Pipeline\\{closure}(Object(Illuminate\\Http\\Request))
#24 C:\\laragon\\www\\api\\vendor\\laravel\\framework\\src\\Illuminate\\Foundation\\Http\\Middleware\\TrimStrings.php(51): Illuminate\\Foundation\\Http\\Middleware\\TransformsRequest->handle(Object(Illuminate\\Http\\Request), Object(Closure))
#25 C:\\laragon\\www\\api\\vendor\\laravel\\framework\\src\\Illuminate\\Pipeline\\Pipeline.php(219): Illuminate\\Foundation\\Http\\Middleware\\TrimStrings->handle(Object(Illuminate\\Http\\Request), Object(Closure))
#26 C:\\laragon\\www\\api\\vendor\\laravel\\framework\\src\\Illuminate\\Http\\Middleware\\ValidatePostSize.php(27): Illuminate\\Pipeline\\Pipeline->Illuminate\\Pipeline\\{closure}(Object(Illuminate\\Http\\Request))
#27 C:\\laragon\\www\\api\\vendor\\laravel\\framework\\src\\Illuminate\\Pipeline\\Pipeline.php(219): Illuminate\\Http\\Middleware\\ValidatePostSize->handle(Object(Illuminate\\Http\\Request), Object(Closure))
#28 C:\\laragon\\www\\api\\vendor\\laravel\\framework\\src\\Illuminate\\Foundation\\Http\\Middleware\\PreventRequestsDuringMaintenance.php(109): Illuminate\\Pipeline\\Pipeline->Illuminate\\Pipeline\\{closure}(Object(Illuminate\\Http\\Request))
#29 C:\\laragon\\www\\api\\vendor\\laravel\\framework\\src\\Illuminate\\Pipeline\\Pipeline.php(219): Illuminate\\Foundation\\Http\\Middleware\\PreventRequestsDuringMaintenance->handle(Object(Illuminate\\Http\\Request), Object(Closure))
#30 C:\\laragon\\www\\api\\vendor\\laravel\\framework\\src\\Illuminate\\Http\\Middleware\\HandleCors.php(48): Illuminate\\Pipeline\\Pipeline->Illuminate\\Pipeline\\{closure}(Object(Illuminate\\Http\\Request))
#31 C:\\laragon\\www\\api\\vendor\\laravel\\framework\\src\\Illuminate\\Pipeline\\Pipeline.php(219): Illuminate\\Http\\Middleware\\HandleCors->handle(Object(Illuminate\\Http\\Request), Object(Closure))
#32 C:\\laragon\\www\\api\\vendor\\laravel\\framework\\src\\Illuminate\\Http\\Middleware\\TrustProxies.php(58): Illuminate\\Pipeline\\Pipeline->Illuminate\\Pipeline\\{closure}(Object(Illuminate\\Http\\Request))
#33 C:\\laragon\\www\\api\\vendor\\laravel\\framework\\src\\Illuminate\\Pipeline\\Pipeline.php(219): Illuminate\\Http\\Middleware\\TrustProxies->handle(Object(Illuminate\\Http\\Request), Object(Closure))
#34 C:\\laragon\\www\\api\\vendor\\laravel\\framework\\src\\Illuminate\\Foundation\\Http\\Middleware\\InvokeDeferredCallbacks.php(22): Illuminate\\Pipeline\\Pipeline->Illuminate\\Pipeline\\{closure}(Object(Illuminate\\Http\\Request))
#35 C:\\laragon\\www\\api\\vendor\\laravel\\framework\\src\\Illuminate\\Pipeline\\Pipeline.php(219): Illuminate\\Foundation\\Http\\Middleware\\InvokeDeferredCallbacks->handle(Object(Illuminate\\Http\\Request), Object(Closure))
#36 C:\\laragon\\www\\api\\vendor\\laravel\\framework\\src\\Illuminate\\Http\\Middleware\\ValidatePathEncoding.php(26): Illuminate\\Pipeline\\Pipeline->Illuminate\\Pipeline\\{closure}(Object(Illuminate\\Http\\Request))
#37 C:\\laragon\\www\\api\\vendor\\laravel\\framework\\src\\Illuminate\\Pipeline\\Pipeline.php(219): Illuminate\\Http\\Middleware\\ValidatePathEncoding->handle(Object(Illuminate\\Http\\Request), Object(Closure))
#38 C:\\laragon\\www\\api\\vendor\\laravel\\framework\\src\\Illuminate\\Pipeline\\Pipeline.php(137): Illuminate\\Pipeline\\Pipeline->Illuminate\\Pipeline\\{closure}(Object(Illuminate\\Http\\Request))
#39 C:\\laragon\\www\\api\\vendor\\laravel\\framework\\src\\Illuminate\\Foundation\\Http\\Kernel.php(175): Illuminate\\Pipeline\\Pipeline->then(Object(Closure))
#40 C:\\laragon\\www\\api\\vendor\\laravel\\framework\\src\\Illuminate\\Foundation\\Http\\Kernel.php(144): Illuminate\\Foundation\\Http\\Kernel->sendRequestThroughRouter(Object(Illuminate\\Http\\Request))
#41 C:\\laragon\\www\\api\\vendor\\laravel\\framework\\src\\Illuminate\\Foundation\\Application.php(1220): Illuminate\\Foundation\\Http\\Kernel->handle(Object(Illuminate\\Http\\Request))
#42 C:\\laragon\\www\\api\\public\\index.php(20): Illuminate\\Foundation\\Application->handleRequest(Object(Illuminate\\Http\\Request))
#43 {main}

[previous exception] [object] (ReflectionException(code: -1): Class \"App\\Http\\Controllers\\AdminController\" does not exist at C:\\laragon\\www\\api\\vendor\\laravel\\framework\\src\\Illuminate\\Container\\Container.php:1161)
[stacktrace]
#0 C:\\laragon\\www\\api\\vendor\\laravel\\framework\\src\\Illuminate\\Container\\Container.php(1161): ReflectionClass->__construct('App\\\\Http\\\\Contro...')
#1 C:\\laragon\\www\\api\\vendor\\laravel\\framework\\src\\Illuminate\\Container\\Container.php(972): Illuminate\\Container\\Container->build('App\\\\Http\\\\Contro...')
#2 C:\\laragon\\www\\api\\vendor\\laravel\\framework\\src\\Illuminate\\Foundation\\Application.php(1078): Illuminate\\Container\\Container->resolve('App\\\\Http\\\\Contro...', Array, true)
#3 C:\\laragon\\www\\api\\vendor\\laravel\\framework\\src\\Illuminate\\Container\\Container.php(903): Illuminate\\Foundation\\Application->resolve('App\\\\Http\\\\Contro...', Array)
#4 C:\\laragon\\www\\api\\vendor\\laravel\\framework\\src\\Illuminate\\Foundation\\Application.php(1058): Illuminate\\Container\\Container->make('App\\\\Http\\\\Contro...', Array)
#5 C:\\laragon\\www\\api\\vendor\\laravel\\framework\\src\\Illuminate\\Routing\\Route.php(286): Illuminate\\Foundation\\Application->make('App\\\\Http\\\\Contro...')
#6 C:\\laragon\\www\\api\\vendor\\laravel\\framework\\src\\Illuminate\\Routing\\Route.php(266): Illuminate\\Routing\\Route->getController()
#7 C:\\laragon\\www\\api\\vendor\\laravel\\framework\\src\\Illuminate\\Routing\\Route.php(211): Illuminate\\Routing\\Route->runController()
#8 C:\\laragon\\www\\api\\vendor\\laravel\\framework\\src\\Illuminate\\Routing\\Router.php(822): Illuminate\\Routing\\Route->run()
#9 C:\\laragon\\www\\api\\vendor\\laravel\\framework\\src\\Illuminate\\Pipeline\\Pipeline.php(180): Illuminate\\Routing\\Router->Illuminate\\Routing\\{closure}(Object(Illuminate\\Http\\Request))
#10 C:\\laragon\\www\\api\\vendor\\laravel\\framework\\src\\Illuminate\\Routing\\Middleware\\SubstituteBindings.php(50): Illuminate\\Pipeline\\Pipeline->Illuminate\\Pipeline\\{closure}(Object(Illuminate\\Http\\Request))
#11 C:\\laragon\\www\\api\\vendor\\laravel\\framework\\src\\Illuminate\\Pipeline\\Pipeline.php(219): Illuminate\\Routing\\Middleware\\SubstituteBindings->handle(Object(Illuminate\\Http\\Request), Object(Closure))
#12 C:\\laragon\\www\\api\\vendor\\laravel\\framework\\src\\Illuminate\\Pipeline\\Pipeline.php(137): Illuminate\\Pipeline\\Pipeline->Illuminate\\Pipeline\\{closure}(Object(Illuminate\\Http\\Request))
#13 C:\\laragon\\www\\api\\vendor\\laravel\\framework\\src\\Illuminate\\Routing\\Router.php(821): Illuminate\\Pipeline\\Pipeline->then(Object(Closure))
#14 C:\\laragon\\www\\api\\vendor\\laravel\\framework\\src\\Illuminate\\Routing\\Router.php(800): Illuminate\\Routing\\Router->runRouteWithinStack(Object(Illuminate\\Routing\\Route), Object(Illuminate\\Http\\Request))
#15 C:\\laragon\\www\\api\\vendor\\laravel\\framework\\src\\Illuminate\\Routing\\Router.php(764): Illuminate\\Routing\\Router->runRoute(Object(Illuminate\\Http\\Request), Object(Illuminate\\Routing\\Route))
#16 C:\\laragon\\www\\api\\vendor\\laravel\\framework\\src\\Illuminate\\Routing\\Router.php(753): Illuminate\\Routing\\Router->dispatchToRoute(Object(Illuminate\\Http\\Request))
#17 C:\\laragon\\www\\api\\vendor\\laravel\\framework\\src\\Illuminate\\Foundation\\Http\\Kernel.php(200): Illuminate\\Routing\\Router->dispatch(Object(Illuminate\\Http\\Request))
#18 C:\\laragon\\www\\api\\vendor\\laravel\\framework\\src\\Illuminate\\Pipeline\\Pipeline.php(180): Illuminate\\Foundation\\Http\\Kernel->Illuminate\\Foundation\\Http\\{closure}(Object(Illuminate\\Http\\Request))
#19 C:\\laragon\\www\\api\\app\\Http\\Middleware\\HandleCors.php(20): Illuminate\\Pipeline\\Pipeline->Illuminate\\Pipeline\\{closure}(Object(Illuminate\\Http\\Request))
#20 C:\\laragon\\www\\api\\vendor\\laravel\\framework\\src\\Illuminate\\Pipeline\\Pipeline.php(219): App\\Http\\Middleware\\HandleCors->handle(Object(Illuminate\\Http\\Request), Object(Closure))
#21 C:\\laragon\\www\\api\\vendor\\laravel\\framework\\src\\Illuminate\\Foundation\\Http\\Middleware\\TransformsRequest.php(21): Illuminate\\Pipeline\\Pipeline->Illuminate\\Pipeline\\{closure}(Object(Illuminate\\Http\\Request))
#22 C:\\laragon\\www\\api\\vendor\\laravel\\framework\\src\\Illuminate\\Foundation\\Http\\Middleware\\ConvertEmptyStringsToNull.php(31): Illuminate\\Foundation\\Http\\Middleware\\TransformsRequest->handle(Object(Illuminate\\Http\\Request), Object(Closure))
#23 C:\\laragon\\www\\api\\vendor\\laravel\\framework\\src\\Illuminate\\Pipeline\\Pipeline.php(219): Illuminate\\Foundation\\Http\\Middleware\\ConvertEmptyStringsToNull->handle(Object(Illuminate\\Http\\Request), Object(Closure))
#24 C:\\laragon\\www\\api\\vendor\\laravel\\framework\\src\\Illuminate\\Foundation\\Http\\Middleware\\TransformsRequest.php(21): Illuminate\\Pipeline\\Pipeline->Illuminate\\Pipeline\\{closure}(Object(Illuminate\\Http\\Request))
#25 C:\\laragon\\www\\api\\vendor\\laravel\\framework\\src\\Illuminate\\Foundation\\Http\\Middleware\\TrimStrings.php(51): Illuminate\\Foundation\\Http\\Middleware\\TransformsRequest->handle(Object(Illuminate\\Http\\Request), Object(Closure))
#26 C:\\laragon\\www\\api\\vendor\\laravel\\framework\\src\\Illuminate\\Pipeline\\Pipeline.php(219): Illuminate\\Foundation\\Http\\Middleware\\TrimStrings->handle(Object(Illuminate\\Http\\Request), Object(Closure))
#27 C:\\laragon\\www\\api\\vendor\\laravel\\framework\\src\\Illuminate\\Http\\Middleware\\ValidatePostSize.php(27): Illuminate\\Pipeline\\Pipeline->Illuminate\\Pipeline\\{closure}(Object(Illuminate\\Http\\Request))
#28 C:\\laragon\\www\\api\\vendor\\laravel\\framework\\src\\Illuminate\\Pipeline\\Pipeline.php(219): Illuminate\\Http\\Middleware\\ValidatePostSize->handle(Object(Illuminate\\Http\\Request), Object(Closure))
#29 C:\\laragon\\www\\api\\vendor\\laravel\\framework\\src\\Illuminate\\Foundation\\Http\\Middleware\\PreventRequestsDuringMaintenance.php(109): Illuminate\\Pipeline\\Pipeline->Illuminate\\Pipeline\\{closure}(Object(Illuminate\\Http\\Request))
#30 C:\\laragon\\www\\api\\vendor\\laravel\\framework\\src\\Illuminate\\Pipeline\\Pipeline.php(219): Illuminate\\Foundation\\Http\\Middleware\\PreventRequestsDuringMaintenance->handle(Object(Illuminate\\Http\\Request), Object(Closure))
#31 C:\\laragon\\www\\api\\vendor\\laravel\\framework\\src\\Illuminate\\Http\\Middleware\\HandleCors.php(48): Illuminate\\Pipeline\\Pipeline->Illuminate\\Pipeline\\{closure}(Object(Illuminate\\Http\\Request))
#32 C:\\laragon\\www\\api\\vendor\\laravel\\framework\\src\\Illuminate\\Pipeline\\Pipeline.php(219): Illuminate\\Http\\Middleware\\HandleCors->handle(Object(Illuminate\\Http\\Request), Object(Closure))
#33 C:\\laragon\\www\\api\\vendor\\laravel\\framework\\src\\Illuminate\\Http\\Middleware\\TrustProxies.php(58): Illuminate\\Pipeline\\Pipeline->Illuminate\\Pipeline\\{closure}(Object(Illuminate\\Http\\Request))
#34 C:\\laragon\\www\\api\\vendor\\laravel\\framework\\src\\Illuminate\\Pipeline\\Pipeline.php(219): Illuminate\\Http\\Middleware\\TrustProxies->handle(Object(Illuminate\\Http\\Request), Object(Closure))
#35 C:\\laragon\\www\\api\\vendor\\laravel\\framework\\src\\Illuminate\\Foundation\\Http\\Middleware\\InvokeDeferredCallbacks.php(22): Illuminate\\Pipeline\\Pipeline->Illuminate\\Pipeline\\{closure}(Object(Illuminate\\Http\\Request))
#36 C:\\laragon\\www\\api\\vendor\\laravel\\framework\\src\\Illuminate\\Pipeline\\Pipeline.php(219): Illuminate\\Foundation\\Http\\Middleware\\InvokeDeferredCallbacks->handle(Object(Illuminate\\Http\\Request), Object(Closure))
#37 C:\\laragon\\www\\api\\vendor\\laravel\\framework\\src\\Illuminate\\Http\\Middleware\\ValidatePathEncoding.php(26): Illuminate\\Pipeline\\Pipeline->Illuminate\\Pipeline\\{closure}(Object(Illuminate\\Http\\Request))
#38 C:\\laragon\\www\\api\\vendor\\laravel\\framework\\src\\Illuminate\\Pipeline\\Pipeline.php(219): Illuminate\\Http\\Middleware\\ValidatePathEncoding->handle(Object(Illuminate\\Http\\Request), Object(Closure))
#39 C:\\laragon\\www\\api\\vendor\\laravel\\framework\\src\\Illuminate\\Pipeline\\Pipeline.php(137): Illuminate\\Pipeline\\Pipeline->Illuminate\\Pipeline\\{closure}(Object(Illuminate\\Http\\Request))
#40 C:\\laragon\\www\\api\\vendor\\laravel\\framework\\src\\Illuminate\\Foundation\\Http\\Kernel.php(175): Illuminate\\Pipeline\\Pipeline->then(Object(Closure))
#41 C:\\laragon\\www\\api\\vendor\\laravel\\framework\\src\\Illuminate\\Foundation\\Http\\Kernel.php(144): Illuminate\\Foundation\\Http\\Kernel->sendRequestThroughRouter(Object(Illuminate\\Http\\Request))
#42 C:\\laragon\\www\\api\\vendor\\laravel\\framework\\src\\Illuminate\\Foundation\\Application.php(1220): Illuminate\\Foundation\\Http\\Kernel->handle(Object(Illuminate\\Http\\Request))
#43 C:\\laragon\\www\\api\\public\\index.php(20): Illuminate\\Foundation\\Application->handleRequest(Object(Illuminate\\Http\\Request))
#44 {main}
"} 
[2026-09-24 04:12:46] local.WARNING: Admin analytics: some player_stats rows were skipped {"orphaned_stats_rows":0,"plays_by_players_with_no_sex_set":22,"hint":"Orphaned rows have no matching player_info document (stale player_id) and cannot be attributed to a gender. A player whose sex is \"Prefer not to say\" also will not appear in a Male vs Female chart."} 
[2026-09-24 04:17:05] local.ERROR: Target class [App\Http\Controllers\AdminController] does not exist. {"exception":"[object] (Illuminate\\Contracts\\Container\\BindingResolutionException(code: 0): Target class [App\\Http\\Controllers\\AdminController] does not exist. at C:\\laragon\\www\\api\\vendor\\laravel\\framework\\src\\Illuminate\\Container\\Container.php:1163)
[stacktrace]
#0 C:\\laragon\\www\\api\\vendor\\laravel\\framework\\src\\Illuminate\\Container\\Container.php(972): Illuminate\\Container\\Container->build('App\\\\Http\\\\Contro...')
#1 C:\\laragon\\www\\api\\vendor\\laravel\\framework\\src\\Illuminate\\Foundation\\Application.php(1078): Illuminate\\Container\\Container->resolve('App\\\\Http\\\\Contro...', Array, true)
#2 C:\\laragon\\www\\api\\vendor\\laravel\\framework\\src\\Illuminate\\Container\\Container.php(903): Illuminate\\Foundation\\Application->resolve('App\\\\Http\\\\Contro...', Array)
#3 C:\\laragon\\www\\api\\vendor\\laravel\\framework\\src\\Illuminate\\Foundation\\Application.php(1058): Illuminate\\Container\\Container->make('App\\\\Http\\\\Contro...', Array)
#4 C:\\laragon\\www\\api\\vendor\\laravel\\framework\\src\\Illuminate\\Routing\\Route.php(286): Illuminate\\Foundation\\Application->make('App\\\\Http\\\\Contro...')
#5 C:\\laragon\\www\\api\\vendor\\laravel\\framework\\src\\Illuminate\\Routing\\Route.php(266): Illuminate\\Routing\\Route->getController()
#6 C:\\laragon\\www\\api\\vendor\\laravel\\framework\\src\\Illuminate\\Routing\\Route.php(211): Illuminate\\Routing\\Route->runController()
#7 C:\\laragon\\www\\api\\vendor\\laravel\\framework\\src\\Illuminate\\Routing\\Router.php(822): Illuminate\\Routing\\Route->run()
#8 C:\\laragon\\www\\api\\vendor\\laravel\\framework\\src\\Illuminate\\Pipeline\\Pipeline.php(180): Illuminate\\Routing\\Router->Illuminate\\Routing\\{closure}(Object(Illuminate\\Http\\Request))
#9 C:\\laragon\\www\\api\\vendor\\laravel\\framework\\src\\Illuminate\\Routing\\Middleware\\SubstituteBindings.php(50): Illuminate\\Pipeline\\Pipeline->Illuminate\\Pipeline\\{closure}(Object(Illuminate\\Http\\Request))
#10 C:\\laragon\\www\\api\\vendor\\laravel\\framework\\src\\Illuminate\\Pipeline\\Pipeline.php(219): Illuminate\\Routing\\Middleware\\SubstituteBindings->handle(Object(Illuminate\\Http\\Request), Object(Closure))
#11 C:\\laragon\\www\\api\\vendor\\laravel\\framework\\src\\Illuminate\\Pipeline\\Pipeline.php(137): Illuminate\\Pipeline\\Pipeline->Illuminate\\Pipeline\\{closure}(Object(Illuminate\\Http\\Request))
#12 C:\\laragon\\www\\api\\vendor\\laravel\\framework\\src\\Illuminate\\Routing\\Router.php(821): Illuminate\\Pipeline\\Pipeline->then(Object(Closure))
#13 C:\\laragon\\www\\api\\vendor\\laravel\\framework\\src\\Illuminate\\Routing\\Router.php(800): Illuminate\\Routing\\Router->runRouteWithinStack(Object(Illuminate\\Routing\\Route), Object(Illuminate\\Http\\Request))
#14 C:\\laragon\\www\\api\\vendor\\laravel\\framework\\src\\Illuminate\\Routing\\Router.php(764): Illuminate\\Routing\\Router->runRoute(Object(Illuminate\\Http\\Request), Object(Illuminate\\Routing\\Route))
#15 C:\\laragon\\www\\api\\vendor\\laravel\\framework\\src\\Illuminate\\Routing\\Router.php(753): Illuminate\\Routing\\Router->dispatchToRoute(Object(Illuminate\\Http\\Request))
#16 C:\\laragon\\www\\api\\vendor\\laravel\\framework\\src\\Illuminate\\Foundation\\Http\\Kernel.php(200): Illuminate\\Routing\\Router->dispatch(Object(Illuminate\\Http\\Request))
#17 C:\\laragon\\www\\api\\vendor\\laravel\\framework\\src\\Illuminate\\Pipeline\\Pipeline.php(180): Illuminate\\Foundation\\Http\\Kernel->Illuminate\\Foundation\\Http\\{closure}(Object(Illuminate\\Http\\Request))
#18 C:\\laragon\\www\\api\\app\\Http\\Middleware\\HandleCors.php(20): Illuminate\\Pipeline\\Pipeline->Illuminate\\Pipeline\\{closure}(Object(Illuminate\\Http\\Request))
#19 C:\\laragon\\www\\api\\vendor\\laravel\\framework\\src\\Illuminate\\Pipeline\\Pipeline.php(219): App\\Http\\Middleware\\HandleCors->handle(Object(Illuminate\\Http\\Request), Object(Closure))
#20 C:\\laragon\\www\\api\\vendor\\laravel\\framework\\src\\Illuminate\\Foundation\\Http\\Middleware\\TransformsRequest.php(21): Illuminate\\Pipeline\\Pipeline->Illuminate\\Pipeline\\{closure}(Object(Illuminate\\Http\\Request))
#21 C:\\laragon\\www\\api\\vendor\\laravel\\framework\\src\\Illuminate\\Foundation\\Http\\Middleware\\ConvertEmptyStringsToNull.php(31): Illuminate\\Foundation\\Http\\Middleware\\TransformsRequest->handle(Object(Illuminate\\Http\\Request), Object(Closure))
#22 C:\\laragon\\www\\api\\vendor\\laravel\\framework\\src\\Illuminate\\Pipeline\\Pipeline.php(219): Illuminate\\Foundation\\Http\\Middleware\\ConvertEmptyStringsToNull->handle(Object(Illuminate\\Http\\Request), Object(Closure))
#23 C:\\laragon\\www\\api\\vendor\\laravel\\framework\\src\\Illuminate\\Foundation\\Http\\Middleware\\TransformsRequest.php(21): Illuminate\\Pipeline\\Pipeline->Illuminate\\Pipeline\\{closure}(Object(Illuminate\\Http\\Request))
#24 C:\\laragon\\www\\api\\vendor\\laravel\\framework\\src\\Illuminate\\Foundation\\Http\\Middleware\\TrimStrings.php(51): Illuminate\\Foundation\\Http\\Middleware\\TransformsRequest->handle(Object(Illuminate\\Http\\Request), Object(Closure))
#25 C:\\laragon\\www\\api\\vendor\\laravel\\framework\\src\\Illuminate\\Pipeline\\Pipeline.php(219): Illuminate\\Foundation\\Http\\Middleware\\TrimStrings->handle(Object(Illuminate\\Http\\Request), Object(Closure))
#26 C:\\laragon\\www\\api\\vendor\\laravel\\framework\\src\\Illuminate\\Http\\Middleware\\ValidatePostSize.php(27): Illuminate\\Pipeline\\Pipeline->Illuminate\\Pipeline\\{closure}(Object(Illuminate\\Http\\Request))
#27 C:\\laragon\\www\\api\\vendor\\laravel\\framework\\src\\Illuminate\\Pipeline\\Pipeline.php(219): Illuminate\\Http\\Middleware\\ValidatePostSize->handle(Object(Illuminate\\Http\\Request), Object(Closure))
#28 C:\\laragon\\www\\api\\vendor\\laravel\\framework\\src\\Illuminate\\Foundation\\Http\\Middleware\\PreventRequestsDuringMaintenance.php(109): Illuminate\\Pipeline\\Pipeline->Illuminate\\Pipeline\\{closure}(Object(Illuminate\\Http\\Request))
#29 C:\\laragon\\www\\api\\vendor\\laravel\\framework\\src\\Illuminate\\Pipeline\\Pipeline.php(219): Illuminate\\Foundation\\Http\\Middleware\\PreventRequestsDuringMaintenance->handle(Object(Illuminate\\Http\\Request), Object(Closure))
#30 C:\\laragon\\www\\api\\vendor\\laravel\\framework\\src\\Illuminate\\Http\\Middleware\\HandleCors.php(48): Illuminate\\Pipeline\\Pipeline->Illuminate\\Pipeline\\{closure}(Object(Illuminate\\Http\\Request))
#31 C:\\laragon\\www\\api\\vendor\\laravel\\framework\\src\\Illuminate\\Pipeline\\Pipeline.php(219): Illuminate\\Http\\Middleware\\HandleCors->handle(Object(Illuminate\\Http\\Request), Object(Closure))
#32 C:\\laragon\\www\\api\\vendor\\laravel\\framework\\src\\Illuminate\\Http\\Middleware\\TrustProxies.php(58): Illuminate\\Pipeline\\Pipeline->Illuminate\\Pipeline\\{closure}(Object(Illuminate\\Http\\Request))
#33 C:\\laragon\\www\\api\\vendor\\laravel\\framework\\src\\Illuminate\\Pipeline\\Pipeline.php(219): Illuminate\\Http\\Middleware\\TrustProxies->handle(Object(Illuminate\\Http\\Request), Object(Closure))
#34 C:\\laragon\\www\\api\\vendor\\laravel\\framework\\src\\Illuminate\\Foundation\\Http\\Middleware\\InvokeDeferredCallbacks.php(22): Illuminate\\Pipeline\\Pipeline->Illuminate\\Pipeline\\{closure}(Object(Illuminate\\Http\\Request))
#35 C:\\laragon\\www\\api\\vendor\\laravel\\framework\\src\\Illuminate\\Pipeline\\Pipeline.php(219): Illuminate\\Foundation\\Http\\Middleware\\InvokeDeferredCallbacks->handle(Object(Illuminate\\Http\\Request), Object(Closure))
#36 C:\\laragon\\www\\api\\vendor\\laravel\\framework\\src\\Illuminate\\Http\\Middleware\\ValidatePathEncoding.php(26): Illuminate\\Pipeline\\Pipeline->Illuminate\\Pipeline\\{closure}(Object(Illuminate\\Http\\Request))
#37 C:\\laragon\\www\\api\\vendor\\laravel\\framework\\src\\Illuminate\\Pipeline\\Pipeline.php(219): Illuminate\\Http\\Middleware\\ValidatePathEncoding->handle(Object(Illuminate\\Http\\Request), Object(Closure))
#38 C:\\laragon\\www\\api\\vendor\\laravel\\framework\\src\\Illuminate\\Pipeline\\Pipeline.php(137): Illuminate\\Pipeline\\Pipeline->Illuminate\\Pipeline\\{closure}(Object(Illuminate\\Http\\Request))
#39 C:\\laragon\\www\\api\\vendor\\laravel\\framework\\src\\Illuminate\\Foundation\\Http\\Kernel.php(175): Illuminate\\Pipeline\\Pipeline->then(Object(Closure))
#40 C:\\laragon\\www\\api\\vendor\\laravel\\framework\\src\\Illuminate\\Foundation\\Http\\Kernel.php(144): Illuminate\\Foundation\\Http\\Kernel->sendRequestThroughRouter(Object(Illuminate\\Http\\Request))
#41 C:\\laragon\\www\\api\\vendor\\laravel\\framework\\src\\Illuminate\\Foundation\\Application.php(1220): Illuminate\\Foundation\\Http\\Kernel->handle(Object(Illuminate\\Http\\Request))
#42 C:\\laragon\\www\\api\\public\\index.php(20): Illuminate\\Foundation\\Application->handleRequest(Object(Illuminate\\Http\\Request))
#43 {main}

[previous exception] [object] (ReflectionException(code: -1): Class \"App\\Http\\Controllers\\AdminController\" does not exist at C:\\laragon\\www\\api\\vendor\\laravel\\framework\\src\\Illuminate\\Container\\Container.php:1161)
[stacktrace]
#0 C:\\laragon\\www\\api\\vendor\\laravel\\framework\\src\\Illuminate\\Container\\Container.php(1161): ReflectionClass->__construct('App\\\\Http\\\\Contro...')
#1 C:\\laragon\\www\\api\\vendor\\laravel\\framework\\src\\Illuminate\\Container\\Container.php(972): Illuminate\\Container\\Container->build('App\\\\Http\\\\Contro...')
#2 C:\\laragon\\www\\api\\vendor\\laravel\\framework\\src\\Illuminate\\Foundation\\Application.php(1078): Illuminate\\Container\\Container->resolve('App\\\\Http\\\\Contro...', Array, true)
#3 C:\\laragon\\www\\api\\vendor\\laravel\\framework\\src\\Illuminate\\Container\\Container.php(903): Illuminate\\Foundation\\Application->resolve('App\\\\Http\\\\Contro...', Array)
#4 C:\\laragon\\www\\api\\vendor\\laravel\\framework\\src\\Illuminate\\Foundation\\Application.php(1058): Illuminate\\Container\\Container->make('App\\\\Http\\\\Contro...', Array)
#5 C:\\laragon\\www\\api\\vendor\\laravel\\framework\\src\\Illuminate\\Routing\\Route.php(286): Illuminate\\Foundation\\Application->make('App\\\\Http\\\\Contro...')
#6 C:\\laragon\\www\\api\\vendor\\laravel\\framework\\src\\Illuminate\\Routing\\Route.php(266): Illuminate\\Routing\\Route->getController()
#7 C:\\laragon\\www\\api\\vendor\\laravel\\framework\\src\\Illuminate\\Routing\\Route.php(211): Illuminate\\Routing\\Route->runController()
#8 C:\\laragon\\www\\api\\vendor\\laravel\\framework\\src\\Illuminate\\Routing\\Router.php(822): Illuminate\\Routing\\Route->run()
#9 C:\\laragon\\www\\api\\vendor\\laravel\\framework\\src\\Illuminate\\Pipeline\\Pipeline.php(180): Illuminate\\Routing\\Router->Illuminate\\Routing\\{closure}(Object(Illuminate\\Http\\Request))
#10 C:\\laragon\\www\\api\\vendor\\laravel\\framework\\src\\Illuminate\\Routing\\Middleware\\SubstituteBindings.php(50): Illuminate\\Pipeline\\Pipeline->Illuminate\\Pipeline\\{closure}(Object(Illuminate\\Http\\Request))
#11 C:\\laragon\\www\\api\\vendor\\laravel\\framework\\src\\Illuminate\\Pipeline\\Pipeline.php(219): Illuminate\\Routing\\Middleware\\SubstituteBindings->handle(Object(Illuminate\\Http\\Request), Object(Closure))
#12 C:\\laragon\\www\\api\\vendor\\laravel\\framework\\src\\Illuminate\\Pipeline\\Pipeline.php(137): Illuminate\\Pipeline\\Pipeline->Illuminate\\Pipeline\\{closure}(Object(Illuminate\\Http\\Request))
#13 C:\\laragon\\www\\api\\vendor\\laravel\\framework\\src\\Illuminate\\Routing\\Router.php(821): Illuminate\\Pipeline\\Pipeline->then(Object(Closure))
#14 C:\\laragon\\www\\api\\vendor\\laravel\\framework\\src\\Illuminate\\Routing\\Router.php(800): Illuminate\\Routing\\Router->runRouteWithinStack(Object(Illuminate\\Routing\\Route), Object(Illuminate\\Http\\Request))
#15 C:\\laragon\\www\\api\\vendor\\laravel\\framework\\src\\Illuminate\\Routing\\Router.php(764): Illuminate\\Routing\\Router->runRoute(Object(Illuminate\\Http\\Request), Object(Illuminate\\Routing\\Route))
#16 C:\\laragon\\www\\api\\vendor\\laravel\\framework\\src\\Illuminate\\Routing\\Router.php(753): Illuminate\\Routing\\Router->dispatchToRoute(Object(Illuminate\\Http\\Request))
#17 C:\\laragon\\www\\api\\vendor\\laravel\\framework\\src\\Illuminate\\Foundation\\Http\\Kernel.php(200): Illuminate\\Routing\\Router->dispatch(Object(Illuminate\\Http\\Request))
#18 C:\\laragon\\www\\api\\vendor\\laravel\\framework\\src\\Illuminate\\Pipeline\\Pipeline.php(180): Illuminate\\Foundation\\Http\\Kernel->Illuminate\\Foundation\\Http\\{closure}(Object(Illuminate\\Http\\Request))
#19 C:\\laragon\\www\\api\\app\\Http\\Middleware\\HandleCors.php(20): Illuminate\\Pipeline\\Pipeline->Illuminate\\Pipeline\\{closure}(Object(Illuminate\\Http\\Request))
#20 C:\\laragon\\www\\api\\vendor\\laravel\\framework\\src\\Illuminate\\Pipeline\\Pipeline.php(219): App\\Http\\Middleware\\HandleCors->handle(Object(Illuminate\\Http\\Request), Object(Closure))
#21 C:\\laragon\\www\\api\\vendor\\laravel\\framework\\src\\Illuminate\\Foundation\\Http\\Middleware\\TransformsRequest.php(21): Illuminate\\Pipeline\\Pipeline->Illuminate\\Pipeline\\{closure}(Object(Illuminate\\Http\\Request))
#22 C:\\laragon\\www\\api\\vendor\\laravel\\framework\\src\\Illuminate\\Foundation\\Http\\Middleware\\ConvertEmptyStringsToNull.php(31): Illuminate\\Foundation\\Http\\Middleware\\TransformsRequest->handle(Object(Illuminate\\Http\\Request), Object(Closure))
#23 C:\\laragon\\www\\api\\vendor\\laravel\\framework\\src\\Illuminate\\Pipeline\\Pipeline.php(219): Illuminate\\Foundation\\Http\\Middleware\\ConvertEmptyStringsToNull->handle(Object(Illuminate\\Http\\Request), Object(Closure))
#24 C:\\laragon\\www\\api\\vendor\\laravel\\framework\\src\\Illuminate\\Foundation\\Http\\Middleware\\TransformsRequest.php(21): Illuminate\\Pipeline\\Pipeline->Illuminate\\Pipeline\\{closure}(Object(Illuminate\\Http\\Request))
#25 C:\\laragon\\www\\api\\vendor\\laravel\\framework\\src\\Illuminate\\Foundation\\Http\\Middleware\\TrimStrings.php(51): Illuminate\\Foundation\\Http\\Middleware\\TransformsRequest->handle(Object(Illuminate\\Http\\Request), Object(Closure))
#26 C:\\laragon\\www\\api\\vendor\\laravel\\framework\\src\\Illuminate\\Pipeline\\Pipeline.php(219): Illuminate\\Foundation\\Http\\Middleware\\TrimStrings->handle(Object(Illuminate\\Http\\Request), Object(Closure))
#27 C:\\laragon\\www\\api\\vendor\\laravel\\framework\\src\\Illuminate\\Http\\Middleware\\ValidatePostSize.php(27): Illuminate\\Pipeline\\Pipeline->Illuminate\\Pipeline\\{closure}(Object(Illuminate\\Http\\Request))
#28 C:\\laragon\\www\\api\\vendor\\laravel\\framework\\src\\Illuminate\\Pipeline\\Pipeline.php(219): Illuminate\\Http\\Middleware\\ValidatePostSize->handle(Object(Illuminate\\Http\\Request), Object(Closure))
#29 C:\\laragon\\www\\api\\vendor\\laravel\\framework\\src\\Illuminate\\Foundation\\Http\\Middleware\\PreventRequestsDuringMaintenance.php(109): Illuminate\\Pipeline\\Pipeline->Illuminate\\Pipeline\\{closure}(Object(Illuminate\\Http\\Request))
#30 C:\\laragon\\www\\api\\vendor\\laravel\\framework\\src\\Illuminate\\Pipeline\\Pipeline.php(219): Illuminate\\Foundation\\Http\\Middleware\\PreventRequestsDuringMaintenance->handle(Object(Illuminate\\Http\\Request), Object(Closure))
#31 C:\\laragon\\www\\api\\vendor\\laravel\\framework\\src\\Illuminate\\Http\\Middleware\\HandleCors.php(48): Illuminate\\Pipeline\\Pipeline->Illuminate\\Pipeline\\{closure}(Object(Illuminate\\Http\\Request))
#32 C:\\laragon\\www\\api\\vendor\\laravel\\framework\\src\\Illuminate\\Pipeline\\Pipeline.php(219): Illuminate\\Http\\Middleware\\HandleCors->handle(Object(Illuminate\\Http\\Request), Object(Closure))
#33 C:\\laragon\\www\\api\\vendor\\laravel\\framework\\src\\Illuminate\\Http\\Middleware\\TrustProxies.php(58): Illuminate\\Pipeline\\Pipeline->Illuminate\\Pipeline\\{closure}(Object(Illuminate\\Http\\Request))
#34 C:\\laragon\\www\\api\\vendor\\laravel\\framework\\src\\Illuminate\\Pipeline\\Pipeline.php(219): Illuminate\\Http\\Middleware\\TrustProxies->handle(Object(Illuminate\\Http\\Request), Object(Closure))
#35 C:\\laragon\\www\\api\\vendor\\laravel\\framework\\src\\Illuminate\\Foundation\\Http\\Middleware\\InvokeDeferredCallbacks.php(22): Illuminate\\Pipeline\\Pipeline->Illuminate\\Pipeline\\{closure}(Object(Illuminate\\Http\\Request))
#36 C:\\laragon\\www\\api\\vendor\\laravel\\framework\\src\\Illuminate\\Pipeline\\Pipeline.php(219): Illuminate\\Foundation\\Http\\Middleware\\InvokeDeferredCallbacks->handle(Object(Illuminate\\Http\\Request), Object(Closure))
#37 C:\\laragon\\www\\api\\vendor\\laravel\\framework\\src\\Illuminate\\Http\\Middleware\\ValidatePathEncoding.php(26): Illuminate\\Pipeline\\Pipeline->Illuminate\\Pipeline\\{closure}(Object(Illuminate\\Http\\Request))
#38 C:\\laragon\\www\\api\\vendor\\laravel\\framework\\src\\Illuminate\\Pipeline\\Pipeline.php(219): Illuminate\\Http\\Middleware\\ValidatePathEncoding->handle(Object(Illuminate\\Http\\Request), Object(Closure))
#39 C:\\laragon\\www\\api\\vendor\\laravel\\framework\\src\\Illuminate\\Pipeline\\Pipeline.php(137): Illuminate\\Pipeline\\Pipeline->Illuminate\\Pipeline\\{closure}(Object(Illuminate\\Http\\Request))
#40 C:\\laragon\\www\\api\\vendor\\laravel\\framework\\src\\Illuminate\\Foundation\\Http\\Kernel.php(175): Illuminate\\Pipeline\\Pipeline->then(Object(Closure))
#41 C:\\laragon\\www\\api\\vendor\\laravel\\framework\\src\\Illuminate\\Foundation\\Http\\Kernel.php(144): Illuminate\\Foundation\\Http\\Kernel->sendRequestThroughRouter(Object(Illuminate\\Http\\Request))
#42 C:\\laragon\\www\\api\\vendor\\laravel\\framework\\src\\Illuminate\\Foundation\\Application.php(1220): Illuminate\\Foundation\\Http\\Kernel->handle(Object(Illuminate\\Http\\Request))
#43 C:\\laragon\\www\\api\\public\\index.php(20): Illuminate\\Foundation\\Application->handleRequest(Object(Illuminate\\Http\\Request))
#44 {main}
"} 
[2026-09-24 04:17:15] local.ERROR: Target class [App\Http\Controllers\AdminController] does not exist. {"exception":"[object] (Illuminate\\Contracts\\Container\\BindingResolutionException(code: 0): Target class [App\\Http\\Controllers\\AdminController] does not exist. at C:\\laragon\\www\\api\\vendor\\laravel\\framework\\src\\Illuminate\\Container\\Container.php:1163)
[stacktrace]
#0 C:\\laragon\\www\\api\\vendor\\laravel\\framework\\src\\Illuminate\\Container\\Container.php(972): Illuminate\\Container\\Container->build('App\\\\Http\\\\Contro...')
#1 C:\\laragon\\www\\api\\vendor\\laravel\\framework\\src\\Illuminate\\Foundation\\Application.php(1078): Illuminate\\Container\\Container->resolve('App\\\\Http\\\\Contro...', Array, true)
#2 C:\\laragon\\www\\api\\vendor\\laravel\\framework\\src\\Illuminate\\Container\\Container.php(903): Illuminate\\Foundation\\Application->resolve('App\\\\Http\\\\Contro...', Array)
#3 C:\\laragon\\www\\api\\vendor\\laravel\\framework\\src\\Illuminate\\Foundation\\Application.php(1058): Illuminate\\Container\\Container->make('App\\\\Http\\\\Contro...', Array)
#4 C:\\laragon\\www\\api\\vendor\\laravel\\framework\\src\\Illuminate\\Routing\\Route.php(286): Illuminate\\Foundation\\Application->make('App\\\\Http\\\\Contro...')
#5 C:\\laragon\\www\\api\\vendor\\laravel\\framework\\src\\Illuminate\\Routing\\Route.php(266): Illuminate\\Routing\\Route->getController()
#6 C:\\laragon\\www\\api\\vendor\\laravel\\framework\\src\\Illuminate\\Routing\\Route.php(211): Illuminate\\Routing\\Route->runController()
#7 C:\\laragon\\www\\api\\vendor\\laravel\\framework\\src\\Illuminate\\Routing\\Router.php(822): Illuminate\\Routing\\Route->run()
#8 C:\\laragon\\www\\api\\vendor\\laravel\\framework\\src\\Illuminate\\Pipeline\\Pipeline.php(180): Illuminate\\Routing\\Router->Illuminate\\Routing\\{closure}(Object(Illuminate\\Http\\Request))
#9 C:\\laragon\\www\\api\\vendor\\laravel\\framework\\src\\Illuminate\\Routing\\Middleware\\SubstituteBindings.php(50): Illuminate\\Pipeline\\Pipeline->Illuminate\\Pipeline\\{closure}(Object(Illuminate\\Http\\Request))
#10 C:\\laragon\\www\\api\\vendor\\laravel\\framework\\src\\Illuminate\\Pipeline\\Pipeline.php(219): Illuminate\\Routing\\Middleware\\SubstituteBindings->handle(Object(Illuminate\\Http\\Request), Object(Closure))
#11 C:\\laragon\\www\\api\\vendor\\laravel\\framework\\src\\Illuminate\\Pipeline\\Pipeline.php(137): Illuminate\\Pipeline\\Pipeline->Illuminate\\Pipeline\\{closure}(Object(Illuminate\\Http\\Request))
#12 C:\\laragon\\www\\api\\vendor\\laravel\\framework\\src\\Illuminate\\Routing\\Router.php(821): Illuminate\\Pipeline\\Pipeline->then(Object(Closure))
#13 C:\\laragon\\www\\api\\vendor\\laravel\\framework\\src\\Illuminate\\Routing\\Router.php(800): Illuminate\\Routing\\Router->runRouteWithinStack(Object(Illuminate\\Routing\\Route), Object(Illuminate\\Http\\Request))
#14 C:\\laragon\\www\\api\\vendor\\laravel\\framework\\src\\Illuminate\\Routing\\Router.php(764): Illuminate\\Routing\\Router->runRoute(Object(Illuminate\\Http\\Request), Object(Illuminate\\Routing\\Route))
#15 C:\\laragon\\www\\api\\vendor\\laravel\\framework\\src\\Illuminate\\Routing\\Router.php(753): Illuminate\\Routing\\Router->dispatchToRoute(Object(Illuminate\\Http\\Request))
#16 C:\\laragon\\www\\api\\vendor\\laravel\\framework\\src\\Illuminate\\Foundation\\Http\\Kernel.php(200): Illuminate\\Routing\\Router->dispatch(Object(Illuminate\\Http\\Request))
#17 C:\\laragon\\www\\api\\vendor\\laravel\\framework\\src\\Illuminate\\Pipeline\\Pipeline.php(180): Illuminate\\Foundation\\Http\\Kernel->Illuminate\\Foundation\\Http\\{closure}(Object(Illuminate\\Http\\Request))
#18 C:\\laragon\\www\\api\\app\\Http\\Middleware\\HandleCors.php(20): Illuminate\\Pipeline\\Pipeline->Illuminate\\Pipeline\\{closure}(Object(Illuminate\\Http\\Request))
#19 C:\\laragon\\www\\api\\vendor\\laravel\\framework\\src\\Illuminate\\Pipeline\\Pipeline.php(219): App\\Http\\Middleware\\HandleCors->handle(Object(Illuminate\\Http\\Request), Object(Closure))
#20 C:\\laragon\\www\\api\\vendor\\laravel\\framework\\src\\Illuminate\\Foundation\\Http\\Middleware\\TransformsRequest.php(21): Illuminate\\Pipeline\\Pipeline->Illuminate\\Pipeline\\{closure}(Object(Illuminate\\Http\\Request))
#21 C:\\laragon\\www\\api\\vendor\\laravel\\framework\\src\\Illuminate\\Foundation\\Http\\Middleware\\ConvertEmptyStringsToNull.php(31): Illuminate\\Foundation\\Http\\Middleware\\TransformsRequest->handle(Object(Illuminate\\Http\\Request), Object(Closure))
#22 C:\\laragon\\www\\api\\vendor\\laravel\\framework\\src\\Illuminate\\Pipeline\\Pipeline.php(219): Illuminate\\Foundation\\Http\\Middleware\\ConvertEmptyStringsToNull->handle(Object(Illuminate\\Http\\Request), Object(Closure))
#23 C:\\laragon\\www\\api\\vendor\\laravel\\framework\\src\\Illuminate\\Foundation\\Http\\Middleware\\TransformsRequest.php(21): Illuminate\\Pipeline\\Pipeline->Illuminate\\Pipeline\\{closure}(Object(Illuminate\\Http\\Request))
#24 C:\\laragon\\www\\api\\vendor\\laravel\\framework\\src\\Illuminate\\Foundation\\Http\\Middleware\\TrimStrings.php(51): Illuminate\\Foundation\\Http\\Middleware\\TransformsRequest->handle(Object(Illuminate\\Http\\Request), Object(Closure))
#25 C:\\laragon\\www\\api\\vendor\\laravel\\framework\\src\\Illuminate\\Pipeline\\Pipeline.php(219): Illuminate\\Foundation\\Http\\Middleware\\TrimStrings->handle(Object(Illuminate\\Http\\Request), Object(Closure))
#26 C:\\laragon\\www\\api\\vendor\\laravel\\framework\\src\\Illuminate\\Http\\Middleware\\ValidatePostSize.php(27): Illuminate\\Pipeline\\Pipeline->Illuminate\\Pipeline\\{closure}(Object(Illuminate\\Http\\Request))
#27 C:\\laragon\\www\\api\\vendor\\laravel\\framework\\src\\Illuminate\\Pipeline\\Pipeline.php(219): Illuminate\\Http\\Middleware\\ValidatePostSize->handle(Object(Illuminate\\Http\\Request), Object(Closure))
#28 C:\\laragon\\www\\api\\vendor\\laravel\\framework\\src\\Illuminate\\Foundation\\Http\\Middleware\\PreventRequestsDuringMaintenance.php(109): Illuminate\\Pipeline\\Pipeline->Illuminate\\Pipeline\\{closure}(Object(Illuminate\\Http\\Request))
#29 C:\\laragon\\www\\api\\vendor\\laravel\\framework\\src\\Illuminate\\Pipeline\\Pipeline.php(219): Illuminate\\Foundation\\Http\\Middleware\\PreventRequestsDuringMaintenance->handle(Object(Illuminate\\Http\\Request), Object(Closure))
#30 C:\\laragon\\www\\api\\vendor\\laravel\\framework\\src\\Illuminate\\Http\\Middleware\\HandleCors.php(48): Illuminate\\Pipeline\\Pipeline->Illuminate\\Pipeline\\{closure}(Object(Illuminate\\Http\\Request))
#31 C:\\laragon\\www\\api\\vendor\\laravel\\framework\\src\\Illuminate\\Pipeline\\Pipeline.php(219): Illuminate\\Http\\Middleware\\HandleCors->handle(Object(Illuminate\\Http\\Request), Object(Closure))
#32 C:\\laragon\\www\\api\\vendor\\laravel\\framework\\src\\Illuminate\\Http\\Middleware\\TrustProxies.php(58): Illuminate\\Pipeline\\Pipeline->Illuminate\\Pipeline\\{closure}(Object(Illuminate\\Http\\Request))
#33 C:\\laragon\\www\\api\\vendor\\laravel\\framework\\src\\Illuminate\\Pipeline\\Pipeline.php(219): Illuminate\\Http\\Middleware\\TrustProxies->handle(Object(Illuminate\\Http\\Request), Object(Closure))
#34 C:\\laragon\\www\\api\\vendor\\laravel\\framework\\src\\Illuminate\\Foundation\\Http\\Middleware\\InvokeDeferredCallbacks.php(22): Illuminate\\Pipeline\\Pipeline->Illuminate\\Pipeline\\{closure}(Object(Illuminate\\Http\\Request))
#35 C:\\laragon\\www\\api\\vendor\\laravel\\framework\\src\\Illuminate\\Pipeline\\Pipeline.php(219): Illuminate\\Foundation\\Http\\Middleware\\InvokeDeferredCallbacks->handle(Object(Illuminate\\Http\\Request), Object(Closure))
#36 C:\\laragon\\www\\api\\vendor\\laravel\\framework\\src\\Illuminate\\Http\\Middleware\\ValidatePathEncoding.php(26): Illuminate\\Pipeline\\Pipeline->Illuminate\\Pipeline\\{closure}(Object(Illuminate\\Http\\Request))
#37 C:\\laragon\\www\\api\\vendor\\laravel\\framework\\src\\Illuminate\\Pipeline\\Pipeline.php(219): Illuminate\\Http\\Middleware\\ValidatePathEncoding->handle(Object(Illuminate\\Http\\Request), Object(Closure))
#38 C:\\laragon\\www\\api\\vendor\\laravel\\framework\\src\\Illuminate\\Pipeline\\Pipeline.php(137): Illuminate\\Pipeline\\Pipeline->Illuminate\\Pipeline\\{closure}(Object(Illuminate\\Http\\Request))
#39 C:\\laragon\\www\\api\\vendor\\laravel\\framework\\src\\Illuminate\\Foundation\\Http\\Kernel.php(175): Illuminate\\Pipeline\\Pipeline->then(Object(Closure))
#40 C:\\laragon\\www\\api\\vendor\\laravel\\framework\\src\\Illuminate\\Foundation\\Http\\Kernel.php(144): Illuminate\\Foundation\\Http\\Kernel->sendRequestThroughRouter(Object(Illuminate\\Http\\Request))
#41 C:\\laragon\\www\\api\\vendor\\laravel\\framework\\src\\Illuminate\\Foundation\\Application.php(1220): Illuminate\\Foundation\\Http\\Kernel->handle(Object(Illuminate\\Http\\Request))
#42 C:\\laragon\\www\\api\\public\\index.php(20): Illuminate\\Foundation\\Application->handleRequest(Object(Illuminate\\Http\\Request))
#43 {main}

[previous exception] [object] (ReflectionException(code: -1): Class \"App\\Http\\Controllers\\AdminController\" does not exist at C:\\laragon\\www\\api\\vendor\\laravel\\framework\\src\\Illuminate\\Container\\Container.php:1161)
[stacktrace]
#0 C:\\laragon\\www\\api\\vendor\\laravel\\framework\\src\\Illuminate\\Container\\Container.php(1161): ReflectionClass->__construct('App\\\\Http\\\\Contro...')
#1 C:\\laragon\\www\\api\\vendor\\laravel\\framework\\src\\Illuminate\\Container\\Container.php(972): Illuminate\\Container\\Container->build('App\\\\Http\\\\Contro...')
#2 C:\\laragon\\www\\api\\vendor\\laravel\\framework\\src\\Illuminate\\Foundation\\Application.php(1078): Illuminate\\Container\\Container->resolve('App\\\\Http\\\\Contro...', Array, true)
#3 C:\\laragon\\www\\api\\vendor\\laravel\\framework\\src\\Illuminate\\Container\\Container.php(903): Illuminate\\Foundation\\Application->resolve('App\\\\Http\\\\Contro...', Array)
#4 C:\\laragon\\www\\api\\vendor\\laravel\\framework\\src\\Illuminate\\Foundation\\Application.php(1058): Illuminate\\Container\\Container->make('App\\\\Http\\\\Contro...', Array)
#5 C:\\laragon\\www\\api\\vendor\\laravel\\framework\\src\\Illuminate\\Routing\\Route.php(286): Illuminate\\Foundation\\Application->make('App\\\\Http\\\\Contro...')
#6 C:\\laragon\\www\\api\\vendor\\laravel\\framework\\src\\Illuminate\\Routing\\Route.php(266): Illuminate\\Routing\\Route->getController()
#7 C:\\laragon\\www\\api\\vendor\\laravel\\framework\\src\\Illuminate\\Routing\\Route.php(211): Illuminate\\Routing\\Route->runController()
#8 C:\\laragon\\www\\api\\vendor\\laravel\\framework\\src\\Illuminate\\Routing\\Router.php(822): Illuminate\\Routing\\Route->run()
#9 C:\\laragon\\www\\api\\vendor\\laravel\\framework\\src\\Illuminate\\Pipeline\\Pipeline.php(180): Illuminate\\Routing\\Router->Illuminate\\Routing\\{closure}(Object(Illuminate\\Http\\Request))
#10 C:\\laragon\\www\\api\\vendor\\laravel\\framework\\src\\Illuminate\\Routing\\Middleware\\SubstituteBindings.php(50): Illuminate\\Pipeline\\Pipeline->Illuminate\\Pipeline\\{closure}(Object(Illuminate\\Http\\Request))
#11 C:\\laragon\\www\\api\\vendor\\laravel\\framework\\src\\Illuminate\\Pipeline\\Pipeline.php(219): Illuminate\\Routing\\Middleware\\SubstituteBindings->handle(Object(Illuminate\\Http\\Request), Object(Closure))
#12 C:\\laragon\\www\\api\\vendor\\laravel\\framework\\src\\Illuminate\\Pipeline\\Pipeline.php(137): Illuminate\\Pipeline\\Pipeline->Illuminate\\Pipeline\\{closure}(Object(Illuminate\\Http\\Request))
#13 C:\\laragon\\www\\api\\vendor\\laravel\\framework\\src\\Illuminate\\Routing\\Router.php(821): Illuminate\\Pipeline\\Pipeline->then(Object(Closure))
#14 C:\\laragon\\www\\api\\vendor\\laravel\\framework\\src\\Illuminate\\Routing\\Router.php(800): Illuminate\\Routing\\Router->runRouteWithinStack(Object(Illuminate\\Routing\\Route), Object(Illuminate\\Http\\Request))
#15 C:\\laragon\\www\\api\\vendor\\laravel\\framework\\src\\Illuminate\\Routing\\Router.php(764): Illuminate\\Routing\\Router->runRoute(Object(Illuminate\\Http\\Request), Object(Illuminate\\Routing\\Route))
#16 C:\\laragon\\www\\api\\vendor\\laravel\\framework\\src\\Illuminate\\Routing\\Router.php(753): Illuminate\\Routing\\Router->dispatchToRoute(Object(Illuminate\\Http\\Request))
#17 C:\\laragon\\www\\api\\vendor\\laravel\\framework\\src\\Illuminate\\Foundation\\Http\\Kernel.php(200): Illuminate\\Routing\\Router->dispatch(Object(Illuminate\\Http\\Request))
#18 C:\\laragon\\www\\api\\vendor\\laravel\\framework\\src\\Illuminate\\Pipeline\\Pipeline.php(180): Illuminate\\Foundation\\Http\\Kernel->Illuminate\\Foundation\\Http\\{closure}(Object(Illuminate\\Http\\Request))
#19 C:\\laragon\\www\\api\\app\\Http\\Middleware\\HandleCors.php(20): Illuminate\\Pipeline\\Pipeline->Illuminate\\Pipeline\\{closure}(Object(Illuminate\\Http\\Request))
#20 C:\\laragon\\www\\api\\vendor\\laravel\\framework\\src\\Illuminate\\Pipeline\\Pipeline.php(219): App\\Http\\Middleware\\HandleCors->handle(Object(Illuminate\\Http\\Request), Object(Closure))
#21 C:\\laragon\\www\\api\\vendor\\laravel\\framework\\src\\Illuminate\\Foundation\\Http\\Middleware\\TransformsRequest.php(21): Illuminate\\Pipeline\\Pipeline->Illuminate\\Pipeline\\{closure}(Object(Illuminate\\Http\\Request))
#22 C:\\laragon\\www\\api\\vendor\\laravel\\framework\\src\\Illuminate\\Foundation\\Http\\Middleware\\ConvertEmptyStringsToNull.php(31): Illuminate\\Foundation\\Http\\Middleware\\TransformsRequest->handle(Object(Illuminate\\Http\\Request), Object(Closure))
#23 C:\\laragon\\www\\api\\vendor\\laravel\\framework\\src\\Illuminate\\Pipeline\\Pipeline.php(219): Illuminate\\Foundation\\Http\\Middleware\\ConvertEmptyStringsToNull->handle(Object(Illuminate\\Http\\Request), Object(Closure))
#24 C:\\laragon\\www\\api\\vendor\\laravel\\framework\\src\\Illuminate\\Foundation\\Http\\Middleware\\TransformsRequest.php(21): Illuminate\\Pipeline\\Pipeline->Illuminate\\Pipeline\\{closure}(Object(Illuminate\\Http\\Request))
#25 C:\\laragon\\www\\api\\vendor\\laravel\\framework\\src\\Illuminate\\Foundation\\Http\\Middleware\\TrimStrings.php(51): Illuminate\\Foundation\\Http\\Middleware\\TransformsRequest->handle(Object(Illuminate\\Http\\Request), Object(Closure))
#26 C:\\laragon\\www\\api\\vendor\\laravel\\framework\\src\\Illuminate\\Pipeline\\Pipeline.php(219): Illuminate\\Foundation\\Http\\Middleware\\TrimStrings->handle(Object(Illuminate\\Http\\Request), Object(Closure))
#27 C:\\laragon\\www\\api\\vendor\\laravel\\framework\\src\\Illuminate\\Http\\Middleware\\ValidatePostSize.php(27): Illuminate\\Pipeline\\Pipeline->Illuminate\\Pipeline\\{closure}(Object(Illuminate\\Http\\Request))
#28 C:\\laragon\\www\\api\\vendor\\laravel\\framework\\src\\Illuminate\\Pipeline\\Pipeline.php(219): Illuminate\\Http\\Middleware\\ValidatePostSize->handle(Object(Illuminate\\Http\\Request), Object(Closure))
#29 C:\\laragon\\www\\api\\vendor\\laravel\\framework\\src\\Illuminate\\Foundation\\Http\\Middleware\\PreventRequestsDuringMaintenance.php(109): Illuminate\\Pipeline\\Pipeline->Illuminate\\Pipeline\\{closure}(Object(Illuminate\\Http\\Request))
#30 C:\\laragon\\www\\api\\vendor\\laravel\\framework\\src\\Illuminate\\Pipeline\\Pipeline.php(219): Illuminate\\Foundation\\Http\\Middleware\\PreventRequestsDuringMaintenance->handle(Object(Illuminate\\Http\\Request), Object(Closure))
#31 C:\\laragon\\www\\api\\vendor\\laravel\\framework\\src\\Illuminate\\Http\\Middleware\\HandleCors.php(48): Illuminate\\Pipeline\\Pipeline->Illuminate\\Pipeline\\{closure}(Object(Illuminate\\Http\\Request))
#32 C:\\laragon\\www\\api\\vendor\\laravel\\framework\\src\\Illuminate\\Pipeline\\Pipeline.php(219): Illuminate\\Http\\Middleware\\HandleCors->handle(Object(Illuminate\\Http\\Request), Object(Closure))
#33 C:\\laragon\\www\\api\\vendor\\laravel\\framework\\src\\Illuminate\\Http\\Middleware\\TrustProxies.php(58): Illuminate\\Pipeline\\Pipeline->Illuminate\\Pipeline\\{closure}(Object(Illuminate\\Http\\Request))
#34 C:\\laragon\\www\\api\\vendor\\laravel\\framework\\src\\Illuminate\\Pipeline\\Pipeline.php(219): Illuminate\\Http\\Middleware\\TrustProxies->handle(Object(Illuminate\\Http\\Request), Object(Closure))
#35 C:\\laragon\\www\\api\\vendor\\laravel\\framework\\src\\Illuminate\\Foundation\\Http\\Middleware\\InvokeDeferredCallbacks.php(22): Illuminate\\Pipeline\\Pipeline->Illuminate\\Pipeline\\{closure}(Object(Illuminate\\Http\\Request))
#36 C:\\laragon\\www\\api\\vendor\\laravel\\framework\\src\\Illuminate\\Pipeline\\Pipeline.php(219): Illuminate\\Foundation\\Http\\Middleware\\InvokeDeferredCallbacks->handle(Object(Illuminate\\Http\\Request), Object(Closure))
#37 C:\\laragon\\www\\api\\vendor\\laravel\\framework\\src\\Illuminate\\Http\\Middleware\\ValidatePathEncoding.php(26): Illuminate\\Pipeline\\Pipeline->Illuminate\\Pipeline\\{closure}(Object(Illuminate\\Http\\Request))
#38 C:\\laragon\\www\\api\\vendor\\laravel\\framework\\src\\Illuminate\\Pipeline\\Pipeline.php(219): Illuminate\\Http\\Middleware\\ValidatePathEncoding->handle(Object(Illuminate\\Http\\Request), Object(Closure))
#39 C:\\laragon\\www\\api\\vendor\\laravel\\framework\\src\\Illuminate\\Pipeline\\Pipeline.php(137): Illuminate\\Pipeline\\Pipeline->Illuminate\\Pipeline\\{closure}(Object(Illuminate\\Http\\Request))
#40 C:\\laragon\\www\\api\\vendor\\laravel\\framework\\src\\Illuminate\\Foundation\\Http\\Kernel.php(175): Illuminate\\Pipeline\\Pipeline->then(Object(Closure))
#41 C:\\laragon\\www\\api\\vendor\\laravel\\framework\\src\\Illuminate\\Foundation\\Http\\Kernel.php(144): Illuminate\\Foundation\\Http\\Kernel->sendRequestThroughRouter(Object(Illuminate\\Http\\Request))
#42 C:\\laragon\\www\\api\\vendor\\laravel\\framework\\src\\Illuminate\\Foundation\\Application.php(1220): Illuminate\\Foundation\\Http\\Kernel->handle(Object(Illuminate\\Http\\Request))
#43 C:\\laragon\\www\\api\\public\\index.php(20): Illuminate\\Foundation\\Application->handleRequest(Object(Illuminate\\Http\\Request))
#44 {main}
"} 
[2026-09-24 04:17:26] local.WARNING: Admin analytics: some player_stats rows were skipped {"orphaned_stats_rows":0,"plays_by_players_with_no_sex_set":22,"hint":"Orphaned rows have no matching player_info document (stale player_id) and cannot be attributed to a gender. A player whose sex is \"Prefer not to say\" also will not appear in a Male vs Female chart."} 
[2026-09-24 04:17:29] local.WARNING: Admin analytics: some player_stats rows were skipped {"orphaned_stats_rows":0,"plays_by_players_with_no_sex_set":22,"hint":"Orphaned rows have no matching player_info document (stale player_id) and cannot be attributed to a gender. A player whose sex is \"Prefer not to say\" also will not appear in a Male vs Female chart."} 
[2026-09-24 04:20:29] local.WARNING: Admin analytics: some player_stats rows were skipped {"orphaned_stats_rows":0,"plays_by_players_with_no_sex_set":22,"hint":"Orphaned rows have no matching player_info document (stale player_id) and cannot be attributed to a gender. A player whose sex is \"Prefer not to say\" also will not appear in a Male vs Female chart."} 
[2026-09-24 04:20:56] local.WARNING: Admin analytics: some player_stats rows were skipped {"orphaned_stats_rows":0,"plays_by_players_with_no_sex_set":22,"hint":"Orphaned rows have no matching player_info document (stale player_id) and cannot be attributed to a gender. A player whose sex is \"Prefer not to say\" also will not appear in a Male vs Female chart."} 
[2026-09-24 04:23:25] local.INFO: Fetching questions {"category":"Math","difficulty":"Easy","year_level":"ALL"} 
[2026-09-24 04:23:25] local.INFO: Questions found {"count":1208} 
[2026-09-24 04:23:25] local.INFO: Difficulty setting applied {"difficulty":"Easy","num_questions":10} 
[2026-09-24 04:25:46] local.INFO: === BATTLE RESULT REQUEST RECEIVED ===  
[2026-09-24 04:25:46] local.INFO: Request Data: {"player_id":"6ab21cb9fe20232daf001c72","category":"Math","difficulty_level":"Easy","player_score":35,"result":"won","battle_id":"NEAEAF","questions_answered":10,"correct_answers":5} 
[2026-09-24 04:25:46] local.INFO: ✅ Validation passed {"player_id":"6ab21cb9fe20232daf001c72","category":"Math","difficulty_level":"Easy","player_score":35,"result":"won","battle_id":"NEAEAF","questions_answered":10,"correct_answers":5} 
[2026-09-24 04:25:46] local.INFO: ✅ Battle result saved to battle collection  
[2026-09-24 04:25:46] local.INFO: ✅ Player stats incremented (atomic upsert) {"player_id":"6ab21cb9fe20232daf001c72","path":"battle_stats.math.easy"} 
[2026-09-24 04:25:46] local.INFO: 🏆 Player WON - awarding badge progress  
[2026-09-24 04:25:46] local.INFO: 🎯 Recording badge progress from battle {"player_id":"6ab21cb9fe20232daf001c72","difficulty":"easy"} 
[2026-09-24 04:25:46] local.INFO: 📊 Badge progress updated {"total_count":1,"current_in_set":1,"milestone_reached":false} 
[2026-09-24 04:25:46] local.INFO: Badge awarded result {"badge_awarded":{"difficulty":"Easy","progress":1,"remaining":2,"badge_unlocked":false,"message":"2 more battle wins needed for next badge"}} 
[2026-09-24 04:25:46] local.INFO: === BATTLE RESULT SAVED SUCCESSFULLY ===  
[2026-09-24 04:25:47] local.INFO: === BATTLE RESULT REQUEST RECEIVED ===  
[2026-09-24 04:25:47] local.INFO: Request Data: {"player_id":"6aaa2dccc09dd0e8550cb665","category":"Math","difficulty_level":"Easy","player_score":19,"result":"lost","battle_id":"NEAEAF","questions_answered":10,"correct_answers":3} 
[2026-09-24 04:25:47] local.INFO: ✅ Validation passed {"player_id":"6aaa2dccc09dd0e8550cb665","category":"Math","difficulty_level":"Easy","player_score":19,"result":"lost","battle_id":"NEAEAF","questions_answered":10,"correct_answers":3} 
[2026-09-24 04:25:47] local.INFO: ✅ Battle result saved to battle collection  
[2026-09-24 04:25:47] local.INFO: Skipping player_stats increment - no win to record {"player_id":"6aaa2dccc09dd0e8550cb665","game_type":"battle","result":"lost"} 
[2026-09-24 04:25:47] local.INFO: ℹ️ Player LOST - no badges awarded  
[2026-09-24 04:25:47] local.INFO: === BATTLE RESULT SAVED SUCCESSFULLY ===  
[2026-09-24 04:26:07] local.WARNING: Admin analytics: some player_stats rows were skipped {"orphaned_stats_rows":0,"plays_by_players_with_no_sex_set":23,"hint":"Orphaned rows have no matching player_info document (stale player_id) and cannot be attributed to a gender. A player whose sex is \"Prefer not to say\" also will not appear in a Male vs Female chart."} 
[2026-09-24 04:26:20] local.WARNING: Admin analytics: some player_stats rows were skipped {"orphaned_stats_rows":0,"plays_by_players_with_no_sex_set":13,"hint":"Orphaned rows have no matching player_info document (stale player_id) and cannot be attributed to a gender. A player whose sex is \"Prefer not to say\" also will not appear in a Male vs Female chart."} 
[2026-09-24 04:26:25] local.WARNING: Admin analytics: some player_stats rows were skipped {"orphaned_stats_rows":0,"plays_by_players_with_no_sex_set":13,"hint":"Orphaned rows have no matching player_info document (stale player_id) and cannot be attributed to a gender. A player whose sex is \"Prefer not to say\" also will not appear in a Male vs Female chart."} 
[2026-09-24 04:26:40] local.WARNING: Admin analytics: some player_stats rows were skipped {"orphaned_stats_rows":0,"plays_by_players_with_no_sex_set":13,"hint":"Orphaned rows have no matching player_info document (stale player_id) and cannot be attributed to a gender. A player whose sex is \"Prefer not to say\" also will not appear in a Male vs Female chart."} 
[2026-09-24 04:26:56] local.WARNING: Admin analytics: some player_stats rows were skipped {"orphaned_stats_rows":0,"plays_by_players_with_no_sex_set":13,"hint":"Orphaned rows have no matching player_info document (stale player_id) and cannot be attributed to a gender. A player whose sex is \"Prefer not to say\" also will not appear in a Male vs Female chart."} 
[2026-09-24 04:36:34] local.INFO: Reward requested by player 6ab21cb9fe20232daf001c72, difficulty: average  
[2026-09-24 04:43:35] local.WARNING: Admin analytics: some player_stats rows were skipped {"orphaned_stats_rows":0,"plays_by_players_with_no_sex_set":13,"hint":"Orphaned rows have no matching player_info document (stale player_id) and cannot be attributed to a gender. A player whose sex is \"Prefer not to say\" also will not appear in a Male vs Female chart."} 
[2026-09-24 04:46:31] local.WARNING: Admin analytics: some player_stats rows were skipped {"orphaned_stats_rows":0,"plays_by_players_with_no_sex_set":13,"hint":"Orphaned rows have no matching player_info document (stale player_id) and cannot be attributed to a gender. A player whose sex is \"Prefer not to say\" also will not appear in a Male vs Female chart."} 
[2026-09-24 04:47:18] local.WARNING: Admin analytics: some player_stats rows were skipped {"orphaned_stats_rows":0,"plays_by_players_with_no_sex_set":13,"hint":"Orphaned rows have no matching player_info document (stale player_id) and cannot be attributed to a gender. A player whose sex is \"Prefer not to say\" also will not appear in a Male vs Female chart."} 
[2026-09-24 04:47:22] local.WARNING: Admin analytics: some player_stats rows were skipped {"orphaned_stats_rows":0,"plays_by_players_with_no_sex_set":13,"hint":"Orphaned rows have no matching player_info document (stale player_id) and cannot be attributed to a gender. A player whose sex is \"Prefer not to say\" also will not appear in a Male vs Female chart."} 
[2026-09-24 04:48:32] local.WARNING: Admin analytics: some player_stats rows were skipped {"orphaned_stats_rows":0,"plays_by_players_with_no_sex_set":13,"hint":"Orphaned rows have no matching player_info document (stale player_id) and cannot be attributed to a gender. A player whose sex is \"Prefer not to say\" also will not appear in a Male vs Female chart."} 
[2026-09-24 04:48:54] local.WARNING: Admin analytics: some player_stats rows were skipped {"orphaned_stats_rows":0,"plays_by_players_with_no_sex_set":13,"hint":"Orphaned rows have no matching player_info document (stale player_id) and cannot be attributed to a gender. A player whose sex is \"Prefer not to say\" also will not appear in a Male vs Female chart."} 
[2026-09-24 04:48:55] local.WARNING: Admin analytics: some player_stats rows were skipped {"orphaned_stats_rows":0,"plays_by_players_with_no_sex_set":13,"hint":"Orphaned rows have no matching player_info document (stale player_id) and cannot be attributed to a gender. A player whose sex is \"Prefer not to say\" also will not appear in a Male vs Female chart."} 
[2026-09-24 04:48:56] local.WARNING: Admin analytics: some player_stats rows were skipped {"orphaned_stats_rows":0,"plays_by_players_with_no_sex_set":13,"hint":"Orphaned rows have no matching player_info document (stale player_id) and cannot be attributed to a gender. A player whose sex is \"Prefer not to say\" also will not appear in a Male vs Female chart."} 
[2026-09-24 04:48:57] local.WARNING: Admin analytics: some player_stats rows were skipped {"orphaned_stats_rows":0,"plays_by_players_with_no_sex_set":13,"hint":"Orphaned rows have no matching player_info document (stale player_id) and cannot be attributed to a gender. A player whose sex is \"Prefer not to say\" also will not appear in a Male vs Female chart."} 
[2026-09-24 04:48:59] local.WARNING: Admin analytics: some player_stats rows were skipped {"orphaned_stats_rows":0,"plays_by_players_with_no_sex_set":13,"hint":"Orphaned rows have no matching player_info document (stale player_id) and cannot be attributed to a gender. A player whose sex is \"Prefer not to say\" also will not appear in a Male vs Female chart."} 
[2026-09-24 04:49:21] local.WARNING: Admin analytics: some player_stats rows were skipped {"orphaned_stats_rows":0,"plays_by_players_with_no_sex_set":13,"hint":"Orphaned rows have no matching player_info document (stale player_id) and cannot be attributed to a gender. A player whose sex is \"Prefer not to say\" also will not appear in a Male vs Female chart."} 
[2026-09-24 04:49:30] local.WARNING: Admin analytics: some player_stats rows were skipped {"orphaned_stats_rows":0,"plays_by_players_with_no_sex_set":13,"hint":"Orphaned rows have no matching player_info document (stale player_id) and cannot be attributed to a gender. A player whose sex is \"Prefer not to say\" also will not appear in a Male vs Female chart."} 
[2026-09-24 05:02:52] local.INFO: Fetching questions {"category":"Science","difficulty":"Difficult","year_level":"ALL"} 
[2026-09-24 05:02:52] local.INFO: Questions found {"count":1498} 
[2026-09-24 05:02:52] local.INFO: Difficulty setting applied {"difficulty":"Difficult","num_questions":10} 
[2026-09-24 05:06:02] local.INFO: Challenge result saved {"player_id":"6ab21cb9fe20232daf001c72","correct_answers":1,"total_questions":10,"is_perfect":false} 
[2026-09-24 05:06:02] local.INFO: ✅ Player stats incremented (atomic upsert) {"player_id":"6ab21cb9fe20232daf001c72","path":"challenge_stats.science.difficult"} 
[2026-09-24 05:06:02] local.INFO: Player stats updated  
[2026-09-24 05:06:02] local.INFO: Not a perfect score — no badge awarded {"correct":1,"total":10} 
[2026-09-24 05:06:15] local.WARNING: Admin analytics: some player_stats rows were skipped {"orphaned_stats_rows":0,"plays_by_players_with_no_sex_set":13,"hint":"Orphaned rows have no matching player_info document (stale player_id) and cannot be attributed to a gender. A player whose sex is \"Prefer not to say\" also will not appear in a Male vs Female chart."} 
[2026-09-24 05:31:10] local.INFO: Fetching questions {"category":"Science","difficulty":"Easy","year_level":"ALL"} 
[2026-09-24 05:31:10] local.INFO: Questions found {"count":192} 
[2026-09-24 05:31:10] local.INFO: Difficulty setting applied {"difficulty":"Easy","num_questions":10} 
[2026-09-24 05:32:45] local.INFO: Fetching questions {"category":"Science","difficulty":"Easy","year_level":"ALL"} 
[2026-09-24 05:32:45] local.INFO: Questions found {"count":192} 
[2026-09-24 05:32:45] local.INFO: Difficulty setting applied {"difficulty":"Easy","num_questions":10} 
[2026-09-24 05:33:21] local.INFO: Fetching questions {"category":"Science","difficulty":"Easy","year_level":"ALL"} 
[2026-09-24 05:33:21] local.INFO: Questions found {"count":192} 
[2026-09-24 05:33:21] local.INFO: Difficulty setting applied {"difficulty":"Easy","num_questions":10} 
[2026-09-24 05:36:56] local.INFO: Fetching questions {"category":"Science","difficulty":"Easy","year_level":"ALL"} 
[2026-09-24 05:36:56] local.INFO: Questions found {"count":192} 
[2026-09-24 05:36:56] local.INFO: Difficulty setting applied {"difficulty":"Easy","num_questions":10} 
[2026-09-24 05:38:33] local.INFO: === BATTLE RESULT REQUEST RECEIVED ===  
[2026-09-24 05:38:33] local.INFO: Request Data: {"player_id":"6ab4b570839728ecad0b3454","category":"Science","difficulty_level":"Easy","player_score":51,"result":"lost","battle_id":"ODAY99","questions_answered":10,"correct_answers":5} 
[2026-09-24 05:38:33] local.INFO: ✅ Validation passed {"player_id":"6ab4b570839728ecad0b3454","category":"Science","difficulty_level":"Easy","player_score":51,"result":"lost","battle_id":"ODAY99","questions_answered":10,"correct_answers":5} 
[2026-09-24 05:38:33] local.INFO: ✅ Battle result saved to battle collection  
[2026-09-24 05:38:33] local.INFO: Skipping player_stats increment - no win to record {"player_id":"6ab4b570839728ecad0b3454","game_type":"battle","result":"lost"} 
[2026-09-24 05:38:33] local.INFO: ℹ️ Player LOST - no badges awarded  
[2026-09-24 05:38:33] local.INFO: === BATTLE RESULT SAVED SUCCESSFULLY ===  
[2026-09-24 05:38:34] local.INFO: === BATTLE RESULT REQUEST RECEIVED ===  
[2026-09-24 05:38:34] local.INFO: Request Data: {"player_id":"6ab4b51f839728ecad0b3453","category":"Science","difficulty_level":"Easy","player_score":61,"result":"won","battle_id":"ODAY99","questions_answered":10,"correct_answers":7} 
[2026-09-24 05:38:34] local.INFO: ✅ Validation passed {"player_id":"6ab4b51f839728ecad0b3453","category":"Science","difficulty_level":"Easy","player_score":61,"result":"won","battle_id":"ODAY99","questions_answered":10,"correct_answers":7} 
[2026-09-24 05:38:34] local.INFO: ✅ Battle result saved to battle collection  
[2026-09-24 05:38:34] local.INFO: ✅ Player stats incremented (atomic upsert) {"player_id":"6ab4b51f839728ecad0b3453","path":"battle_stats.science.easy"} 
[2026-09-24 05:38:34] local.INFO: 🏆 Player WON - awarding badge progress  
[2026-09-24 05:38:34] local.INFO: 🎯 Recording badge progress from battle {"player_id":"6ab4b51f839728ecad0b3453","difficulty":"easy"} 
[2026-09-24 05:38:34] local.INFO: 📊 Badge progress updated {"total_count":1,"current_in_set":1,"milestone_reached":false} 
[2026-09-24 05:38:34] local.INFO: Badge awarded result {"badge_awarded":{"difficulty":"Easy","progress":1,"remaining":2,"badge_unlocked":false,"message":"2 more battle wins needed for next badge"}} 
[2026-09-24 05:38:34] local.INFO: === BATTLE RESULT SAVED SUCCESSFULLY ===  
[2026-09-24 07:02:09] local.INFO: ✅ Player stats incremented (atomic upsert) {"player_id":"6ab4c15f839728ecad0b3458","path":"puzzle_stats.solar system.easy"} 
[2026-10-05 06:58:55] local.INFO: Fetching questions {"category":"Science","difficulty":"Easy","year_level":"ALL"} 
[2026-10-05 06:58:55] local.INFO: Questions found {"count":192} 
[2026-10-05 06:58:55] local.INFO: Difficulty setting applied {"difficulty":"Easy","num_questions":50} 
[2026-10-05 07:00:55] local.INFO: Fetching questions {"category":"Science","difficulty":"Easy","year_level":"ALL"} 
[2026-10-05 07:00:55] local.INFO: Questions found {"count":192} 
[2026-10-05 07:00:55] local.INFO: Difficulty setting applied {"difficulty":"Easy","num_questions":50} 
[2026-10-05 07:02:48] local.INFO: Fetching questions {"category":"Science","difficulty":"Easy","year_level":"ALL"} 
[2026-10-05 07:02:48] local.INFO: Questions found {"count":192} 
[2026-10-05 07:02:48] local.INFO: Difficulty setting applied {"difficulty":"Easy","num_questions":10} 
[2026-10-05 07:14:48] local.INFO: Fetching questions {"category":"Math","difficulty":"Easy","year_level":"ALL"} 
[2026-10-05 07:14:48] local.INFO: Questions found {"count":1208} 
[2026-10-05 07:14:48] local.INFO: Difficulty setting applied {"difficulty":"Easy","num_questions":10} 
